drug_id,drug_name,disease_id,generic_name,disease,drug_class,active_ingredient,description,side_effects,contraindications,warnings,major_interactions,source,language
metformin,Metformin,type_2_diabetes,metformin hydrochloride,Type 2 Diabetes,Biguanide,Metformin Hydrochloride,"Metformin is usually the first medicine doctors try for type 2 diabetes. It works by telling the liver to release less sugar into the blood, and it helps the body's cells respond better to insulin so they take in more sugar from the blood. On its own, it's very unlikely to make your blood sugar drop too low. (Source: FDA label; ICMR Diabetes Guidelines 2018)","Common: diarrhea, nausea, vomiting, gas, stomach discomfort, indigestion, headache, a metallic taste in the mouth. Taking it long-term can lower your vitamin B12 levels. Rare but serious: a dangerous buildup of acid in the blood called lactic acidosis. (Source: FDA DailyMed label; SIDER)","Avoid if you have poor kidney function, are in diabetic ketoacidosis (a dangerous high-sugar emergency), or are allergic to metformin. You'll need to stop it for a short time before and after a scan that uses injected contrast dye. (Source: FDA label)","IMPORTANT: Metformin carries a rare but potentially fatal risk of lactic acidosis (a dangerous acid buildup in the blood). This risk is higher if you have kidney or liver problems, heart failure, drink alcohol, or are 65 or older. Your doctor will usually stop this medicine before surgery or a contrast dye scan. (Source: FDA DailyMed boxed warning)","Certain seizure/glaucoma medicines (topiramate, acetazolamide) raise the risk of lactic acidosis. Alcohol also raises this risk. Contrast dye used in scans requires pausing metformin for about 48 hours before and after. Cimetidine (an acid-reflux medicine) can raise metformin levels in your blood. (Source: RxNav/DrugBank DDI)",FDA DailyMed; DrugBank DB00331; RxNorm CUI 41493; ICMR 2018,en
glipizide,Glipizide,type_2_diabetes,glipizide,Type 2 Diabetes,Sulfonylurea (2nd generation),Glipizide,"Glipizide helps a type 2 diabetic's pancreas release more insulin, which lowers blood sugar. It's usually added alongside diet and exercise changes. (Source: FDA label; DrugBank)","Most common: blood sugar dropping too low (hypoglycemia). Also nausea, diarrhea, constipation, dizziness, headache, skin rash, sun sensitivity, weight gain. Rare: blood disorders, liver problems, low sodium levels. (Source: FDA DailyMed label; SIDER)","Not for type 1 diabetes or diabetic ketoacidosis (a diabetes emergency). Avoid if allergic to glipizide or sulfa drugs, or if you have severe kidney or liver problems. Not recommended in pregnancy. (Source: FDA label)","The main risk is blood sugar dropping too low, which is more likely in elderly or frail patients, those with kidney/liver problems, irregular meals, hard exercise, or alcohol use. Some studies link this drug class to a higher risk of heart-related death. People with a G6PD enzyme deficiency can develop anemia from red blood cell breakdown. (Source: FDA DailyMed)","Antifungal medicines fluconazole and miconazole can push your blood sugar too low. So can NSAID painkillers, warfarin, and aspirin-type medicines. Beta-blockers (heart/BP medicines) can hide the warning signs of low blood sugar. Rifampin (an antibiotic) can make glipizide work less well. (Source: RxNav/DrugBank DDI)",FDA DailyMed; DrugBank DB01067; RxNorm CUI 4815,en
glimepiride,Glimepiride,type_2_diabetes,glimepiride,Type 2 Diabetes,Sulfonylurea (3rd generation),Glimepiride,"Glimepiride helps the pancreas release more insulin to lower blood sugar in type 2 diabetes. It carries a somewhat lower risk of blood sugar dropping too low compared with older similar drugs, and can be used alone or together with metformin or insulin. (Source: FDA label; DrugBank)","Blood sugar dropping too low, dizziness, headache, nausea, weakness, weight gain, skin reactions (itching, redness, hives). Rare: drops in white blood cells or platelets, and anemia from red blood cell breakdown. (Source: FDA label; SIDER)","Not for type 1 diabetes or diabetic ketoacidosis. Avoid if allergic to glimepiride or sulfa drugs, if you have severely reduced kidney function, or liver problems. (Source: FDA label)","Low blood sugar is the main risk, especially with skipped meals, kidney/liver problems, or in elderly patients. People with a G6PD enzyme deficiency can develop anemia. Some data links this drug class to a higher risk of heart-related death. (Source: FDA DailyMed)","Certain antifungal and cholesterol medicines (fluconazole, gemfibrozil) can raise glimepiride levels significantly. Blood-pressure medicines (ACE inhibitors) and aspirin-type medicines can push blood sugar lower. Steroids and water pills (thiazides) work against it, raising blood sugar. (Source: DrugBank; RxNav)",FDA DailyMed; DrugBank DB00222; RxNorm CUI 25789,en
sitagliptin,Sitagliptin,type_2_diabetes,sitagliptin phosphate,Type 2 Diabetes,DPP-4 Inhibitor (Gliptin),Sitagliptin Phosphate Monohydrate,"Sitagliptin (brand name Januvia) helps the body release more of its own insulin after meals and reduces a hormone that raises blood sugar — but only when blood sugar is actually high, so it rarely causes it to drop too low on its own. Used alone or added to other diabetes medicines. (Source: FDA label; DrugBank)","Common cold-like symptoms, sore throat, headache, urinary tract infections. Rare but serious: inflamed pancreas (pancreatitis), severe joint pain, a blistering skin reaction, or a serious allergic reaction. (Source: FDA DailyMed; SIDER)",Avoid if you've had a serious allergic reaction to sitagliptin. Use carefully if you've had pancreatitis before. Not for type 1 diabetes or diabetic ketoacidosis. (Source: FDA label),Stop the medicine and contact your doctor right away if you develop signs of pancreatitis (severe stomach pain). Some patients report severe joint pain. Use cautiously if you already have heart failure. People with reduced kidney function need a lower dose. (Source: FDA DailyMed),May slightly raise levels of digoxin (a heart medicine) — your doctor may want to monitor this. Combining with insulin or sulfonylurea diabetes drugs raises the risk of blood sugar dropping too low. No major interactions through liver enzyme pathways. (Source: FDA label; RxNav),FDA DailyMed; DrugBank DB01261; RxNorm CUI 593411,en
empagliflozin,Empagliflozin,type_2_diabetes,empagliflozin,Type 2 Diabetes,SGLT-2 Inhibitor,Empagliflozin,"Empagliflozin (brand name Jardiance) works in the kidneys, making the body pass out extra sugar in urine instead of absorbing it back into the blood. It also has proven benefits for the heart and kidneys in people with type 2 diabetes. (Source: FDA label; DrugBank)","Urinary tract infections, genital yeast infections, needing to urinate more often, cold-like symptoms, high cholesterol, nausea. Rare but serious: diabetic ketoacidosis (even with only mildly high blood sugar), a rare but severe genital infection called Fournier's gangrene, and a possible increased risk of lower-leg amputation. (Source: FDA DailyMed; SIDER)","Not for people with significantly reduced kidney function, dialysis patients, or those with a serious allergy to empagliflozin. Not for type 1 diabetes. (Source: FDA label)","Can trigger diabetic ketoacidosis even when blood sugar looks nearly normal — your doctor may pause it before surgery. Watch for sudden pain or swelling around the genitals or between the legs, which could signal the rare Fournier's gangrene infection — seek care immediately. Can cause dehydration/low blood pressure, especially with water pills or in older adults. Report any foot or leg wounds promptly. (Source: FDA DailyMed)",Combining with insulin or other insulin-boosting diabetes drugs raises the risk of blood sugar dropping too low — your dose may need adjusting. Water pills (diuretics) combined with this can increase dehydration and low blood pressure risk. The antibiotic rifampin and similar drugs may make it work less well. (Source: FDA label; DrugBank),FDA DailyMed; DrugBank DB09038; RxNorm CUI 1373463,en
pioglitazone,Pioglitazone,type_2_diabetes,pioglitazone hydrochloride,Type 2 Diabetes,Thiazolidinedione (TZD / Glitazone),Pioglitazone Hydrochloride,"Pioglitazone (brand name Actos) makes the body's tissues and liver more sensitive to insulin, helping lower blood sugar without pushing the pancreas to release more insulin. (Source: FDA label; DrugBank)","Weight gain, fluid swelling, cold-like symptoms, headache, sinus infection. Serious: fluid buildup that can worsen or trigger heart failure, bone fractures (especially in women), vision changes from fluid behind the eye, and a possible increased risk of bladder cancer with long-term use. (Source: FDA DailyMed; SIDER)","Not for people with moderate-to-severe heart failure, active or past bladder cancer, or a known allergy to pioglitazone. Not for type 1 diabetes. (Source: FDA label)","IMPORTANT: Can cause or worsen heart failure by causing fluid retention — watch for swelling, sudden weight gain, or shortness of breath. Do not use if you currently have bladder cancer. Women taking this long-term have a higher risk of bone fractures. Get regular eye checks, since it can affect vision. (Source: FDA DailyMed boxed warning)",Gemfibrozil (a cholesterol medicine) significantly raises pioglitazone levels — the dose is usually limited to 15 mg/day if combined. The antibiotic rifampin makes it less effective. Combining with insulin raises the risk of fluid retention and heart failure. (Source: FDA label; DrugBank),FDA DailyMed; DrugBank DB01132; RxNorm CUI 33738,en
insulin-glargine,Insulin Glargine,type_2_diabetes,insulin glargine,Type 2 Diabetes,Long-acting Basal Insulin Analog,Insulin Glargine (rDNA origin),"Insulin glargine (brand names Lantus, Basaglar) is a long-acting, man-made insulin. One injection under the skin lasts about 24 hours with a fairly steady effect, giving background blood-sugar control for both type 1 and type 2 diabetes. (Source: FDA label; DrugBank)","Blood sugar dropping too low is the most common and most serious effect. Also injection-site reactions (pain, redness, swelling, or skin changes), weight gain, fluid swelling, low potassium levels, and allergic reactions. (Source: FDA DailyMed; SIDER)","Don't use if you're allergic to insulin glargine or its ingredients, or if you're currently experiencing low blood sugar. Not for injection into a vein. (Source: FDA label)","Low blood sugar is the biggest risk and can be life-threatening if severe — know the warning signs (shakiness, sweating, confusion). Never mix this insulin with other insulins in the same syringe. If you're at risk of low potassium, your levels should be checked. Any change to your insulin routine should be made carefully and with medical guidance. (Source: FDA DailyMed)","Beta-blockers (heart/BP medicines) can hide the warning signs of low blood sugar and slow recovery from it. Certain blood pressure medicines, aspirin-type drugs, and some antidepressants can make insulin work more strongly, raising the risk of blood sugar dropping too low. Steroids, water pills, and some psychiatric medicines work against it, raising blood sugar. (Source: FDA label; RxNav)",FDA DailyMed; DrugBank DB00047; RxNorm CUI 274783,en
dapagliflozin,Dapagliflozin,type_2_diabetes,dapagliflozin,Type 2 Diabetes,SGLT-2 Inhibitor,Dapagliflozin Propanediol,"Dapagliflozin (brand names Farxiga/Forxiga) makes the kidneys release more sugar into the urine instead of reabsorbing it, lowering blood sugar. It's also approved to help certain types of heart failure and chronic kidney disease, even in people who don't have diabetes. (Source: FDA label; DrugBank)","Genital yeast infections (more common in women), urinary tract infections, cold-like symptoms, back pain, needing to urinate more often, nausea, high cholesterol. Rare: diabetic ketoacidosis, the rare severe genital infection Fournier's gangrene, and severe urinary infections. (Source: FDA DailyMed; SIDER)","Not for people with severely reduced kidney function, end-stage kidney disease, dialysis patients, or type 1 diabetes (for blood-sugar use). Avoid if allergic to dapagliflozin. (Source: FDA label)","Can trigger diabetic ketoacidosis even when blood sugar looks close to normal. Can cause dehydration or low blood pressure, especially in older adults or those on water pills. Seek immediate care for sudden pain, swelling, or redness around the genitals, which could be the rare but serious Fournier's gangrene infection. Report any signs of a severe urinary infection (fever, back pain). (Source: FDA DailyMed)","Combining with insulin or sulfonylurea diabetes drugs raises the risk of blood sugar dropping too low. Water pills combined with this can worsen dehydration. Certain other medicines (like mefenamic acid, a painkiller) may raise dapagliflozin levels. (Source: FDA label; DrugBank)",FDA DailyMed; DrugBank DB06292; RxNorm CUI 1488564,en
vildagliptin,Vildagliptin,type_2_diabetes,vildagliptin,Type 2 Diabetes,DPP-4 Inhibitor (Gliptin),Vildagliptin,"Vildagliptin (brand name Galvus) is a commonly used diabetes medicine in India and Europe that helps the body release more of its own insulin after meals and lowers a hormone that raises blood sugar, without pushing blood sugar too low on its own. Often added on top of metformin. (Source: DrugBank; CDSCO)","Cold-like symptoms, headache, dizziness, fluid swelling, nausea. Can raise liver enzyme levels, so liver function needs monitoring. Rare: inflamed pancreas, severe skin reactions, upper respiratory infections. (Source: DrugBank; EMA label)","Not for people with significant liver problems, severe kidney impairment (unless the dose is adjusted), a known allergy to vildagliptin, type 1 diabetes, or diabetic ketoacidosis. (Source: EMA label; DrugBank)","Your doctor should check your liver function before starting and periodically during treatment, and stop the medicine if liver problems develop. Contact your doctor if you develop severe stomach pain, which could signal pancreatitis. (Source: EMA SmPC; DrugBank DB04876)",Combining with insulin or sulfonylurea diabetes drugs may need a lower dose of those drugs to avoid blood sugar dropping too low. ACE inhibitor blood-pressure medicines have been linked to a higher risk of swelling reactions (angioedema) when combined. No major liver-enzyme-based drug interactions. (Source: DrugBank; EMA label),DrugBank DB04876; EMA SmPC; CDSCO approved list; RxNorm CUI 414864,en
acarbose,Acarbose,type_2_diabetes,acarbose,Type 2 Diabetes,Alpha-Glucosidase Inhibitor,Acarbose,"Acarbose (brand names Glucobay, Precose) slows down how quickly the gut breaks down and absorbs carbohydrates from food, which reduces how much blood sugar rises after meals. This can be especially useful with the high-carbohydrate diets common in India. (Source: FDA label; ICMR Diabetes Guidelines)","Very common: gas, stomach pain, diarrhea, and bloating — these are related to the dose and usually ease over time. Rare: raised liver enzymes, liver problems with high doses, bowel blockage. (Source: FDA DailyMed; SIDER)","Not for people with inflammatory bowel disease, bowel ulcers, partial bowel blockage, chronic digestive disorders, cirrhosis, significantly reduced kidney function, or type 1 diabetes. (Source: FDA label)","To reduce stomach side effects, doctors usually start at a low dose (25 mg) and increase it slowly. If your blood sugar drops too low while on this medicine combined with insulin or a sulfonylurea, you must treat it with pure glucose, not regular table sugar, since acarbose blocks the enzyme that breaks down table sugar. Liver enzymes should be checked periodically. (Source: FDA DailyMed)",Digestive enzyme supplements (like amylase or pancreatin) make acarbose less effective — avoid combining them. Activated charcoal also reduces its effect. It may lower the absorption of digoxin (a heart medicine). (Source: FDA label; DrugBank),FDA DailyMed; DrugBank DB00284; RxNorm CUI 16681; ICMR 2018,en
amlodipine,Amlodipine,hypertension,amlodipine besylate,Hypertension,Calcium Channel Blocker (Dihydropyridine),Amlodipine Besylate,"Amlodipine (brand name Norvasc) relaxes and widens blood vessels by blocking calcium from entering the muscle cells in vessel walls, which lowers blood pressure. It's also used for chest pain (angina) and is one of the most commonly prescribed first-choice blood pressure medicines in India. (Source: FDA label; ICMR Hypertension Guidelines)","Most common: swelling in the ankles/feet, flushing, headache, dizziness, a racing heartbeat, tiredness, drowsiness, nausea. Rare: gum swelling, liver problems, a significant drop in blood pressure. (Source: FDA DailyMed; SIDER)",Avoid if you're allergic to amlodipine or similar calcium-channel blockers. Use with caution if you have severe narrowing of the aortic heart valve. (Source: FDA label),"Blood pressure can drop too much, especially if you have severe aortic valve narrowing. Chest pain or a heart attack can occasionally worsen right when starting this type of medicine, particularly in people with significant blocked heart arteries. Ankle swelling may require a dose change. (Source: FDA DailyMed)","Certain antifungal and antibiotic medicines (ketoconazole, ritonavir, clarithromycin) can raise amlodipine levels significantly — blood pressure should be monitored. Rifampin (an antibiotic) makes it less effective. If you take simvastatin (a cholesterol medicine), your dose should be limited to 20 mg/day. Levels of cyclosporine and tacrolimus (organ transplant medicines) may rise. (Source: FDA label; RxNav)",FDA DailyMed; DrugBank DB00381; RxNorm CUI 17767; ICMR HTN Guidelines,en
losartan,Losartan,hypertension,losartan potassium,Hypertension,Angiotensin II Receptor Blocker (ARB),Losartan Potassium,"Losartan (brand name Cozaar) blocks the action of a hormone (angiotensin II) that narrows blood vessels and raises blood pressure. It also helps protect the kidneys in people with diabetes-related kidney damage, and is often chosen for people who develop a dry cough on ACE-inhibitor blood pressure medicines. (Source: FDA label; DrugBank)","Dizziness, cold-like symptoms, stuffy nose, back pain, tiredness, high potassium levels, and a rise in a kidney blood marker (creatinine). Rare: a swelling allergic reaction (angioedema, less common than with ACE inhibitors), low blood pressure, kidney problems. (Source: FDA DailyMed; SIDER)",Do not use during pregnancy at any stage — it can seriously harm the baby. Avoid combining with aliskiren (another blood pressure medicine) if you have diabetes or reduced kidney function. Avoid if allergic to losartan. (Source: FDA label),"IMPORTANT: Can seriously harm an unborn baby — stop immediately and tell your doctor if you become pregnant. Can cause low blood pressure if you're dehydrated or on a low-salt diet. Kidney function and potassium levels should be checked periodically, especially if you also take NSAID painkillers. (Source: FDA DailyMed boxed warning)",Combining with aliskiren is not recommended if you have diabetes or kidney problems. Potassium supplements or potassium-sparing water pills can push potassium too high. NSAID painkillers reduce its blood-pressure-lowering effect and can strain the kidneys. It can raise lithium levels to a toxic degree. (Source: FDA label; RxNav),FDA DailyMed; DrugBank DB00678; RxNorm CUI 203160,en
enalapril,Enalapril,hypertension,enalapril maleate,Hypertension,ACE Inhibitor,Enalapril Maleate,"Enalapril (brand name Vasotec) is converted by the liver into its active form, which blocks an enzyme (ACE) involved in narrowing blood vessels. This relaxes blood vessels and lowers blood pressure, and it's also used for heart failure. (Source: FDA label; DrugBank)","A dry, persistent cough is very common (about 1 in 5 to 1 in 10 people). Also dizziness, headache, tiredness, high potassium, and a rise in kidney blood markers. Rare but serious: a swelling allergic reaction (angioedema) that can be life-threatening, and low white blood cell counts in people with kidney problems. (Source: FDA DailyMed; SIDER)","Avoid during pregnancy. Do not use if you've ever had swelling reactions (angioedema) from an ACE-inhibitor medicine, or a hereditary swelling condition. Avoid combining with aliskiren if you have diabetes or kidney problems, and don't combine with sacubitril/valsartan without a 36-hour gap between them. (Source: FDA label)","IMPORTANT: Can seriously harm an unborn baby — stop immediately if you become pregnant. Watch for sudden swelling of the face, lips, tongue, or throat (angioedema), which needs emergency care. Blood pressure can drop noticeably after the first dose, especially if you're dehydrated. Kidney function and potassium should be checked regularly. (Source: FDA DailyMed)",Combining with aliskiren is not recommended in diabetes or kidney disease. Potassium-sparing water pills or potassium supplements can raise potassium to dangerous levels. NSAID painkillers reduce its effect and can strain the kidneys. It can raise lithium levels. (Source: FDA label; RxNav),FDA DailyMed; DrugBank DB00584; RxNorm CUI 3827,en
telmisartan,Telmisartan,hypertension,telmisartan,Hypertension,Angiotensin II Receptor Blocker (ARB),Telmisartan,"Telmisartan (brand name Micardis) blocks the hormone that narrows blood vessels, and lasts longer in the body than most similar drugs (about 24 hours), giving steady blood pressure control with one dose a day. It may also modestly help the body respond better to insulin, and is often used in people who cough on ACE-inhibitor medicines. (Source: FDA label; DrugBank)","Cold-like symptoms, back pain, sinus problems, diarrhea, dizziness, high potassium, urinary tract infections. Rare: swelling allergic reaction, low blood pressure, raised liver enzymes. (Source: FDA DailyMed; SIDER)",Avoid during pregnancy. Avoid if allergic to telmisartan. Avoid combining with aliskiren if you have diabetes or reduced kidney function. (Source: FDA label),"IMPORTANT: Can seriously harm an unborn baby — stop immediately if you become pregnant. Blood pressure can drop if you're dehydrated or on a low-salt diet. Can worsen kidney function, especially combined with NSAID painkillers. Potassium levels should be monitored. (Source: FDA DailyMed)",Raises blood levels of digoxin (a heart medicine) — this needs monitoring. Can increase lithium toxicity. Combining with ramipril (another blood-pressure medicine acting on the same system) isn't recommended. NSAID painkillers reduce its effect and add kidney risk. (Source: FDA label; DrugBank),FDA DailyMed; DrugBank DB00966; RxNorm CUI 73494,en
hydrochlorothiazide,Hydrochlorothiazide,hypertension,hydrochlorothiazide,Hypertension,Thiazide Diuretic,Hydrochlorothiazide,"Hydrochlorothiazide (often called HCTZ) is a water pill (diuretic) that makes the kidneys pass out more salt and water, which lowers blood pressure — first by reducing fluid volume, and over time by relaxing blood vessels. It's often combined with other blood pressure medicines. (Source: FDA label; DrugBank)","Can lower potassium, sodium, and magnesium levels, and raise uric acid, blood sugar, and cholesterol. Also sun sensitivity, dizziness, headache, lightheadedness on standing, and reduced sexual function. Rare: pancreas inflammation, blood disorders, severe skin reactions. (Source: FDA DailyMed; SIDER)","Not for people who produce no urine, are allergic to hydrochlorothiazide or sulfa drugs, or have significant kidney failure. (Source: FDA label)","Salt and mineral levels in the blood (especially potassium and sodium) should be checked regularly. Can make diabetes harder to control. Can trigger gout by raising uric acid. Long-term use raises the risk of skin cancer with excess sun exposure, so use sun protection. (Source: FDA DailyMed; EMA)","Significantly raises the risk of lithium toxicity if taken together. NSAID painkillers reduce its water-pill and blood-pressure effects. Can raise blood sugar, working against diabetes medicines. Steroids add to potassium loss. Low potassium from this medicine can make digoxin (a heart medicine) more likely to cause problems. (Source: FDA label; RxNav)",FDA DailyMed; DrugBank DB00999; RxNorm CUI 5487,en
atenolol,Atenolol,hypertension,atenolol,Hypertension,Beta-1 Selective Adrenergic Blocker,Atenolol,"Atenolol (brand name Tenormin) is a beta-blocker that mainly targets receptors in the heart, slowing the heart rate and reducing how hard it pumps, which lowers blood pressure. It's widely used in India and has less effect on the lungs than older beta-blockers. (Source: FDA label; DrugBank)","Slow heart rate, tiredness, dizziness, low mood, cold hands/feet, sleep problems, reduced sexual function, shortness of breath. In people prone to it, can trigger airway tightening (bronchospasm). Can hide the fast heartbeat that normally warns of low blood sugar. (Source: FDA DailyMed; SIDER)","Not for people with a very slow heart rate, significant heart block, cardiogenic shock, or overt heart failure. Avoid if allergic to atenolol. Use cautiously in asthma or COPD despite being more heart-selective than older beta-blockers. (Source: FDA label)","Do not stop this medicine suddenly — this can trigger worsening chest pain, a heart attack, or an abnormal heart rhythm; your doctor will taper it down over 1–2 weeks. In people with diabetes, it can hide the warning signs of low blood sugar. Can worsen poor circulation in the arms/legs. (Source: FDA DailyMed)","Combining with certain blood-pressure medicines (verapamil, diltiazem) can cause a dangerously slow heart rate or heart block. If you're also on clonidine, stopping it while still on this drug can cause a sharp rebound rise in blood pressure. Combined with insulin or diabetes tablets, it can prolong and hide low blood sugar. NSAID painkillers reduce its blood-pressure-lowering effect. (Source: FDA label; RxNav)",FDA DailyMed; DrugBank DB00335; RxNorm CUI 1202,en
ramipril,Ramipril,hypertension,ramipril,Hypertension,ACE Inhibitor,Ramipril,"Ramipril (brand name Altace) is converted by the body into its active form, which blocks the ACE enzyme involved in narrowing blood vessels, lowering blood pressure. Large trials have shown it reduces heart attacks, strokes, and cardiovascular deaths in high-risk patients, and it's widely prescribed in India. (Source: FDA label; DrugBank)","Dry cough (about 1 in 10), dizziness, headache, tiredness, high potassium, and rising kidney blood markers. Rare but serious: a swelling allergic reaction, low blood pressure, low white blood cell counts, kidney failure. (Source: FDA DailyMed; SIDER)","Avoid during pregnancy. Do not use if you've had a swelling reaction to an ACE-inhibitor before, or a hereditary swelling condition. Avoid combining with aliskiren if you have diabetes or an eGFR (kidney function score) below 60. Avoid combining with sacubitril/valsartan without a 36-hour gap. (Source: FDA label)","IMPORTANT: Can seriously harm an unborn baby — stop immediately if you become pregnant. Watch for sudden swelling of the face, lips, tongue, or throat, which can be life-threatening and occurs more often in Black patients. Blood pressure can drop noticeably with the first dose, especially if dehydrated. Kidney function and potassium should be monitored. (Source: FDA DailyMed)",Combining with aliskiren is not recommended in diabetes or kidney disease. Potassium-sparing water pills can cause dangerously high potassium. NSAID painkillers reduce its effect and add kidney strain. It can raise lithium levels. (Source: FDA label; RxNav),FDA DailyMed; DrugBank DB00178; RxNorm CUI 35208,en
chlorthalidone,Chlorthalidone,hypertension,chlorthalidone,Hypertension,Thiazide-like Diuretic,Chlorthalidone,"Chlorthalidone (brand name Hygroton) is a water pill similar to hydrochlorothiazide but longer-acting (its effect lasts 40–60 hours), giving steadier blood pressure control. Large studies have favored it over HCTZ for reducing heart-related events. (Source: FDA label; JNC 8; DrugBank)","Can lower potassium and sodium, raise uric acid and blood sugar, and raise triglycerides (a type of blood fat). Also sun sensitivity, lightheadedness on standing, muscle cramps, reduced sexual function. Rare: pancreas inflammation, severe blood or skin reactions. (Source: FDA DailyMed; SIDER)","Not for people who produce no urine, have significant kidney failure, or are allergic to chlorthalidone or sulfa-related drugs. (Source: FDA label)",Low potassium is the main risk — your doctor may recommend a supplement. Can make blood sugar control harder in diabetics. Can trigger gout attacks by raising uric acid. Watch for unusual sun sensitivity. (Source: FDA DailyMed),Raises the risk of lithium toxicity. Low potassium caused by this medicine can make digoxin (a heart medicine) more likely to cause an irregular heartbeat. NSAID painkillers reduce its diuretic and blood-pressure effects. Steroids and amphotericin B add to potassium loss. (Source: FDA label; DrugBank),FDA DailyMed; DrugBank DB00310; RxNorm CUI 2409,en
carvedilol,Carvedilol,hypertension,carvedilol,Hypertension,Non-selective Beta-blocker with Alpha-1 Blocking Activity,Carvedilol,"Carvedilol (brand name Coreg) is a beta-blocker that also relaxes blood vessels directly, giving it a dual blood-pressure-lowering effect. It's used for high blood pressure, heart failure with a weakened pumping heart, and after a heart attack. (Source: FDA label; DrugBank)","Dizziness, tiredness, low blood pressure, weight gain, slow heart rate, diarrhea, swelling, higher blood sugar in diabetics, blurred vision. Rare: serious liver injury, low platelet counts. (Source: FDA DailyMed; SIDER)","Not for people with asthma or related breathing conditions, significant heart block without a pacemaker, sick sinus syndrome without a pacemaker, decompensated heart failure, severe liver problems, or an allergy to carvedilol. (Source: FDA label)","Do not stop suddenly — your doctor will taper the dose down over 1–2 weeks. Can hide the warning signs of low blood sugar. Tell your anesthesiologist you're taking this before any surgery. Heart failure can temporarily worsen when first starting this medicine, so doses are increased slowly. Stop if signs of liver problems appear. (Source: FDA DailyMed)","Combining with verapamil or diltiazem (other heart/BP medicines) can cause a dangerously slow heart rate — this combination is usually avoided. It raises digoxin levels by about 15%, so monitoring is needed. Combined with insulin or diabetes tablets, it can strengthen and hide low blood sugar. Certain antidepressants (fluoxetine, paroxetine) can raise carvedilol levels. (Source: FDA label; RxNav)",FDA DailyMed; DrugBank DB02703; RxNorm CUI 20352,en
clonidine,Clonidine,hypertension,clonidine hydrochloride,Hypertension,Central Alpha-2 Adrenergic Agonist,Clonidine Hydrochloride,"Clonidine (brand name Catapres) works in the brain to reduce nerve signals that raise heart rate and constrict blood vessels, lowering both. It's used for hard-to-control high blood pressure, sudden severe high blood pressure, and sometimes alongside other blood pressure medicines. (Source: FDA label; DrugBank)","Dry mouth is very common. Also drowsiness, dizziness, constipation, sedation, headache, tiredness, and a sharp rebound rise in blood pressure if stopped suddenly. Rare: heart rhythm changes, liver test changes, low mood. (Source: FDA DailyMed; SIDER)","Avoid if allergic to clonidine. The epidural (spinal injection) form should not be used in people with bleeding disorders or on blood thinners, due to injection-site bleeding risk. (Source: FDA label)","CRITICAL: Do not stop this medicine suddenly — doing so can cause a rapid, severe rise in blood pressure along with nervousness and agitation. It must be tapered off gradually. It can cause drowsiness, so be careful driving or operating machinery. If you're having surgery, this medicine is usually continued through the procedure to avoid a rebound spike. (Source: FDA DailyMed)","If you're on a beta-blocker and stop clonidine abruptly, this can cause a severe rebound rise in blood pressure — clonidine must be tapered off first, then the beta-blocker. Certain antidepressants (tricyclics) can reduce its blood-pressure-lowering effect. Alcohol and sedating medicines add to drowsiness. (Source: FDA label; RxNav)",FDA DailyMed; DrugBank DB00575; RxNorm CUI 2599,en
ibuprofen,Ibuprofen,arthritis,ibuprofen,Arthritis,NSAID (Non-selective COX Inhibitor),Ibuprofen,"Ibuprofen is a common pain and anti-inflammatory medicine (an NSAID) that reduces pain, fever, and swelling by blocking certain body chemicals (prostaglandins). Used for arthritis and general aches and pains. (Source: FDA label; DrugBank)","Stomach-related: nausea, indigestion, stomach pain, and — with regular use — stomach bleeding or ulcers. Heart-related: a higher risk of heart attack and stroke with regular use. Kidney-related: fluid retention, swelling, and rarely sudden kidney injury. Also headache, dizziness, rash. Rare: liver problems, brain lining inflammation, severe skin reactions. (Source: FDA DailyMed; SIDER)","Avoid if you currently have stomach bleeding or an ulcer, or if you're allergic to ibuprofen or aspirin-type medicines (including asthma triggered by these). Not to be used for pain right after heart bypass surgery. Avoid with significant kidney or liver problems, or in the last three months of pregnancy. (Source: FDA label)","IMPORTANT: Regular use raises the risk of heart attack and stroke, and this risk increases with higher doses and longer use — never use it around heart bypass surgery. Can cause serious stomach problems, including bleeding, ulcers, and (rarely) a hole in the stomach wall, sometimes without warning symptoms. Can harm the kidneys. Avoid in late pregnancy, as it can harm the baby. (Source: FDA DailyMed boxed warning)","If you take low-dose aspirin to protect your heart, taking ibuprofen too close to it can block aspirin's protective effect — take aspirin at least 2 hours before ibuprofen. It increases bleeding risk with warfarin (a blood thinner). It can reduce the effect of blood pressure medicines (ACE inhibitors/ARBs) and stress the kidneys. It raises lithium levels. It significantly increases the toxicity risk of methotrexate. (Source: FDA label; RxNav)",FDA DailyMed; DrugBank DB01050; RxNorm CUI 5640,en
diclofenac,Diclofenac,arthritis,diclofenac sodium,Arthritis,NSAID (Phenylacetic Acid Derivative),Diclofenac Sodium,"Diclofenac (brand name Voltaren) is a widely used NSAID pain and anti-inflammatory medicine, available as tablets, gel, or injection, commonly prescribed in India for arthritis. (Source: FDA label; CDSCO approved)","Stomach-related: nausea, stomach pain, indigestion, diarrhea, and possible stomach bleeding. Liver-related: raised liver enzymes are common, and, less often, more serious liver injury. Heart-related: a higher risk of heart attack and stroke. Also fluid retention and kidney strain. Rare: severe skin reactions. (Source: FDA DailyMed; SIDER)","Avoid with active stomach bleeding or ulcers, an allergy to NSAIDs/aspirin (including NSAID-triggered asthma), right after heart bypass surgery, severe liver or kidney problems (specifically a GFR kidney score under 15), late pregnancy, or heart failure (for tablet forms). (Source: FDA label)","IMPORTANT: Raises the risk of heart attack and stroke. Can cause serious stomach bleeding or ulcers. Of the common NSAIDs, this one is more often linked to noticeable liver problems — your doctor may check liver function. Can strain the kidneys. Even the gel form carries some of the same heart and stomach risks as the tablets, just at a lower level. (Source: FDA DailyMed boxed warning)",Increases bleeding risk with warfarin and other blood thinners — INR blood tests should be monitored closely. Can raise methotrexate levels to a potentially dangerous degree. Increases kidney-related side effects of cyclosporine. May raise digoxin levels. Reduces the effectiveness of blood pressure medicines (ACE inhibitors/ARBs) and can trigger sudden kidney problems. (Source: FDA label; DrugBank),FDA DailyMed; DrugBank DB00586; RxNorm CUI 3355; CDSCO,en
naproxen,Naproxen,arthritis,naproxen sodium,Arthritis,NSAID (Propionic Acid Derivative),Naproxen Sodium,"Naproxen (brand names Aleve, Naprosyn) is a long-acting NSAID pain and anti-inflammatory medicine that lasts long enough for twice-daily dosing. Research suggests it may carry a somewhat lower heart risk than some other NSAIDs. Used for arthritis and related joint conditions. (Source: FDA label; DrugBank)","Nausea, indigestion, stomach pain, heartburn, and possible stomach bleeding. Fluid retention, swelling, raised blood pressure. Headache, dizziness. Ringing in the ears at high doses. Rare: liver problems, kidney damage, severe skin reactions. (Source: FDA DailyMed; SIDER)","Avoid if you have NSAID/aspirin-triggered asthma, active stomach bleeding or ulcers, right after heart bypass surgery, severe kidney or liver problems, or in late pregnancy. (Source: FDA label)","IMPORTANT: Can raise the risk of heart attack and stroke, and can cause serious stomach bleeding, ulcers, or a hole in the stomach wall. Can harm an unborn baby if taken in late pregnancy. Long-term use can damage the kidneys. Your doctor may want you to stop it before surgery if possible. (Source: FDA DailyMed boxed warning)",Increases bleeding risk with warfarin — INR should be monitored closely. Reduces the effect of blood pressure medicines (ACE inhibitors/ARBs) and can strain the kidneys. Raises methotrexate levels and toxicity risk. Probenecid (a gout medicine) raises naproxen levels. Can raise lithium to toxic levels. (Source: FDA label; RxNav),FDA DailyMed; DrugBank DB00788; RxNorm CUI 7052,en
methotrexate,Methotrexate,arthritis,methotrexate,Arthritis,Disease-Modifying Antirheumatic Drug (DMARD) / Folate Antagonist,Methotrexate,Methotrexate is the main long-term medicine used to control rheumatoid arthritis. It works by slowing down the immune system's overactive response that causes joint inflammation. It's taken once a week (not daily) and is considered the standard first choice for this condition. (Source: FDA label; DrugBank; ACR Guidelines),"Common (often reduced by taking folic acid alongside it): nausea, vomiting, mouth sores, tiredness. Serious: liver scarring with long-term use, lung inflammation, and a drop in blood cell counts. Can cause serious birth defects if taken during pregnancy. (Source: FDA DailyMed; SIDER)","Never use during pregnancy or while breastfeeding. Avoid with alcohol dependence or ongoing liver disease, weakened immune systems, existing blood disorders, an allergy to methotrexate, or significantly reduced kidney function. (Source: FDA label)",IMPORTANT — MULTIPLE SERIOUS RISKS: this medicine can seriously harm an unborn baby; can cause lung damage; can severely lower blood cell counts; can cause serious stomach/gut problems; can damage the liver over time (scarring); has been linked to certain cancers; and can cause severe skin reactions and serious infections. CRITICAL: this is a WEEKLY medicine — accidentally taking it daily can be fatal. Always double-check your dosing schedule with your doctor or pharmacist. (Source: FDA DailyMed boxed warning),"NSAID painkillers (ibuprofen, diclofenac) reduce how well the kidneys clear methotrexate, which can cause potentially fatal toxicity — this combination is usually avoided or closely monitored. Certain antibiotics (trimethoprim/sulfamethoxazole) add to its toxic effects and should be avoided. Penicillin-type antibiotics slow its clearance. Acid-reflux medicines (proton pump inhibitors) may raise its levels. Alcohol increases liver damage risk. (Source: FDA label; RxNav; DrugBank)",FDA DailyMed; DrugBank DB00563; RxNorm CUI 7413; ACR RA Guidelines,en
hydroxychloroquine,Hydroxychloroquine,arthritis,hydroxychloroquine sulfate,Arthritis,DMARD / Antimalarial,Hydroxychloroquine Sulfate,"Hydroxychloroquine (brand name Plaquenil) is originally an anti-malaria medicine that also calms an overactive immune system, and is used for rheumatoid arthritis and lupus. It tends to have a gentler effect on the heart and metabolism than many other arthritis medicines. (Source: FDA label; DrugBank)","Nausea, vomiting, diarrhea, stomach cramps, headache, dizziness, skin rash. Eye-related: with long-term use, it can cause irreversible damage to the retina (the light-sensing part of the eye), which is dose-dependent. Rare: heart muscle problems, heart rhythm changes, nerve damage, drug-triggered lupus. (Source: FDA DailyMed; SIDER)","Avoid if allergic to hydroxychloroquine or related anti-malaria medicines, or if you already have retina (eye) disease or vision-field changes caused by this type of drug. (Source: FDA label)","The most important long-term risk is irreversible damage to the retina — you'll need an eye exam before starting, and yearly eye checks after 5 years of use (sooner if you have other risk factors). It can affect the heart's electrical rhythm, especially combined with other heart-rhythm-affecting medicines. People with a G6PD enzyme deficiency have a higher risk of anemia from red blood cell breakdown. (Source: FDA DailyMed)","Combining with other medicines that affect heart rhythm (certain antibiotics like azithromycin and fluoroquinolones, and anti-arrhythmia drugs) can add up to a dangerous, potentially fatal heart rhythm problem. It can raise digoxin (a heart medicine) levels. It can strengthen the blood-sugar-lowering effect of diabetes medicines. It can raise cyclosporine levels. (Source: FDA label; DrugBank)",FDA DailyMed; DrugBank DB01611; RxNorm CUI 5521,en
celecoxib,Celecoxib,arthritis,celecoxib,Arthritis,NSAID (Selective COX-2 Inhibitor),Celecoxib,"Celecoxib (brand name Celebrex) is an NSAID pain and anti-inflammatory medicine designed to be gentler on the stomach than older NSAIDs, while still relieving pain and swelling. Used for osteoarthritis, rheumatoid arthritis, ankylosing spondylitis, and short-term pain. (Source: FDA label; DrugBank)","Stomach pain, indigestion, diarrhea, nausea, headache, dizziness, fluid swelling, raised blood pressure, cold-like symptoms. Rare but serious: heart attack, stroke, serious stomach problems, severe skin reactions, liver problems. (Source: FDA DailyMed; SIDER)","Avoid if you're allergic to sulfa-related medicines (this drug contains a sulfa-related component), have NSAID/aspirin-triggered asthma, are having pain relief right after heart bypass surgery, have active stomach bleeding, are in the last three months of pregnancy, or have severe liver problems. (Source: FDA label)","IMPORTANT: Raises the risk of heart attack and stroke, and this risk grows with higher doses and longer use — never use right after heart bypass surgery. Serious stomach problems (including bleeding) can still occur, even though it's gentler on the stomach than older NSAIDs. Can affect the liver. Avoid from 30 weeks of pregnancy onward, as it can harm the baby. (Source: FDA DailyMed boxed warning)",Can increase the blood-thinning effect of warfarin — INR should be monitored. Reduces the effectiveness of blood pressure medicines (ACE inhibitors/ARBs). Raises lithium levels by about 17%. Fluconazole (an antifungal medicine) roughly doubles celecoxib levels — a lower starting dose is used together. Raises methotrexate toxicity risk. (Source: FDA label; RxNav),FDA DailyMed; DrugBank DB00482; RxNorm CUI 140587,en
sulfasalazine,Sulfasalazine,arthritis,sulfasalazine,Arthritis,DMARD / Aminosalicylate,Sulfasalazine,"Sulfasalazine (brand name Azulfidine) is used long-term to control rheumatoid arthritis and certain related joint conditions, working by calming an overactive immune response. (Source: FDA label; ACR Guidelines)","Nausea, vomiting, loss of appetite, headache, dizziness, skin rash, and a temporary, harmless drop in sperm count that reverses after stopping. It can turn urine and skin an orange-yellow color, which is harmless. Serious: severe drops in blood cell counts, liver problems, severe skin reactions, and serious allergic reactions. (Source: FDA DailyMed; SIDER)","Avoid if allergic to sulfasalazine, aspirin-type medicines, or sulfa drugs, or if you have a bowel or urinary blockage, the blood disorder porphyria, or (for bowel disease use) are an infant under 2. (Source: FDA label)","This medicine can, rarely, cause severe and sometimes fatal drops in blood cell counts — regular blood tests are needed to catch this early. Liver function should also be monitored. Stop immediately and seek care if you develop a severe skin reaction (blistering or peeling skin). Reduced sperm count in men reverses once the medicine is stopped. (Source: FDA DailyMed)","Combined with methotrexate (another arthritis medicine), the risk of side effects from both increases — regular blood and liver tests are needed. It reduces absorption of digoxin (a heart medicine) by about 25%. It blocks absorption of folic acid, so a folic acid supplement is usually needed. It can strengthen the effect of blood thinners like warfarin. (Source: FDA label; DrugBank)",FDA DailyMed; DrugBank DB00795; RxNorm CUI 9524,en
prednisolone,Prednisolone,arthritis,prednisolone,Arthritis,Corticosteroid (Glucocorticoid),Prednisolone,"Prednisolone is a strong steroid medicine that quickly calms inflammation throughout the body. It's often used as a short-term ""bridge"" while slower-acting arthritis medicines start working, or for sudden flare-ups, and is widely used in India for many inflammatory conditions. (Source: FDA label; DrugBank; ICMR)","Short-term: trouble sleeping, mood changes, increased appetite, raised blood sugar, raised blood pressure. Long-term: a rounded ""moon face"" and weight changes (Cushing's syndrome), weakened bones, the body's own steroid production shutting down, higher infection risk, cataracts, glaucoma, stomach ulcers, muscle weakness, and slowed growth in children. (Source: FDA DailyMed; SIDER)","Avoid with active fungal infections throughout the body, or if allergic to prednisolone. Use cautiously with active stomach bleeding, poorly controlled diabetes, or active tuberculosis (only with TB treatment covering it at the same time). (Source: FDA label)","This medicine weakens the immune system, raising the risk of serious or even fatal infections. Never stop it suddenly after taking it for a while — your body's own steroid production needs time to recover, so your doctor will taper the dose down gradually. Long-term use weakens bones, so your doctor may recommend a bone-protecting medicine. Blood sugar, blood pressure, and bone health should be monitored regularly. (Source: FDA DailyMed)","Combined with NSAID painkillers, the risk of stomach ulcers and bleeding increases — a stomach-protecting medicine is often added. It works against diabetes medicines, raising blood sugar. Live vaccines should not be given while on immune-suppressing steroid doses. The antibiotic rifampin makes prednisolone less effective. It can cause unpredictable changes in warfarin's blood-thinning effect, so INR needs monitoring. (Source: FDA label; RxNav)",FDA DailyMed; DrugBank DB00860; RxNorm CUI 8638; ICMR,en
leflunomide,Leflunomide,arthritis,leflunomide,Arthritis,DMARD / Pyrimidine Synthesis Inhibitor,Leflunomide,Leflunomide (brand name Arava) calms the overactive immune cells that drive rheumatoid arthritis by blocking a process those cells need to multiply. Used alone or together with methotrexate. (Source: FDA label; DrugBank; ACR Guidelines),"Most common: diarrhea. Also nausea, hair thinning (which reverses), rash, raised liver enzymes, headache, raised blood pressure. Serious: liver damage (including rare fatal liver failure), harm to an unborn baby, lowered blood cell counts, nerve damage in the hands/feet, and serious infections. (Source: FDA DailyMed; SIDER)","Never use during pregnancy — it can cause serious birth defects — or while breastfeeding. Avoid with severe liver problems, a severely weakened immune system, certain bone marrow conditions, or serious active infections. If you plan to become pregnant, a special ""washout"" procedure is needed first to clear the drug from your body. (Source: FDA label)","IMPORTANT: Can cause serious birth defects — women who might become pregnant need a two-year drug-clearing (""washout"") procedure with another medicine (cholestyramine) if pregnancy is planned sooner. Can cause serious, sometimes fatal, liver damage — liver blood tests are checked monthly for the first 6 months, then every 6–8 weeks. Also raises the risk of serious infections and certain cancers. (Source: FDA DailyMed boxed warning)",Combining with methotrexate significantly raises the risk of liver damage — liver tests need close monitoring. It increases the blood-thinning effect of warfarin — INR should be watched closely. It should not be combined with teriflunomide (a related medicine). Cholestyramine or activated charcoal can be used to help clear the drug from the body faster if needed. (Source: FDA label; DrugBank),FDA DailyMed; DrugBank DB01097; RxNorm CUI 161; ACR Guidelines,en
colchicine,Colchicine,arthritis,colchicine,Arthritis,Gout and Crystal Arthropathy Agent / Anti-inflammatory,Colchicine,"Colchicine (brand name Colcrys) calms the intense inflammation of a gout attack by stopping certain white blood cells from rushing to the site of crystal buildup in joints. Used to treat and prevent gout attacks, for a rare inherited fever condition, and sometimes for inflammation around the heart. (Source: FDA label; DrugBank)","Diarrhea is common and often the sign to reduce the dose. Also nausea, vomiting, stomach pain. Can cause muscle damage (especially combined with certain cholesterol medicines or cyclosporine). Can suppress bone marrow, causing very low blood cell counts if overdosed or with kidney problems. Long-term use can cause hair thinning. (Source: FDA DailyMed; SIDER)",Do not combine with certain strong antibiotics or antifungals (like cyclosporine or clarithromycin) if you also have kidney or liver problems — this combination can be fatal. Avoid if allergic to colchicine. (Source: FDA label),"Taking too much, or combining it with certain other medicines, can be fatal. It can severely suppress bone marrow, causing dangerously low blood cell counts. It can also damage muscles (causing pain, weakness, or muscle breakdown), especially in people with kidney problems or those also taking statins — muscle-related blood tests may be checked. (Source: FDA DailyMed)","Certain strong antibiotics and antifungals (clarithromycin, ketoconazole) and the HIV medicine ritonavir dramatically raise colchicine levels, which can be fatal — the dose is usually reduced or the combination avoided. Cyclosporine and ranolazine also raise colchicine levels. Cholesterol medicines called statins add to the risk of muscle damage. It can raise digoxin levels. (Source: FDA label; RxNav)",FDA DailyMed; DrugBank DB01394; RxNorm CUI 2683,en
metformin,Metformin,type_2_diabetes,ಮೆಟ್‌ಫಾರ್ಮಿನ್ ಹೈಡ್ರೋಕ್ಲೋರೈಡ್,ಟೈಪ್ 2 ಮಧುಮೇಹ,ಬಿಗ್ವಾನೈಡ್,ಮೆಟ್‌ಫಾರ್ಮಿನ್ ಹೈಡ್ರೋಕ್ಲೋರೈಡ್,"ಮೆಟ್‌ಫಾರ್ಮಿನ್ ಸಾಮಾನ್ಯವಾಗಿ ಟೈಪ್ 2 ಮಧುಮೇಹಕ್ಕೆ ವೈದ್ಯರು ಪ್ರಯತ್ನಿಸುವ ಮೊದಲ ಔಷಧಿಯಾಗಿದೆ. ರಕ್ತದಲ್ಲಿ ಕಡಿಮೆ ಸಕ್ಕರೆಯನ್ನು ಬಿಡುಗಡೆ ಮಾಡಲು ಯಕೃತ್ತಿಗೆ ಹೇಳುವ ಮೂಲಕ ಇದು ಕಾರ್ಯನಿರ್ವಹಿಸುತ್ತದೆ ಮತ್ತು ದೇಹದ ಜೀವಕೋಶಗಳು ಇನ್ಸುಲಿನ್‌ಗೆ ಉತ್ತಮವಾಗಿ ಪ್ರತಿಕ್ರಿಯಿಸಲು ಸಹಾಯ ಮಾಡುತ್ತದೆ ಆದ್ದರಿಂದ ಅವು ರಕ್ತದಿಂದ ಹೆಚ್ಚು ಸಕ್ಕರೆಯನ್ನು ತೆಗೆದುಕೊಳ್ಳುತ್ತವೆ. ತನ್ನದೇ ಆದ ಮೇಲೆ, ನಿಮ್ಮ ರಕ್ತದಲ್ಲಿನ ಸಕ್ಕರೆಯನ್ನು ತುಂಬಾ ಕಡಿಮೆ ಮಾಡಲು ಇದು ತುಂಬಾ ಅಸಂಭವವಾಗಿದೆ. (ಮೂಲ: FDA ಲೇಬಲ್; ICMR ಮಧುಮೇಹ ಮಾರ್ಗಸೂಚಿಗಳು 2018)","ಸಾಮಾನ್ಯ: ಅತಿಸಾರ, ವಾಕರಿಕೆ, ವಾಂತಿ, ಗ್ಯಾಸ್, ಹೊಟ್ಟೆಯ ಅಸ್ವಸ್ಥತೆ, ಅಜೀರ್ಣ, ತಲೆನೋವು, ಬಾಯಿಯಲ್ಲಿ ಲೋಹೀಯ ರುಚಿ. ಇದನ್ನು ದೀರ್ಘಕಾಲದವರೆಗೆ ಸೇವಿಸುವುದರಿಂದ ನಿಮ್ಮ ವಿಟಮಿನ್ ಬಿ 12 ಮಟ್ಟವನ್ನು ಕಡಿಮೆ ಮಾಡಬಹುದು. ಅಪರೂಪದ ಆದರೆ ಗಂಭೀರ: ಲ್ಯಾಕ್ಟಿಕ್ ಆಸಿಡೋಸಿಸ್ ಎಂದು ಕರೆಯಲ್ಪಡುವ ರಕ್ತದಲ್ಲಿ ಆಮ್ಲದ ಅಪಾಯಕಾರಿ ಶೇಖರಣೆ. (ಮೂಲ: FDA ಡೈಲಿಮೆಡ್ ಲೇಬಲ್; SIDER)","ನೀವು ಕಳಪೆ ಮೂತ್ರಪಿಂಡದ ಕಾರ್ಯವನ್ನು ಹೊಂದಿದ್ದರೆ, ಡಯಾಬಿಟಿಕ್ ಕೀಟೋಆಸಿಡೋಸಿಸ್ (ಅಪಾಯಕಾರಿ ಅಧಿಕ ಸಕ್ಕರೆ ತುರ್ತು) ಅಥವಾ ಮೆಟ್‌ಫಾರ್ಮಿನ್‌ಗೆ ಅಲರ್ಜಿಯನ್ನು ಹೊಂದಿದ್ದರೆ ತಪ್ಪಿಸಿ. ಇಂಜೆಕ್ಟ್ ಮಾಡಿದ ಕಾಂಟ್ರಾಸ್ಟ್ ಡೈ ಅನ್ನು ಬಳಸುವ ಸ್ಕ್ಯಾನ್ ಮಾಡುವ ಮೊದಲು ಮತ್ತು ನಂತರ ನೀವು ಅದನ್ನು ಸ್ವಲ್ಪ ಸಮಯದವರೆಗೆ ನಿಲ್ಲಿಸಬೇಕಾಗುತ್ತದೆ. (ಮೂಲ: FDA ಲೇಬಲ್)","ಪ್ರಮುಖ: ಮೆಟ್ಫಾರ್ಮಿನ್ ಲ್ಯಾಕ್ಟಿಕ್ ಆಸಿಡೋಸಿಸ್ನ ಅಪರೂಪದ ಆದರೆ ಸಂಭಾವ್ಯ ಮಾರಣಾಂತಿಕ ಅಪಾಯವನ್ನು ಹೊಂದಿದೆ (ರಕ್ತದಲ್ಲಿ ಅಪಾಯಕಾರಿ ಆಮ್ಲದ ಶೇಖರಣೆ). ನೀವು ಮೂತ್ರಪಿಂಡ ಅಥವಾ ಯಕೃತ್ತಿನ ಸಮಸ್ಯೆಗಳನ್ನು ಹೊಂದಿದ್ದರೆ, ಹೃದಯ ವೈಫಲ್ಯ, ಮದ್ಯಪಾನ, ಅಥವಾ 65 ಅಥವಾ ಅದಕ್ಕಿಂತ ಹೆಚ್ಚಿನ ವಯಸ್ಸಿನವರಾಗಿದ್ದರೆ ಈ ಅಪಾಯವು ಹೆಚ್ಚು. ನಿಮ್ಮ ವೈದ್ಯರು ಸಾಮಾನ್ಯವಾಗಿ ಈ ಔಷಧಿಯನ್ನು ಶಸ್ತ್ರಚಿಕಿತ್ಸೆ ಅಥವಾ ಕಾಂಟ್ರಾಸ್ಟ್ ಡೈ ಸ್ಕ್ಯಾನ್ ಮಾಡುವ ಮೊದಲು ನಿಲ್ಲಿಸುತ್ತಾರೆ. (ಮೂಲ: FDA DailyMed ಪೆಟ್ಟಿಗೆಯ ಎಚ್ಚರಿಕೆ)","ಕೆಲವು ರೋಗಗ್ರಸ್ತವಾಗುವಿಕೆ / ಗ್ಲುಕೋಮಾ ಔಷಧಗಳು (ಟೋಪಿರಾಮೇಟ್, ಅಸೆಟಾಜೋಲಾಮೈಡ್) ಲ್ಯಾಕ್ಟಿಕ್ ಆಸಿಡೋಸಿಸ್ ಅಪಾಯವನ್ನು ಹೆಚ್ಚಿಸುತ್ತವೆ. ಆಲ್ಕೋಹಾಲ್ ಕೂಡ ಈ ಅಪಾಯವನ್ನು ಹೆಚ್ಚಿಸುತ್ತದೆ. ಸ್ಕ್ಯಾನ್‌ಗಳಲ್ಲಿ ಬಳಸುವ ಕಾಂಟ್ರಾಸ್ಟ್ ಡೈಗೆ ಮೊದಲು ಮತ್ತು ನಂತರ ಸುಮಾರು 48 ಗಂಟೆಗಳ ಕಾಲ ಮೆಟ್‌ಫಾರ್ಮಿನ್ ಅನ್ನು ವಿರಾಮಗೊಳಿಸಬೇಕಾಗುತ್ತದೆ. ಸಿಮೆಟಿಡಿನ್ (ಆಸಿಡ್-ರಿಫ್ಲಕ್ಸ್ ಔಷಧಿ) ನಿಮ್ಮ ರಕ್ತದಲ್ಲಿ ಮೆಟ್ಫಾರ್ಮಿನ್ ಮಟ್ಟವನ್ನು ಹೆಚ್ಚಿಸಬಹುದು. (ಮೂಲ: RxNav/DrugBank DDI)",FDA DailyMed; DrugBank DB00331; ICMR 2018 — ಕನ್ನಡ,kn
glipizide,Glipizide,type_2_diabetes,ಗ್ಲಿಪಿಝೈಡ್,ಟೈಪ್ 2 ಮಧುಮೇಹ,ಸಲ್ಫೋನಿಲ್ಯುರಿಯಾ (2ನೇ ತಲೆಮಾರು),ಗ್ಲಿಪಿಝೈಡ್,"ಗ್ಲಿಪಿಜೈಡ್ ಟೈಪ್ 2 ಮಧುಮೇಹಿಗಳ ಮೇದೋಜ್ಜೀರಕ ಗ್ರಂಥಿಯು ಹೆಚ್ಚು ಇನ್ಸುಲಿನ್ ಅನ್ನು ಬಿಡುಗಡೆ ಮಾಡಲು ಸಹಾಯ ಮಾಡುತ್ತದೆ, ಇದು ರಕ್ತದಲ್ಲಿನ ಸಕ್ಕರೆಯನ್ನು ಕಡಿಮೆ ಮಾಡುತ್ತದೆ. ಇದನ್ನು ಸಾಮಾನ್ಯವಾಗಿ ಆಹಾರ ಮತ್ತು ವ್ಯಾಯಾಮದ ಬದಲಾವಣೆಗಳೊಂದಿಗೆ ಸೇರಿಸಲಾಗುತ್ತದೆ. (ಮೂಲ: FDA ಲೇಬಲ್; ಡ್ರಗ್‌ಬ್ಯಾಂಕ್)","ಅತ್ಯಂತ ಸಾಮಾನ್ಯ: ರಕ್ತದಲ್ಲಿನ ಸಕ್ಕರೆಯು ತುಂಬಾ ಕಡಿಮೆಯಾಗಿದೆ (ಹೈಪೊಗ್ಲಿಸಿಮಿಯಾ). ಅಲ್ಲದೆ ವಾಕರಿಕೆ, ಅತಿಸಾರ, ಮಲಬದ್ಧತೆ, ತಲೆತಿರುಗುವಿಕೆ, ತಲೆನೋವು, ಚರ್ಮದ ದದ್ದು, ಸೂರ್ಯನ ಸಂವೇದನೆ, ತೂಕ ಹೆಚ್ಚಾಗುವುದು. ಅಪರೂಪ: ರಕ್ತ ಅಸ್ವಸ್ಥತೆಗಳು, ಯಕೃತ್ತಿನ ತೊಂದರೆಗಳು, ಕಡಿಮೆ ಸೋಡಿಯಂ ಮಟ್ಟಗಳು. (ಮೂಲ: FDA ಡೈಲಿಮೆಡ್ ಲೇಬಲ್; SIDER)",ಟೈಪ್ 1 ಮಧುಮೇಹ ಅಥವಾ ಡಯಾಬಿಟಿಕ್ ಕೀಟೋಆಸಿಡೋಸಿಸ್ (ಮಧುಮೇಹ ತುರ್ತುಸ್ಥಿತಿ) ಗಾಗಿ ಅಲ್ಲ. ಗ್ಲಿಪಿಜೈಡ್ ಅಥವಾ ಸಲ್ಫಾ ಔಷಧಿಗಳಿಗೆ ಅಲರ್ಜಿ ಇದ್ದರೆ ಅಥವಾ ನೀವು ತೀವ್ರ ಮೂತ್ರಪಿಂಡ ಅಥವಾ ಯಕೃತ್ತಿನ ಸಮಸ್ಯೆಗಳನ್ನು ಹೊಂದಿದ್ದರೆ ತಪ್ಪಿಸಿ. ಗರ್ಭಾವಸ್ಥೆಯಲ್ಲಿ ಶಿಫಾರಸು ಮಾಡುವುದಿಲ್ಲ. (ಮೂಲ: FDA ಲೇಬಲ್),"ಮುಖ್ಯ ಅಪಾಯವೆಂದರೆ ರಕ್ತದಲ್ಲಿನ ಸಕ್ಕರೆಯ ಪ್ರಮಾಣವು ತುಂಬಾ ಕಡಿಮೆಯಾಗುವುದು, ಇದು ವಯಸ್ಸಾದ ಅಥವಾ ದುರ್ಬಲ ರೋಗಿಗಳಲ್ಲಿ, ಮೂತ್ರಪಿಂಡ / ಯಕೃತ್ತಿನ ಸಮಸ್ಯೆಗಳಿರುವವರು, ಅನಿಯಮಿತ ಊಟ, ಕಠಿಣ ವ್ಯಾಯಾಮ ಅಥವಾ ಮದ್ಯಪಾನದ ಬಳಕೆಯಲ್ಲಿ ಹೆಚ್ಚಾಗಿ ಕಂಡುಬರುತ್ತದೆ. ಕೆಲವು ಅಧ್ಯಯನಗಳು ಈ ಔಷಧಿ ವರ್ಗವನ್ನು ಹೃದಯ ಸಂಬಂಧಿ ಸಾವಿನ ಹೆಚ್ಚಿನ ಅಪಾಯಕ್ಕೆ ಸಂಬಂಧಿಸಿವೆ. G6PD ಕಿಣ್ವದ ಕೊರತೆಯಿರುವ ಜನರು ಕೆಂಪು ರಕ್ತ ಕಣಗಳ ಸ್ಥಗಿತದಿಂದ ರಕ್ತಹೀನತೆಯನ್ನು ಬೆಳೆಸಿಕೊಳ್ಳಬಹುದು. (ಮೂಲ: ಎಫ್ಡಿಎ ಡೈಲಿಮೆಡ್)","ಆಂಟಿಫಂಗಲ್ ಔಷಧಿಗಳಾದ ಫ್ಲುಕೋನಜೋಲ್ ಮತ್ತು ಮೈಕೋನಜೋಲ್ ನಿಮ್ಮ ರಕ್ತದಲ್ಲಿನ ಸಕ್ಕರೆಯನ್ನು ತುಂಬಾ ಕಡಿಮೆ ಮಾಡಬಹುದು. ಆದ್ದರಿಂದ NSAID ನೋವು ನಿವಾರಕಗಳು, ವಾರ್ಫರಿನ್ ಮತ್ತು ಆಸ್ಪಿರಿನ್-ಮಾದರಿಯ ಔಷಧಗಳು. ಬೀಟಾ-ಬ್ಲಾಕರ್‌ಗಳು (ಹೃದಯ/ಬಿಪಿ ಔಷಧಿಗಳು) ಕಡಿಮೆ ರಕ್ತದ ಸಕ್ಕರೆಯ ಎಚ್ಚರಿಕೆ ಚಿಹ್ನೆಗಳನ್ನು ಮರೆಮಾಡಬಹುದು. ರಿಫಾಂಪಿನ್ (ಆಂಟಿಬಯೋಟಿಕ್) ಗ್ಲಿಪಿಜೈಡ್ ಕಡಿಮೆ ಕೆಲಸ ಮಾಡಬಹುದು. (ಮೂಲ: RxNav/DrugBank DDI)",FDA DailyMed; DrugBank DB01067 — ಕನ್ನಡ,kn
glimepiride,Glimepiride,type_2_diabetes,ಗ್ಲಿಮೆಪಿರೈಡ್,ಟೈಪ್ 2 ಮಧುಮೇಹ,ಸಲ್ಫೋನಿಲ್ಯುರಿಯಾ (3ನೇ ತಲೆಮಾರು),ಗ್ಲಿಮೆಪಿರೈಡ್,ಟೈಪ್ 2 ಡಯಾಬಿಟಿಸ್‌ನಲ್ಲಿ ರಕ್ತದಲ್ಲಿನ ಸಕ್ಕರೆಯನ್ನು ಕಡಿಮೆ ಮಾಡಲು ಮೇದೋಜ್ಜೀರಕ ಗ್ರಂಥಿಯು ಹೆಚ್ಚು ಇನ್ಸುಲಿನ್ ಅನ್ನು ಬಿಡುಗಡೆ ಮಾಡಲು ಗ್ಲಿಮೆಪಿರೈಡ್ ಸಹಾಯ ಮಾಡುತ್ತದೆ. ಹಳೆಯ ರೀತಿಯ ಔಷಧಿಗಳಿಗೆ ಹೋಲಿಸಿದರೆ ಇದು ರಕ್ತದಲ್ಲಿನ ಸಕ್ಕರೆಯು ತುಂಬಾ ಕಡಿಮೆ ಬೀಳುವ ಅಪಾಯವನ್ನು ಸ್ವಲ್ಪಮಟ್ಟಿಗೆ ಕಡಿಮೆ ಮಾಡುತ್ತದೆ ಮತ್ತು ಮೆಟ್‌ಫಾರ್ಮಿನ್ ಅಥವಾ ಇನ್ಸುಲಿನ್‌ನೊಂದಿಗೆ ಏಕಾಂಗಿಯಾಗಿ ಅಥವಾ ಒಟ್ಟಿಗೆ ಬಳಸಬಹುದು. (ಮೂಲ: FDA ಲೇಬಲ್; ಡ್ರಗ್‌ಬ್ಯಾಂಕ್),"ರಕ್ತದಲ್ಲಿನ ಸಕ್ಕರೆಯು ತುಂಬಾ ಕಡಿಮೆಯಾಗಿದೆ, ತಲೆತಿರುಗುವಿಕೆ, ತಲೆನೋವು, ವಾಕರಿಕೆ, ದೌರ್ಬಲ್ಯ, ತೂಕ ಹೆಚ್ಚಾಗುವುದು, ಚರ್ಮದ ಪ್ರತಿಕ್ರಿಯೆಗಳು (ತುರಿಕೆ, ಕೆಂಪು, ಜೇನುಗೂಡುಗಳು). ಅಪರೂಪ: ಬಿಳಿ ರಕ್ತ ಕಣಗಳು ಅಥವಾ ಪ್ಲೇಟ್ಲೆಟ್ಗಳಲ್ಲಿ ಹನಿಗಳು, ಮತ್ತು ಕೆಂಪು ರಕ್ತ ಕಣಗಳ ಸ್ಥಗಿತದಿಂದ ರಕ್ತಹೀನತೆ. (ಮೂಲ: FDA ಲೇಬಲ್; SIDER)","ಟೈಪ್ 1 ಮಧುಮೇಹ ಅಥವಾ ಡಯಾಬಿಟಿಕ್ ಕೀಟೋಆಸಿಡೋಸಿಸ್‌ಗೆ ಅಲ್ಲ. ಗ್ಲಿಮೆಪಿರೈಡ್ ಅಥವಾ ಸಲ್ಫಾ ಔಷಧಿಗಳಿಗೆ ಅಲರ್ಜಿ ಇದ್ದರೆ, ನೀವು ಮೂತ್ರಪಿಂಡದ ಕಾರ್ಯವನ್ನು ತೀವ್ರವಾಗಿ ಕಡಿಮೆಗೊಳಿಸಿದ್ದರೆ ಅಥವಾ ಯಕೃತ್ತಿನ ಸಮಸ್ಯೆಗಳನ್ನು ಹೊಂದಿದ್ದರೆ ತಪ್ಪಿಸಿ. (ಮೂಲ: FDA ಲೇಬಲ್)","ಕಡಿಮೆ ರಕ್ತದ ಸಕ್ಕರೆಯು ಮುಖ್ಯ ಅಪಾಯವಾಗಿದೆ, ವಿಶೇಷವಾಗಿ ಬಿಟ್ಟುಬಿಡುವ ಊಟ, ಮೂತ್ರಪಿಂಡ / ಯಕೃತ್ತಿನ ಸಮಸ್ಯೆಗಳು ಅಥವಾ ವಯಸ್ಸಾದ ರೋಗಿಗಳಲ್ಲಿ. G6PD ಕಿಣ್ವದ ಕೊರತೆಯಿರುವ ಜನರು ರಕ್ತಹೀನತೆಯನ್ನು ಬೆಳೆಸಿಕೊಳ್ಳಬಹುದು. ಕೆಲವು ಡೇಟಾವು ಈ ಔಷಧಿ ವರ್ಗವನ್ನು ಹೃದಯ ಸಂಬಂಧಿ ಸಾವಿನ ಹೆಚ್ಚಿನ ಅಪಾಯಕ್ಕೆ ಲಿಂಕ್ ಮಾಡುತ್ತದೆ. (ಮೂಲ: ಎಫ್ಡಿಎ ಡೈಲಿಮೆಡ್)","ಕೆಲವು ಆಂಟಿಫಂಗಲ್ ಮತ್ತು ಕೊಲೆಸ್ಟ್ರಾಲ್ ಔಷಧಿಗಳು (ಫ್ಲುಕೋನಜೋಲ್, ಜೆಮ್ಫಿಬ್ರೋಜಿಲ್) ಗ್ಲಿಮೆಪಿರೈಡ್ ಮಟ್ಟವನ್ನು ಗಮನಾರ್ಹವಾಗಿ ಹೆಚ್ಚಿಸಬಹುದು. ರಕ್ತದೊತ್ತಡದ ಔಷಧಿಗಳು (ACE ಪ್ರತಿರೋಧಕಗಳು) ಮತ್ತು ಆಸ್ಪಿರಿನ್-ಮಾದರಿಯ ಔಷಧಗಳು ರಕ್ತದ ಸಕ್ಕರೆಯನ್ನು ಕಡಿಮೆ ಮಾಡಬಹುದು. ಸ್ಟೀರಾಯ್ಡ್ಗಳು ಮತ್ತು ನೀರಿನ ಮಾತ್ರೆಗಳು (ಥಿಯಾಜೈಡ್ಸ್) ಅದರ ವಿರುದ್ಧ ಕೆಲಸ ಮಾಡುತ್ತವೆ, ರಕ್ತದಲ್ಲಿನ ಸಕ್ಕರೆಯನ್ನು ಹೆಚ್ಚಿಸುತ್ತವೆ. (ಮೂಲ: DrugBank; RxNav)",FDA DailyMed; DrugBank DB00222 — ಕನ್ನಡ,kn
sitagliptin,Sitagliptin,type_2_diabetes,ಸಿಟಾಗ್ಲಿಪ್ಟಿನ್ ಫಾಸ್ಫೇಟ್,ಟೈಪ್ 2 ಮಧುಮೇಹ,DPP-4 ಇನ್ಹಿಬಿಟರ್,ಸಿಟಾಗ್ಲಿಪ್ಟಿನ್ ಫಾಸ್ಫೇಟ್,"ಸಿಟಾಗ್ಲಿಪ್ಟಿನ್ (ಬ್ರ್ಯಾಂಡ್ ಹೆಸರು ಜಾನುವಿಯಾ) ಊಟದ ನಂತರ ದೇಹವು ತನ್ನದೇ ಆದ ಇನ್ಸುಲಿನ್ ಅನ್ನು ಹೆಚ್ಚು ಬಿಡುಗಡೆ ಮಾಡಲು ಸಹಾಯ ಮಾಡುತ್ತದೆ ಮತ್ತು ರಕ್ತದಲ್ಲಿನ ಸಕ್ಕರೆಯನ್ನು ಹೆಚ್ಚಿಸುವ ಹಾರ್ಮೋನ್ ಅನ್ನು ಕಡಿಮೆ ಮಾಡುತ್ತದೆ - ಆದರೆ ರಕ್ತದಲ್ಲಿನ ಸಕ್ಕರೆಯು ನಿಜವಾಗಿ ಹೆಚ್ಚಾದಾಗ ಮಾತ್ರ, ಅದು ಅಪರೂಪವಾಗಿ ಅದು ತನ್ನದೇ ಆದ ಮೇಲೆ ತುಂಬಾ ಕಡಿಮೆಯಾಗಲು ಕಾರಣವಾಗುತ್ತದೆ. ಏಕಾಂಗಿಯಾಗಿ ಬಳಸಲಾಗುತ್ತದೆ ಅಥವಾ ಇತರ ಮಧುಮೇಹ ಔಷಧಿಗಳಿಗೆ ಸೇರಿಸಲಾಗುತ್ತದೆ. (ಮೂಲ: FDA ಲೇಬಲ್; ಡ್ರಗ್‌ಬ್ಯಾಂಕ್)","ಸಾಮಾನ್ಯ ಶೀತದಂತಹ ಲಕ್ಷಣಗಳು, ನೋಯುತ್ತಿರುವ ಗಂಟಲು, ತಲೆನೋವು, ಮೂತ್ರನಾಳದ ಸೋಂಕುಗಳು. ಅಪರೂಪದ ಆದರೆ ಗಂಭೀರ: ಉರಿಯೂತದ ಮೇದೋಜೀರಕ ಗ್ರಂಥಿ (ಮೇದೋಜೀರಕ ಗ್ರಂಥಿ), ತೀವ್ರವಾದ ಕೀಲು ನೋವು, ಗುಳ್ಳೆಗಳ ಚರ್ಮದ ಪ್ರತಿಕ್ರಿಯೆ ಅಥವಾ ಗಂಭೀರ ಅಲರ್ಜಿಯ ಪ್ರತಿಕ್ರಿಯೆ. (ಮೂಲ: FDA ಡೈಲಿಮೆಡ್; SIDER)",ನೀವು ಸಿಟಾಗ್ಲಿಪ್ಟಿನ್‌ಗೆ ಗಂಭೀರ ಅಲರ್ಜಿಯ ಪ್ರತಿಕ್ರಿಯೆಯನ್ನು ಹೊಂದಿದ್ದರೆ ತಪ್ಪಿಸಿ. ನೀವು ಮೊದಲು ಪ್ಯಾಂಕ್ರಿಯಾಟೈಟಿಸ್ ಹೊಂದಿದ್ದರೆ ಎಚ್ಚರಿಕೆಯಿಂದ ಬಳಸಿ. ಟೈಪ್ 1 ಮಧುಮೇಹ ಅಥವಾ ಡಯಾಬಿಟಿಕ್ ಕೀಟೋಆಸಿಡೋಸಿಸ್‌ಗೆ ಅಲ್ಲ. (ಮೂಲ: FDA ಲೇಬಲ್),ನೀವು ಪ್ಯಾಂಕ್ರಿಯಾಟೈಟಿಸ್ (ತೀವ್ರ ಹೊಟ್ಟೆ ನೋವು) ಲಕ್ಷಣಗಳನ್ನು ಅಭಿವೃದ್ಧಿಪಡಿಸಿದರೆ ಔಷಧವನ್ನು ನಿಲ್ಲಿಸಿ ಮತ್ತು ತಕ್ಷಣವೇ ನಿಮ್ಮ ವೈದ್ಯರನ್ನು ಸಂಪರ್ಕಿಸಿ. ಕೆಲವು ರೋಗಿಗಳು ತೀವ್ರವಾದ ಜಂಟಿ ನೋವನ್ನು ವರದಿ ಮಾಡುತ್ತಾರೆ. ನೀವು ಈಗಾಗಲೇ ಹೃದಯ ವೈಫಲ್ಯವನ್ನು ಹೊಂದಿದ್ದರೆ ಎಚ್ಚರಿಕೆಯಿಂದ ಬಳಸಿ. ಕಡಿಮೆ ಮೂತ್ರಪಿಂಡದ ಕಾರ್ಯವನ್ನು ಹೊಂದಿರುವ ಜನರಿಗೆ ಕಡಿಮೆ ಡೋಸ್ ಅಗತ್ಯವಿರುತ್ತದೆ. (ಮೂಲ: ಎಫ್ಡಿಎ ಡೈಲಿಮೆಡ್),ಡಿಗೊಕ್ಸಿನ್ (ಹೃದಯ ಔಷಧ) ಮಟ್ಟವನ್ನು ಸ್ವಲ್ಪ ಹೆಚ್ಚಿಸಬಹುದು - ನಿಮ್ಮ ವೈದ್ಯರು ಇದನ್ನು ಮೇಲ್ವಿಚಾರಣೆ ಮಾಡಲು ಬಯಸಬಹುದು. ಇನ್ಸುಲಿನ್ ಅಥವಾ ಸಲ್ಫೋನಿಲ್ಯೂರಿಯಾ ಡಯಾಬಿಟಿಸ್ ಔಷಧಿಗಳೊಂದಿಗೆ ಸಂಯೋಜಿಸುವುದರಿಂದ ರಕ್ತದಲ್ಲಿನ ಸಕ್ಕರೆಯು ತುಂಬಾ ಕಡಿಮೆ ಬೀಳುವ ಅಪಾಯವನ್ನು ಹೆಚ್ಚಿಸುತ್ತದೆ. ಯಕೃತ್ತಿನ ಕಿಣ್ವದ ಮಾರ್ಗಗಳ ಮೂಲಕ ಯಾವುದೇ ಪ್ರಮುಖ ಸಂವಹನಗಳಿಲ್ಲ. (ಮೂಲ: FDA ಲೇಬಲ್; RxNav),FDA DailyMed; DrugBank DB01261 — ಕನ್ನಡ,kn
empagliflozin,Empagliflozin,type_2_diabetes,ಎಂಪಾಗ್ಲಿಫ್ಲೋಝಿನ್,ಟೈಪ್ 2 ಮಧುಮೇಹ,SGLT-2 ಇನ್ಹಿಬಿಟರ್,ಎಂಪಾಗ್ಲಿಫ್ಲೋಝಿನ್,"ಎಂಪಾಗ್ಲಿಫ್ಲೋಜಿನ್ (ಬ್ರಾಂಡ್ ನೇಮ್ ಜಾರ್ಡಿಯನ್ಸ್) ಮೂತ್ರಪಿಂಡಗಳಲ್ಲಿ ಕೆಲಸ ಮಾಡುತ್ತದೆ, ದೇಹವು ಹೆಚ್ಚುವರಿ ಸಕ್ಕರೆಯನ್ನು ಮೂತ್ರದಲ್ಲಿ ಮತ್ತೆ ರಕ್ತಕ್ಕೆ ಹೀರಿಕೊಳ್ಳುವ ಬದಲು ಹೊರಹಾಕುತ್ತದೆ. ಟೈಪ್ 2 ಡಯಾಬಿಟಿಸ್ ಹೊಂದಿರುವ ಜನರಲ್ಲಿ ಇದು ಹೃದಯ ಮತ್ತು ಮೂತ್ರಪಿಂಡಗಳಿಗೆ ಸಾಬೀತಾದ ಪ್ರಯೋಜನಗಳನ್ನು ಹೊಂದಿದೆ. (ಮೂಲ: FDA ಲೇಬಲ್; ಡ್ರಗ್‌ಬ್ಯಾಂಕ್)","ಮೂತ್ರನಾಳದ ಸೋಂಕುಗಳು, ಜನನಾಂಗದ ಯೀಸ್ಟ್ ಸೋಂಕುಗಳು, ಹೆಚ್ಚಾಗಿ ಮೂತ್ರ ವಿಸರ್ಜಿಸಲು ಅಗತ್ಯವಾಗಿರುತ್ತದೆ, ಶೀತದಂತಹ ಲಕ್ಷಣಗಳು, ಅಧಿಕ ಕೊಲೆಸ್ಟ್ರಾಲ್, ವಾಕರಿಕೆ. ಅಪರೂಪದ ಆದರೆ ಗಂಭೀರ: ಡಯಾಬಿಟಿಕ್ ಕೀಟೋಆಸಿಡೋಸಿಸ್ (ಕೇವಲ ಸ್ವಲ್ಪ ಅಧಿಕ ರಕ್ತದ ಸಕ್ಕರೆಯೊಂದಿಗೆ), ಅಪರೂಪದ ಆದರೆ ತೀವ್ರವಾದ ಜನನಾಂಗದ ಸೋಂಕು ಫೌರ್ನಿಯರ್ಸ್ ಗ್ಯಾಂಗ್ರೀನ್, ಮತ್ತು ಕಡಿಮೆ-ಕಾಲಿನ ಅಂಗಚ್ಛೇದನದ ಸಂಭವನೀಯ ಅಪಾಯ. (ಮೂಲ: FDA ಡೈಲಿಮೆಡ್; SIDER)","ಗಮನಾರ್ಹವಾಗಿ ಕಡಿಮೆಯಾದ ಮೂತ್ರಪಿಂಡದ ಕಾರ್ಯವನ್ನು ಹೊಂದಿರುವ ಜನರಿಗೆ, ಡಯಾಲಿಸಿಸ್ ರೋಗಿಗಳಿಗೆ ಅಥವಾ ಎಂಪಾಗ್ಲಿಫ್ಲೋಜಿನ್‌ಗೆ ಗಂಭೀರ ಅಲರ್ಜಿಯನ್ನು ಹೊಂದಿರುವವರಿಗೆ ಅಲ್ಲ. ಟೈಪ್ 1 ಮಧುಮೇಹಕ್ಕೆ ಅಲ್ಲ. (ಮೂಲ: FDA ಲೇಬಲ್)",ರಕ್ತದಲ್ಲಿನ ಸಕ್ಕರೆಯು ಸಾಮಾನ್ಯವಾದಾಗಲೂ ಸಹ ಮಧುಮೇಹ ಕೀಟೋಆಸಿಡೋಸಿಸ್ ಅನ್ನು ಪ್ರಚೋದಿಸಬಹುದು - ನಿಮ್ಮ ವೈದ್ಯರು ಶಸ್ತ್ರಚಿಕಿತ್ಸೆಗೆ ಮುನ್ನ ಅದನ್ನು ವಿರಾಮಗೊಳಿಸಬಹುದು. ಅಪರೂಪದ ಫೌರ್ನಿಯರ್ ಗ್ಯಾಂಗ್ರೀನ್ ಸೋಂಕನ್ನು ಸೂಚಿಸುವ ಜನನಾಂಗಗಳ ಸುತ್ತಲೂ ಅಥವಾ ಕಾಲುಗಳ ನಡುವೆ ಹಠಾತ್ ನೋವು ಅಥವಾ ಊತವನ್ನು ವೀಕ್ಷಿಸಿ - ತಕ್ಷಣವೇ ಆರೈಕೆಯನ್ನು ಪಡೆಯಿರಿ. ವಿಶೇಷವಾಗಿ ನೀರಿನ ಮಾತ್ರೆಗಳು ಅಥವಾ ವಯಸ್ಸಾದ ವಯಸ್ಕರಲ್ಲಿ ನಿರ್ಜಲೀಕರಣ/ಕಡಿಮೆ ರಕ್ತದೊತ್ತಡವನ್ನು ಉಂಟುಮಾಡಬಹುದು. ಯಾವುದೇ ಕಾಲು ಅಥವಾ ಕಾಲಿನ ಗಾಯಗಳನ್ನು ತ್ವರಿತವಾಗಿ ವರದಿ ಮಾಡಿ. (ಮೂಲ: ಎಫ್ಡಿಎ ಡೈಲಿಮೆಡ್),ಇನ್ಸುಲಿನ್ ಅಥವಾ ಇತರ ಇನ್ಸುಲಿನ್-ಉತ್ತೇಜಿಸುವ ಮಧುಮೇಹ ಔಷಧಿಗಳೊಂದಿಗೆ ಸಂಯೋಜಿಸುವುದರಿಂದ ರಕ್ತದಲ್ಲಿನ ಸಕ್ಕರೆಯು ತುಂಬಾ ಕಡಿಮೆ ಇಳಿಯುವ ಅಪಾಯವನ್ನು ಹೆಚ್ಚಿಸುತ್ತದೆ - ನಿಮ್ಮ ಡೋಸ್ ಅನ್ನು ಸರಿಹೊಂದಿಸಬೇಕಾಗಬಹುದು. ನೀರಿನ ಮಾತ್ರೆಗಳು (ಮೂತ್ರವರ್ಧಕಗಳು) ಇದರೊಂದಿಗೆ ಸೇರಿ ನಿರ್ಜಲೀಕರಣ ಮತ್ತು ಕಡಿಮೆ ರಕ್ತದೊತ್ತಡದ ಅಪಾಯವನ್ನು ಹೆಚ್ಚಿಸಬಹುದು. ಆಂಟಿಬಯೋಟಿಕ್ ರಿಫಾಂಪಿನ್ ಮತ್ತು ಅಂತಹುದೇ ಔಷಧಗಳು ಅದನ್ನು ಕಡಿಮೆ ಕೆಲಸ ಮಾಡಬಹುದು. (ಮೂಲ: FDA ಲೇಬಲ್; ಡ್ರಗ್‌ಬ್ಯಾಂಕ್),FDA DailyMed; DrugBank DB09038 — ಕನ್ನಡ,kn
pioglitazone,Pioglitazone,type_2_diabetes,ಪಿಯೋಗ್ಲಿಟಾಝೋನ್ ಹೈಡ್ರೋಕ್ಲೋರೈಡ್,ಟೈಪ್ 2 ಮಧುಮೇಹ,ಥಿಯಾಝೋಲಿಡಿನೆಡಿಯೋನ್,ಪಿಯೋಗ್ಲಿಟಾಝೋನ್ ಹೈಡ್ರೋಕ್ಲೋರೈಡ್,"ಪಿಯೋಗ್ಲಿಟಾಜೋನ್ (ಬ್ರ್ಯಾಂಡ್ ಹೆಸರು ಆಕ್ಟೋಸ್) ದೇಹದ ಅಂಗಾಂಶಗಳು ಮತ್ತು ಯಕೃತ್ತನ್ನು ಇನ್ಸುಲಿನ್‌ಗೆ ಹೆಚ್ಚು ಸಂವೇದನಾಶೀಲವಾಗಿಸುತ್ತದೆ, ಹೆಚ್ಚಿನ ಇನ್ಸುಲಿನ್ ಬಿಡುಗಡೆ ಮಾಡಲು ಮೇದೋಜ್ಜೀರಕ ಗ್ರಂಥಿಯನ್ನು ತಳ್ಳದೆ ರಕ್ತದಲ್ಲಿನ ಸಕ್ಕರೆಯನ್ನು ಕಡಿಮೆ ಮಾಡಲು ಸಹಾಯ ಮಾಡುತ್ತದೆ. (ಮೂಲ: FDA ಲೇಬಲ್; ಡ್ರಗ್‌ಬ್ಯಾಂಕ್)","ತೂಕ ಹೆಚ್ಚಾಗುವುದು, ದ್ರವದ ಊತ, ಶೀತದಂತಹ ಲಕ್ಷಣಗಳು, ತಲೆನೋವು, ಸೈನಸ್ ಸೋಂಕು. ಗಂಭೀರ: ಹೃದಯಾಘಾತವನ್ನು ಹದಗೆಡಿಸುವ ಅಥವಾ ಪ್ರಚೋದಿಸುವ ದ್ರವದ ಶೇಖರಣೆ, ಮೂಳೆ ಮುರಿತಗಳು (ವಿಶೇಷವಾಗಿ ಮಹಿಳೆಯರಲ್ಲಿ), ಕಣ್ಣಿನ ಹಿಂದಿನ ದ್ರವದಿಂದ ದೃಷ್ಟಿ ಬದಲಾವಣೆಗಳು ಮತ್ತು ದೀರ್ಘಾವಧಿಯ ಬಳಕೆಯಿಂದ ಗಾಳಿಗುಳ್ಳೆಯ ಕ್ಯಾನ್ಸರ್ನ ಸಂಭವನೀಯ ಅಪಾಯ. (ಮೂಲ: FDA ಡೈಲಿಮೆಡ್; SIDER)","ಮಧ್ಯಮದಿಂದ ತೀವ್ರತರವಾದ ಹೃದಯ ವೈಫಲ್ಯ, ಸಕ್ರಿಯ ಅಥವಾ ಹಿಂದಿನ ಗಾಳಿಗುಳ್ಳೆಯ ಕ್ಯಾನ್ಸರ್ ಅಥವಾ ಪಿಯೋಗ್ಲಿಟಾಜೋನ್‌ಗೆ ತಿಳಿದಿರುವ ಅಲರ್ಜಿ ಹೊಂದಿರುವ ಜನರಿಗೆ ಅಲ್ಲ. ಟೈಪ್ 1 ಮಧುಮೇಹಕ್ಕೆ ಅಲ್ಲ. (ಮೂಲ: FDA ಲೇಬಲ್)","ಪ್ರಮುಖ: ದ್ರವದ ಧಾರಣವನ್ನು ಉಂಟುಮಾಡುವ ಮೂಲಕ ಹೃದಯ ವೈಫಲ್ಯವನ್ನು ಉಂಟುಮಾಡಬಹುದು ಅಥವಾ ಹದಗೆಡಿಸಬಹುದು - ಊತ, ಹಠಾತ್ ತೂಕ ಹೆಚ್ಚಾಗುವುದು ಅಥವಾ ಉಸಿರಾಟದ ತೊಂದರೆಗಾಗಿ ವೀಕ್ಷಿಸಿ. ನೀವು ಪ್ರಸ್ತುತ ಗಾಳಿಗುಳ್ಳೆಯ ಕ್ಯಾನ್ಸರ್ ಹೊಂದಿದ್ದರೆ ಬಳಸಬೇಡಿ. ಇದನ್ನು ದೀರ್ಘಕಾಲದವರೆಗೆ ತೆಗೆದುಕೊಳ್ಳುವ ಮಹಿಳೆಯರು ಮೂಳೆ ಮುರಿತದ ಹೆಚ್ಚಿನ ಅಪಾಯವನ್ನು ಹೊಂದಿರುತ್ತಾರೆ. ನಿಯಮಿತವಾಗಿ ಕಣ್ಣಿನ ತಪಾಸಣೆಗಳನ್ನು ಪಡೆಯಿರಿ, ಏಕೆಂದರೆ ಇದು ದೃಷ್ಟಿಗೆ ಪರಿಣಾಮ ಬೀರಬಹುದು. (ಮೂಲ: FDA DailyMed ಪೆಟ್ಟಿಗೆಯ ಎಚ್ಚರಿಕೆ)",Gemfibrozil (ಒಂದು ಕೊಲೆಸ್ಟರಾಲ್ ಔಷಧ) ಗಮನಾರ್ಹವಾಗಿ ಪಿಯೋಗ್ಲಿಟಾಜೋನ್ ಮಟ್ಟವನ್ನು ಹೆಚ್ಚಿಸುತ್ತದೆ - ಡೋಸ್ ಸಾಮಾನ್ಯವಾಗಿ 15 ಮಿಗ್ರಾಂ / ದಿನಕ್ಕೆ ಸೀಮಿತವಾಗಿರುತ್ತದೆ. ಆ್ಯಂಟಿಬಯೋಟಿಕ್ ರಿಫಾಂಪಿನ್ ಇದರ ಪರಿಣಾಮಕಾರಿತ್ವವನ್ನು ಕಡಿಮೆ ಮಾಡುತ್ತದೆ. ಇನ್ಸುಲಿನ್ ಜೊತೆ ಸಂಯೋಜನೆಯು ದ್ರವದ ಧಾರಣ ಮತ್ತು ಹೃದಯ ವೈಫಲ್ಯದ ಅಪಾಯವನ್ನು ಹೆಚ್ಚಿಸುತ್ತದೆ. (ಮೂಲ: FDA ಲೇಬಲ್; ಡ್ರಗ್‌ಬ್ಯಾಂಕ್),FDA DailyMed; DrugBank DB01132 — ಕನ್ನಡ,kn
insulin-glargine,Insulin Glargine,type_2_diabetes,ಇನ್ಸುಲಿನ್ ಗ್ಲಾರ್ಜಿನ್,ಟೈಪ್ 2 ಮಧುಮೇಹ,ದೀರ್ಘಕಾಲ ಕ್ರಿಯಾಶೀಲ ಬೇಸಲ್ ಇನ್ಸುಲಿನ್,ಇನ್ಸುಲಿನ್ ಗ್ಲಾರ್ಜಿನ್,"ಇನ್ಸುಲಿನ್ ಗ್ಲಾರ್ಜಿನ್ (ಬ್ರ್ಯಾಂಡ್ ಹೆಸರುಗಳು ಲ್ಯಾಂಟಸ್, ಬಸಾಗ್ಲರ್) ದೀರ್ಘಕಾಲ ಕಾರ್ಯನಿರ್ವಹಿಸುವ, ಮಾನವ ನಿರ್ಮಿತ ಇನ್ಸುಲಿನ್ ಆಗಿದೆ. ಚರ್ಮದ ಅಡಿಯಲ್ಲಿ ಒಂದು ಚುಚ್ಚುಮದ್ದು ಸಾಕಷ್ಟು ಸ್ಥಿರವಾದ ಪರಿಣಾಮದೊಂದಿಗೆ ಸುಮಾರು 24 ಗಂಟೆಗಳವರೆಗೆ ಇರುತ್ತದೆ, ಇದು ಟೈಪ್ 1 ಮತ್ತು ಟೈಪ್ 2 ಡಯಾಬಿಟಿಸ್‌ಗೆ ಹಿನ್ನೆಲೆ ರಕ್ತ-ಸಕ್ಕರೆ ನಿಯಂತ್ರಣವನ್ನು ನೀಡುತ್ತದೆ. (ಮೂಲ: FDA ಲೇಬಲ್; ಡ್ರಗ್‌ಬ್ಯಾಂಕ್)","ರಕ್ತದಲ್ಲಿನ ಸಕ್ಕರೆಯು ತುಂಬಾ ಕಡಿಮೆಯಾಗುವುದು ಅತ್ಯಂತ ಸಾಮಾನ್ಯ ಮತ್ತು ಅತ್ಯಂತ ಗಂಭೀರ ಪರಿಣಾಮವಾಗಿದೆ. ಇಂಜೆಕ್ಷನ್-ಸೈಟ್ ಪ್ರತಿಕ್ರಿಯೆಗಳು (ನೋವು, ಕೆಂಪು, ಊತ, ಅಥವಾ ಚರ್ಮದ ಬದಲಾವಣೆಗಳು), ತೂಕ ಹೆಚ್ಚಾಗುವುದು, ದ್ರವದ ಊತ, ಕಡಿಮೆ ಪೊಟ್ಯಾಸಿಯಮ್ ಮಟ್ಟಗಳು ಮತ್ತು ಅಲರ್ಜಿಯ ಪ್ರತಿಕ್ರಿಯೆಗಳು. (ಮೂಲ: FDA ಡೈಲಿಮೆಡ್; SIDER)",ನೀವು ಇನ್ಸುಲಿನ್ ಗ್ಲಾರ್ಜಿನ್ ಅಥವಾ ಅದರ ಪದಾರ್ಥಗಳಿಗೆ ಅಲರ್ಜಿಯನ್ನು ಹೊಂದಿದ್ದರೆ ಅಥವಾ ನೀವು ಪ್ರಸ್ತುತ ಕಡಿಮೆ ರಕ್ತದ ಸಕ್ಕರೆಯನ್ನು ಅನುಭವಿಸುತ್ತಿದ್ದರೆ ಬಳಸಬೇಡಿ. ರಕ್ತನಾಳಕ್ಕೆ ಚುಚ್ಚುಮದ್ದಿಗೆ ಅಲ್ಲ. (ಮೂಲ: FDA ಲೇಬಲ್),"ಕಡಿಮೆ ರಕ್ತದ ಸಕ್ಕರೆಯು ದೊಡ್ಡ ಅಪಾಯವಾಗಿದೆ ಮತ್ತು ತೀವ್ರವಾಗಿದ್ದರೆ ಜೀವಕ್ಕೆ ಅಪಾಯಕಾರಿ - ಎಚ್ಚರಿಕೆಯ ಚಿಹ್ನೆಗಳನ್ನು ತಿಳಿಯಿರಿ (ಅಲುಗಾಡುವಿಕೆ, ಬೆವರುವುದು, ಗೊಂದಲ). ಈ ಇನ್ಸುಲಿನ್ ಅನ್ನು ಒಂದೇ ಸಿರಿಂಜ್‌ನಲ್ಲಿರುವ ಇತರ ಇನ್ಸುಲಿನ್‌ಗಳೊಂದಿಗೆ ಎಂದಿಗೂ ಮಿಶ್ರಣ ಮಾಡಬೇಡಿ. ನೀವು ಕಡಿಮೆ ಪೊಟ್ಯಾಸಿಯಮ್ ಅಪಾಯದಲ್ಲಿದ್ದರೆ, ನಿಮ್ಮ ಮಟ್ಟವನ್ನು ಪರೀಕ್ಷಿಸಬೇಕು. ನಿಮ್ಮ ಇನ್ಸುಲಿನ್ ದಿನಚರಿಯಲ್ಲಿ ಯಾವುದೇ ಬದಲಾವಣೆಯನ್ನು ಎಚ್ಚರಿಕೆಯಿಂದ ಮತ್ತು ವೈದ್ಯಕೀಯ ಮಾರ್ಗದರ್ಶನದೊಂದಿಗೆ ಮಾಡಬೇಕು. (ಮೂಲ: ಎಫ್ಡಿಎ ಡೈಲಿಮೆಡ್)","ಬೀಟಾ-ಬ್ಲಾಕರ್‌ಗಳು (ಹೃದಯ/ಬಿಪಿ ಔಷಧಿಗಳು) ಕಡಿಮೆ ರಕ್ತದ ಸಕ್ಕರೆಯ ಎಚ್ಚರಿಕೆ ಚಿಹ್ನೆಗಳನ್ನು ಮರೆಮಾಡಬಹುದು ಮತ್ತು ಅದರಿಂದ ನಿಧಾನವಾಗಿ ಚೇತರಿಸಿಕೊಳ್ಳಬಹುದು. ಕೆಲವು ರಕ್ತದೊತ್ತಡ ಔಷಧಿಗಳು, ಆಸ್ಪಿರಿನ್-ಮಾದರಿಯ ಔಷಧಗಳು ಮತ್ತು ಕೆಲವು ಖಿನ್ನತೆ-ಶಮನಕಾರಿಗಳು ಇನ್ಸುಲಿನ್ ಅನ್ನು ಹೆಚ್ಚು ಬಲವಾಗಿ ಕೆಲಸ ಮಾಡುತ್ತವೆ, ಇದು ರಕ್ತದಲ್ಲಿನ ಸಕ್ಕರೆಯು ತುಂಬಾ ಕಡಿಮೆ ಬೀಳುವ ಅಪಾಯವನ್ನು ಹೆಚ್ಚಿಸುತ್ತದೆ. ಸ್ಟೀರಾಯ್ಡ್ಗಳು, ನೀರಿನ ಮಾತ್ರೆಗಳು ಮತ್ತು ಕೆಲವು ಮನೋವೈದ್ಯಕೀಯ ಔಷಧಿಗಳು ಇದರ ವಿರುದ್ಧ ಕೆಲಸ ಮಾಡುತ್ತವೆ, ರಕ್ತದಲ್ಲಿನ ಸಕ್ಕರೆಯನ್ನು ಹೆಚ್ಚಿಸುತ್ತವೆ. (ಮೂಲ: FDA ಲೇಬಲ್; RxNav)",FDA DailyMed; DrugBank DB00047 — ಕನ್ನಡ,kn
dapagliflozin,Dapagliflozin,type_2_diabetes,ಡಾಪಾಗ್ಲಿಫ್ಲೋಝಿನ್,ಟೈಪ್ 2 ಮಧುಮೇಹ,SGLT-2 ಇನ್ಹಿಬಿಟರ್,ಡಾಪಾಗ್ಲಿಫ್ಲೋಝಿನ್ ಪ್ರೊಪನ್‌ಡಯಾಲ್,"Dapagliflozin (ಬ್ರಾಂಡ್ ಹೆಸರುಗಳು Farxiga/Forxiga) ಮೂತ್ರಪಿಂಡಗಳು ಮೂತ್ರದಲ್ಲಿ ಹೆಚ್ಚು ಸಕ್ಕರೆಯನ್ನು ಬಿಡುಗಡೆ ಮಾಡುವಂತೆ ಮಾಡುತ್ತದೆ, ಬದಲಿಗೆ ಅದನ್ನು ಪುನಃ ಹೀರಿಕೊಳ್ಳುತ್ತದೆ, ರಕ್ತದಲ್ಲಿನ ಸಕ್ಕರೆಯನ್ನು ಕಡಿಮೆ ಮಾಡುತ್ತದೆ. ಮಧುಮೇಹವನ್ನು ಹೊಂದಿರದ ಜನರಲ್ಲಿಯೂ ಸಹ ಕೆಲವು ವಿಧದ ಹೃದಯ ವೈಫಲ್ಯ ಮತ್ತು ದೀರ್ಘಕಾಲದ ಮೂತ್ರಪಿಂಡ ಕಾಯಿಲೆಗೆ ಸಹಾಯ ಮಾಡಲು ಇದನ್ನು ಅನುಮೋದಿಸಲಾಗಿದೆ. (ಮೂಲ: FDA ಲೇಬಲ್; ಡ್ರಗ್‌ಬ್ಯಾಂಕ್)","ಜನನಾಂಗದ ಯೀಸ್ಟ್ ಸೋಂಕುಗಳು (ಮಹಿಳೆಯರಲ್ಲಿ ಹೆಚ್ಚು ಸಾಮಾನ್ಯವಾಗಿದೆ), ಮೂತ್ರದ ಸೋಂಕುಗಳು, ಶೀತ-ತರಹದ ಲಕ್ಷಣಗಳು, ಬೆನ್ನು ನೋವು, ಹೆಚ್ಚಾಗಿ ಮೂತ್ರ ವಿಸರ್ಜಿಸುವ ಅವಶ್ಯಕತೆ, ವಾಕರಿಕೆ, ಅಧಿಕ ಕೊಲೆಸ್ಟ್ರಾಲ್. ಅಪರೂಪ: ಡಯಾಬಿಟಿಕ್ ಕೀಟೋಆಸಿಡೋಸಿಸ್, ಅಪರೂಪದ ತೀವ್ರ ಜನನಾಂಗದ ಸೋಂಕು ಫೋರ್ನಿಯರ್ಸ್ ಗ್ಯಾಂಗ್ರೀನ್ ಮತ್ತು ತೀವ್ರ ಮೂತ್ರದ ಸೋಂಕುಗಳು. (ಮೂಲ: FDA ಡೈಲಿಮೆಡ್; SIDER)","ತೀವ್ರವಾಗಿ ಕಡಿಮೆಯಾದ ಮೂತ್ರಪಿಂಡದ ಕಾರ್ಯಚಟುವಟಿಕೆ, ಕೊನೆಯ ಹಂತದ ಮೂತ್ರಪಿಂಡ ಕಾಯಿಲೆ, ಡಯಾಲಿಸಿಸ್ ರೋಗಿಗಳು ಅಥವಾ ಟೈಪ್ 1 ಡಯಾಬಿಟಿಸ್ (ರಕ್ತ-ಸಕ್ಕರೆ ಬಳಕೆಗಾಗಿ) ಇರುವ ಜನರಿಗೆ ಅಲ್ಲ. ಡಪಾಗ್ಲಿಫ್ಲೋಜಿನ್‌ಗೆ ಅಲರ್ಜಿ ಇದ್ದರೆ ತಪ್ಪಿಸಿ. (ಮೂಲ: FDA ಲೇಬಲ್)","ರಕ್ತದಲ್ಲಿನ ಸಕ್ಕರೆಯು ಸಾಮಾನ್ಯಕ್ಕೆ ಹತ್ತಿರದಲ್ಲಿದ್ದಾಗಲೂ ಮಧುಮೇಹ ಕೀಟೋಆಸಿಡೋಸಿಸ್ ಅನ್ನು ಪ್ರಚೋದಿಸಬಹುದು. ನಿರ್ಜಲೀಕರಣ ಅಥವಾ ಕಡಿಮೆ ರಕ್ತದೊತ್ತಡವನ್ನು ಉಂಟುಮಾಡಬಹುದು, ವಿಶೇಷವಾಗಿ ವಯಸ್ಸಾದ ವಯಸ್ಕರಲ್ಲಿ ಅಥವಾ ನೀರಿನ ಮಾತ್ರೆಗಳನ್ನು ಸೇವಿಸುವವರಲ್ಲಿ. ಜನನಾಂಗಗಳ ಸುತ್ತ ಹಠಾತ್ ನೋವು, ಊತ ಅಥವಾ ಕೆಂಪು ಬಣ್ಣಕ್ಕೆ ತಕ್ಷಣದ ಆರೈಕೆಯನ್ನು ಪಡೆಯಿರಿ, ಇದು ಅಪರೂಪದ ಆದರೆ ಗಂಭೀರವಾದ ಫೊರ್ನಿಯರ್ ಗ್ಯಾಂಗ್ರೀನ್ ಸೋಂಕಾಗಿರಬಹುದು. ತೀವ್ರವಾದ ಮೂತ್ರದ ಸೋಂಕಿನ ಯಾವುದೇ ಚಿಹ್ನೆಗಳನ್ನು ವರದಿ ಮಾಡಿ (ಜ್ವರ, ಬೆನ್ನು ನೋವು). (ಮೂಲ: ಎಫ್ಡಿಎ ಡೈಲಿಮೆಡ್)","ಇನ್ಸುಲಿನ್ ಅಥವಾ ಸಲ್ಫೋನಿಲ್ಯೂರಿಯಾ ಡಯಾಬಿಟಿಸ್ ಔಷಧಿಗಳೊಂದಿಗೆ ಸಂಯೋಜಿಸುವುದರಿಂದ ರಕ್ತದಲ್ಲಿನ ಸಕ್ಕರೆಯು ತುಂಬಾ ಕಡಿಮೆ ಬೀಳುವ ಅಪಾಯವನ್ನು ಹೆಚ್ಚಿಸುತ್ತದೆ. ನೀರಿನ ಮಾತ್ರೆಗಳು ಇದರೊಂದಿಗೆ ಸೇರಿಕೊಂಡು ನಿರ್ಜಲೀಕರಣವನ್ನು ಉಲ್ಬಣಗೊಳಿಸಬಹುದು. ಕೆಲವು ಇತರ ಔಷಧಿಗಳು (ಮೆಫೆನಾಮಿಕ್ ಆಮ್ಲ, ನೋವು ನಿವಾರಕ) ಡಪಾಗ್ಲಿಫ್ಲೋಜಿನ್ ಮಟ್ಟವನ್ನು ಹೆಚ್ಚಿಸಬಹುದು. (ಮೂಲ: FDA ಲೇಬಲ್; ಡ್ರಗ್‌ಬ್ಯಾಂಕ್)",FDA DailyMed; DrugBank DB06292 — ಕನ್ನಡ,kn
vildagliptin,Vildagliptin,type_2_diabetes,ವಿಲ್ಡಾಗ್ಲಿಪ್ಟಿನ್,ಟೈಪ್ 2 ಮಧುಮೇಹ,DPP-4 ಇನ್ಹಿಬಿಟರ್,ವಿಲ್ಡಾಗ್ಲಿಪ್ಟಿನ್,"ವಿಲ್ಡಾಗ್ಲಿಪ್ಟಿನ್ (ಬ್ರ್ಯಾಂಡ್ ಹೆಸರು ಗಾಲ್ವಸ್) ಭಾರತ ಮತ್ತು ಯುರೋಪ್‌ನಲ್ಲಿ ಸಾಮಾನ್ಯವಾಗಿ ಬಳಸುವ ಮಧುಮೇಹ ಔಷಧವಾಗಿದ್ದು, ದೇಹವು ಊಟದ ನಂತರ ತನ್ನದೇ ಆದ ಇನ್ಸುಲಿನ್ ಅನ್ನು ಬಿಡುಗಡೆ ಮಾಡಲು ಸಹಾಯ ಮಾಡುತ್ತದೆ ಮತ್ತು ರಕ್ತದಲ್ಲಿನ ಸಕ್ಕರೆಯನ್ನು ಹೆಚ್ಚಿಸುವ ಹಾರ್ಮೋನ್ ಅನ್ನು ಕಡಿಮೆ ಮಾಡುತ್ತದೆ. ಹೆಚ್ಚಾಗಿ ಮೆಟ್ಫಾರ್ಮಿನ್ ಮೇಲೆ ಸೇರಿಸಲಾಗುತ್ತದೆ. (ಮೂಲ: ಡ್ರಗ್‌ಬ್ಯಾಂಕ್; CDSCO)","ಶೀತ-ತರಹದ ಲಕ್ಷಣಗಳು, ತಲೆನೋವು, ತಲೆತಿರುಗುವಿಕೆ, ದ್ರವದ ಊತ, ವಾಕರಿಕೆ. ಯಕೃತ್ತಿನ ಕಿಣ್ವದ ಮಟ್ಟವನ್ನು ಹೆಚ್ಚಿಸಬಹುದು, ಆದ್ದರಿಂದ ಯಕೃತ್ತಿನ ಕಾರ್ಯವನ್ನು ಮೇಲ್ವಿಚಾರಣೆ ಮಾಡುವ ಅಗತ್ಯವಿದೆ. ಅಪರೂಪ: ಉರಿಯೂತದ ಮೇದೋಜ್ಜೀರಕ ಗ್ರಂಥಿ, ತೀವ್ರವಾದ ಚರ್ಮದ ಪ್ರತಿಕ್ರಿಯೆಗಳು, ಮೇಲ್ಭಾಗದ ಉಸಿರಾಟದ ಸೋಂಕುಗಳು. (ಮೂಲ: ಡ್ರಗ್‌ಬ್ಯಾಂಕ್; ಇಎಂಎ ಲೇಬಲ್)","ಗಮನಾರ್ಹವಾದ ಯಕೃತ್ತಿನ ಸಮಸ್ಯೆಗಳು, ತೀವ್ರ ಮೂತ್ರಪಿಂಡದ ದುರ್ಬಲತೆ (ಡೋಸ್ ಅನ್ನು ಸರಿಹೊಂದಿಸದ ಹೊರತು), ವಿಲ್ಡಾಗ್ಲಿಪ್ಟಿನ್, ಟೈಪ್ 1 ಡಯಾಬಿಟಿಸ್ ಅಥವಾ ಡಯಾಬಿಟಿಕ್ ಕೀಟೋಆಸಿಡೋಸಿಸ್ಗೆ ತಿಳಿದಿರುವ ಅಲರ್ಜಿ ಹೊಂದಿರುವ ಜನರಿಗೆ ಅಲ್ಲ. (ಮೂಲ: EMA ಲೇಬಲ್; ಡ್ರಗ್‌ಬ್ಯಾಂಕ್)","ಚಿಕಿತ್ಸೆಯನ್ನು ಪ್ರಾರಂಭಿಸುವ ಮೊದಲು ಮತ್ತು ನಿಯತಕಾಲಿಕವಾಗಿ ನಿಮ್ಮ ವೈದ್ಯರು ನಿಮ್ಮ ಯಕೃತ್ತಿನ ಕಾರ್ಯಚಟುವಟಿಕೆಯನ್ನು ಪರಿಶೀಲಿಸಬೇಕು ಮತ್ತು ಯಕೃತ್ತಿನ ಸಮಸ್ಯೆಗಳು ಕಂಡುಬಂದರೆ ಔಷಧವನ್ನು ನಿಲ್ಲಿಸಬೇಕು. ನೀವು ತೀವ್ರವಾದ ಹೊಟ್ಟೆ ನೋವನ್ನು ಅಭಿವೃದ್ಧಿಪಡಿಸಿದರೆ ನಿಮ್ಮ ವೈದ್ಯರನ್ನು ಸಂಪರ್ಕಿಸಿ, ಇದು ಪ್ಯಾಂಕ್ರಿಯಾಟೈಟಿಸ್ ಅನ್ನು ಸೂಚಿಸುತ್ತದೆ. (ಮೂಲ: EMA SmPC; DrugBank DB04876)",ಇನ್ಸುಲಿನ್ ಅಥವಾ ಸಲ್ಫೋನಿಲ್ಯುರಿಯಾ ಡಯಾಬಿಟಿಸ್ ಔಷಧಿಗಳೊಂದಿಗೆ ಸಂಯೋಜಿಸುವುದರಿಂದ ರಕ್ತದಲ್ಲಿನ ಸಕ್ಕರೆಯು ತುಂಬಾ ಕಡಿಮೆಯಾಗುವುದನ್ನು ತಪ್ಪಿಸಲು ಆ ಔಷಧಿಗಳ ಕಡಿಮೆ ಪ್ರಮಾಣದ ಅಗತ್ಯವಿರುತ್ತದೆ. ACE ಪ್ರತಿರೋಧಕ ರಕ್ತದೊತ್ತಡದ ಔಷಧಿಗಳು ಸಂಯೋಜಿಸಿದಾಗ ಊತ ಪ್ರತಿಕ್ರಿಯೆಗಳ (ಆಂಜಿಯೋಡೆಮಾ) ಹೆಚ್ಚಿನ ಅಪಾಯಕ್ಕೆ ಸಂಬಂಧಿಸಿವೆ. ಯಾವುದೇ ಪ್ರಮುಖ ಯಕೃತ್ತು-ಕಿಣ್ವ-ಆಧಾರಿತ ಔಷಧ ಸಂವಹನಗಳಿಲ್ಲ. (ಮೂಲ: ಡ್ರಗ್‌ಬ್ಯಾಂಕ್; ಇಎಂಎ ಲೇಬಲ್),DrugBank DB04876; CDSCO — ಕನ್ನಡ,kn
acarbose,Acarbose,type_2_diabetes,ಅಕಾರ್ಬೋಸ್,ಟೈಪ್ 2 ಮಧುಮೇಹ,ಆಲ್ಫಾ-ಗ್ಲೂಕೋಸಿಡೇಸ್ ಇನ್ಹಿಬಿಟರ್,ಅಕಾರ್ಬೋಸ್,"ಅಕಾರ್ಬೋಸ್ (ಬ್ರ್ಯಾಂಡ್ ಹೆಸರುಗಳು ಗ್ಲುಕೋಬೇ, ಪ್ರಿಕೋಸ್) ಕರುಳು ಎಷ್ಟು ಬೇಗನೆ ಒಡೆಯುತ್ತದೆ ಮತ್ತು ಆಹಾರದಿಂದ ಕಾರ್ಬೋಹೈಡ್ರೇಟ್‌ಗಳನ್ನು ಹೀರಿಕೊಳ್ಳುತ್ತದೆ ಎಂಬುದನ್ನು ನಿಧಾನಗೊಳಿಸುತ್ತದೆ, ಇದು ಊಟದ ನಂತರ ರಕ್ತದಲ್ಲಿನ ಸಕ್ಕರೆಯ ಹೆಚ್ಚಳವನ್ನು ಕಡಿಮೆ ಮಾಡುತ್ತದೆ. ಭಾರತದಲ್ಲಿ ಸಾಮಾನ್ಯವಾದ ಹೆಚ್ಚಿನ ಕಾರ್ಬೋಹೈಡ್ರೇಟ್ ಆಹಾರಗಳೊಂದಿಗೆ ಇದು ವಿಶೇಷವಾಗಿ ಉಪಯುಕ್ತವಾಗಿದೆ. (ಮೂಲ: FDA ಲೇಬಲ್; ICMR ಮಧುಮೇಹ ಮಾರ್ಗಸೂಚಿಗಳು)","ತುಂಬಾ ಸಾಮಾನ್ಯ: ಅನಿಲ, ಹೊಟ್ಟೆ ನೋವು, ಅತಿಸಾರ ಮತ್ತು ಉಬ್ಬುವುದು - ಇವುಗಳು ಡೋಸ್‌ಗೆ ಸಂಬಂಧಿಸಿವೆ ಮತ್ತು ಸಾಮಾನ್ಯವಾಗಿ ಕಾಲಾನಂತರದಲ್ಲಿ ಸರಾಗವಾಗುತ್ತವೆ. ಅಪರೂಪ: ಹೆಚ್ಚಿದ ಪಿತ್ತಜನಕಾಂಗದ ಕಿಣ್ವಗಳು, ಹೆಚ್ಚಿನ ಪ್ರಮಾಣದಲ್ಲಿ ಯಕೃತ್ತಿನ ತೊಂದರೆಗಳು, ಕರುಳಿನ ಅಡಚಣೆ. (ಮೂಲ: FDA ಡೈಲಿಮೆಡ್; SIDER)","ಉರಿಯೂತದ ಕರುಳಿನ ಕಾಯಿಲೆ, ಕರುಳಿನ ಹುಣ್ಣುಗಳು, ಭಾಗಶಃ ಕರುಳಿನ ಅಡಚಣೆ, ದೀರ್ಘಕಾಲದ ಜೀರ್ಣಕಾರಿ ಅಸ್ವಸ್ಥತೆಗಳು, ಸಿರೋಸಿಸ್, ಗಮನಾರ್ಹವಾಗಿ ಕಡಿಮೆಯಾದ ಮೂತ್ರಪಿಂಡದ ಕಾರ್ಯ, ಅಥವಾ ಟೈಪ್ 1 ಮಧುಮೇಹ ಹೊಂದಿರುವ ಜನರಿಗೆ ಅಲ್ಲ. (ಮೂಲ: FDA ಲೇಬಲ್)","ಹೊಟ್ಟೆಯ ಅಡ್ಡಪರಿಣಾಮಗಳನ್ನು ಕಡಿಮೆ ಮಾಡಲು, ವೈದ್ಯರು ಸಾಮಾನ್ಯವಾಗಿ ಕಡಿಮೆ ಪ್ರಮಾಣದಲ್ಲಿ (25 ಮಿಗ್ರಾಂ) ಪ್ರಾರಂಭಿಸುತ್ತಾರೆ ಮತ್ತು ಅದನ್ನು ನಿಧಾನವಾಗಿ ಹೆಚ್ಚಿಸುತ್ತಾರೆ. ಈ ಔಷಧಿಯನ್ನು ಇನ್ಸುಲಿನ್ ಅಥವಾ ಸಲ್ಫೋನಿಲ್ಯೂರಿಯಾದೊಂದಿಗೆ ಸಂಯೋಜಿಸುವಾಗ ನಿಮ್ಮ ರಕ್ತದಲ್ಲಿನ ಸಕ್ಕರೆಯು ತುಂಬಾ ಕಡಿಮೆಯಾದರೆ, ನೀವು ಅದನ್ನು ಶುದ್ಧ ಗ್ಲೂಕೋಸ್‌ನೊಂದಿಗೆ ಚಿಕಿತ್ಸೆ ನೀಡಬೇಕು, ಸಾಮಾನ್ಯ ಟೇಬಲ್ ಸಕ್ಕರೆ ಅಲ್ಲ, ಏಕೆಂದರೆ ಅಕಾರ್ಬೋಸ್ ಟೇಬಲ್ ಸಕ್ಕರೆಯನ್ನು ಒಡೆಯುವ ಕಿಣ್ವವನ್ನು ನಿರ್ಬಂಧಿಸುತ್ತದೆ. ಯಕೃತ್ತಿನ ಕಿಣ್ವಗಳನ್ನು ನಿಯತಕಾಲಿಕವಾಗಿ ಪರೀಕ್ಷಿಸಬೇಕು. (ಮೂಲ: ಎಫ್ಡಿಎ ಡೈಲಿಮೆಡ್)",ಜೀರ್ಣಕಾರಿ ಕಿಣ್ವದ ಪೂರಕಗಳು (ಅಮೈಲೇಸ್ ಅಥವಾ ಪ್ಯಾಂಕ್ರಿಯಾಟಿನ್ ನಂತಹ) ಅಕಾರ್ಬೋಸ್ ಅನ್ನು ಕಡಿಮೆ ಪರಿಣಾಮಕಾರಿಯಾಗಿ ಮಾಡುತ್ತದೆ - ಅವುಗಳನ್ನು ಸಂಯೋಜಿಸುವುದನ್ನು ತಪ್ಪಿಸಿ. ಸಕ್ರಿಯ ಇದ್ದಿಲು ಸಹ ಅದರ ಪರಿಣಾಮವನ್ನು ಕಡಿಮೆ ಮಾಡುತ್ತದೆ. ಇದು ಡಿಗೋಕ್ಸಿನ್ (ಹೃದಯ ಔಷಧ) ಹೀರಿಕೊಳ್ಳುವಿಕೆಯನ್ನು ಕಡಿಮೆ ಮಾಡಬಹುದು. (ಮೂಲ: FDA ಲೇಬಲ್; ಡ್ರಗ್‌ಬ್ಯಾಂಕ್),FDA DailyMed; DrugBank DB00284; ICMR 2018 — ಕನ್ನಡ,kn
amlodipine,Amlodipine,hypertension,ಅಮ್ಲೋಡಿಪಿನ್ ಬೆಸಿಲೇಟ್,ಅಧಿಕ ರಕ್ತದೊತ್ತಡ,ಕ್ಯಾಲ್ಸಿಯಂ ಚಾನೆಲ್ ಬ್ಲಾಕರ್,ಅಮ್ಲೋಡಿಪಿನ್ ಬೆಸಿಲೇಟ್,"ಅಮ್ಲೋಡಿಪೈನ್ (ಬ್ರಾಂಡ್ ಹೆಸರು ನಾರ್ವಾಸ್ಕ್) ಕ್ಯಾಲ್ಸಿಯಂ ಅನ್ನು ಹಡಗಿನ ಗೋಡೆಗಳಲ್ಲಿನ ಸ್ನಾಯು ಕೋಶಗಳಿಗೆ ಪ್ರವೇಶಿಸದಂತೆ ತಡೆಯುವ ಮೂಲಕ ರಕ್ತನಾಳಗಳನ್ನು ಸಡಿಲಗೊಳಿಸುತ್ತದೆ ಮತ್ತು ವಿಸ್ತರಿಸುತ್ತದೆ, ಇದು ರಕ್ತದೊತ್ತಡವನ್ನು ಕಡಿಮೆ ಮಾಡುತ್ತದೆ. ಇದನ್ನು ಎದೆನೋವಿಗೆ (ಆಂಜಿನಾ) ಸಹ ಬಳಸಲಾಗುತ್ತದೆ ಮತ್ತು ಭಾರತದಲ್ಲಿ ಸಾಮಾನ್ಯವಾಗಿ ಸೂಚಿಸಲಾದ ಮೊದಲ ಆಯ್ಕೆಯ ರಕ್ತದೊತ್ತಡ ಔಷಧಿಗಳಲ್ಲಿ ಒಂದಾಗಿದೆ. (ಮೂಲ: FDA ಲೇಬಲ್; ICMR ಅಧಿಕ ರಕ್ತದೊತ್ತಡ ಮಾರ್ಗಸೂಚಿಗಳು)","ಅತ್ಯಂತ ಸಾಮಾನ್ಯವಾದದ್ದು: ಕಣಕಾಲುಗಳು/ಪಾದಗಳಲ್ಲಿ ಊತ, ಫ್ಲಶಿಂಗ್, ತಲೆನೋವು, ತಲೆತಿರುಗುವಿಕೆ, ರೇಸಿಂಗ್ ಹೃದಯ ಬಡಿತ, ದಣಿವು, ಅರೆನಿದ್ರಾವಸ್ಥೆ, ವಾಕರಿಕೆ. ಅಪರೂಪ: ಗಮ್ ಊತ, ಯಕೃತ್ತಿನ ತೊಂದರೆಗಳು, ರಕ್ತದೊತ್ತಡದಲ್ಲಿ ಗಮನಾರ್ಹ ಕುಸಿತ. (ಮೂಲ: FDA ಡೈಲಿಮೆಡ್; SIDER)",ನೀವು ಅಮ್ಲೋಡಿಪೈನ್ ಅಥವಾ ಅಂತಹುದೇ ಕ್ಯಾಲ್ಸಿಯಂ-ಚಾನಲ್ ಬ್ಲಾಕರ್‌ಗಳಿಗೆ ಅಲರ್ಜಿಯನ್ನು ಹೊಂದಿದ್ದರೆ ತಪ್ಪಿಸಿ. ನೀವು ಮಹಾಪಧಮನಿಯ ಹೃದಯ ಕವಾಟದ ತೀವ್ರ ಕಿರಿದಾಗುವಿಕೆಯನ್ನು ಹೊಂದಿದ್ದರೆ ಎಚ್ಚರಿಕೆಯಿಂದ ಬಳಸಿ. (ಮೂಲ: FDA ಲೇಬಲ್),"ರಕ್ತದೊತ್ತಡವು ತುಂಬಾ ಕಡಿಮೆಯಾಗಬಹುದು, ವಿಶೇಷವಾಗಿ ನೀವು ತೀವ್ರ ಮಹಾಪಧಮನಿಯ ಕವಾಟದ ಕಿರಿದಾಗುವಿಕೆಯನ್ನು ಹೊಂದಿದ್ದರೆ. ಎದೆನೋವು ಅಥವಾ ಹೃದಯಾಘಾತವು ಈ ರೀತಿಯ ಔಷಧವನ್ನು ಪ್ರಾರಂಭಿಸಿದಾಗ ಕೆಲವೊಮ್ಮೆ ಹದಗೆಡಬಹುದು, ವಿಶೇಷವಾಗಿ ಹೃದಯದ ಅಪಧಮನಿಗಳು ಗಮನಾರ್ಹವಾಗಿ ನಿರ್ಬಂಧಿಸಲ್ಪಟ್ಟಿರುವ ಜನರಲ್ಲಿ. ಪಾದದ ಊತಕ್ಕೆ ಡೋಸ್ ಬದಲಾವಣೆಯ ಅಗತ್ಯವಿರಬಹುದು. (ಮೂಲ: ಎಫ್ಡಿಎ ಡೈಲಿಮೆಡ್)","ಕೆಲವು ಆಂಟಿಫಂಗಲ್ ಮತ್ತು ಪ್ರತಿಜೀವಕ ಔಷಧಿಗಳು (ಕೆಟೊಕೊನಜೋಲ್, ರಿಟೊನಾವಿರ್, ಕ್ಲಾರಿಥ್ರೊಮೈಸಿನ್) ಅಮ್ಲೋಡಿಪೈನ್ ಮಟ್ಟವನ್ನು ಗಮನಾರ್ಹವಾಗಿ ಹೆಚ್ಚಿಸಬಹುದು - ರಕ್ತದೊತ್ತಡವನ್ನು ಮೇಲ್ವಿಚಾರಣೆ ಮಾಡಬೇಕು. ರಿಫಾಂಪಿನ್ (ಆಂಟಿಬಯೋಟಿಕ್) ಇದು ಕಡಿಮೆ ಪರಿಣಾಮಕಾರಿಯಾಗಿದೆ. ನೀವು ಸಿಮ್ವಾಸ್ಟಾಟಿನ್ (ಕೊಲೆಸ್ಟರಾಲ್ ಔಷಧಿ) ತೆಗೆದುಕೊಂಡರೆ, ನಿಮ್ಮ ಡೋಸ್ ಅನ್ನು ದಿನಕ್ಕೆ 20 ಮಿಗ್ರಾಂಗೆ ಸೀಮಿತಗೊಳಿಸಬೇಕು. ಸೈಕ್ಲೋಸ್ಪೊರಿನ್ ಮತ್ತು ಟ್ಯಾಕ್ರೋಲಿಮಸ್ (ಅಂಗ ಕಸಿ ಔಷಧಿಗಳು) ಮಟ್ಟಗಳು ಹೆಚ್ಚಾಗಬಹುದು. (ಮೂಲ: FDA ಲೇಬಲ್; RxNav)",FDA DailyMed; DrugBank DB00381; ICMR HTN — ಕನ್ನಡ,kn
losartan,Losartan,hypertension,ಲೊಸಾರ್ಟಾನ್ ಪೊಟ್ಯಾಸಿಯಂ,ಅಧಿಕ ರಕ್ತದೊತ್ತಡ,ARB,ಲೊಸಾರ್ಟಾನ್ ಪೊಟ್ಯಾಸಿಯಂ,ಲೋಸಾರ್ಟನ್ (ಬ್ರಾಂಡ್ ಹೆಸರು ಕೊಜಾರ್) ಹಾರ್ಮೋನ್ (ಆಂಜಿಯೋಟೆನ್ಸಿನ್ II) ಕ್ರಿಯೆಯನ್ನು ನಿರ್ಬಂಧಿಸುತ್ತದೆ ಅದು ರಕ್ತನಾಳಗಳನ್ನು ಕಿರಿದಾಗಿಸುತ್ತದೆ ಮತ್ತು ರಕ್ತದೊತ್ತಡವನ್ನು ಹೆಚ್ಚಿಸುತ್ತದೆ. ಇದು ಮಧುಮೇಹ-ಸಂಬಂಧಿತ ಮೂತ್ರಪಿಂಡದ ಹಾನಿಯಿರುವ ಜನರಲ್ಲಿ ಮೂತ್ರಪಿಂಡಗಳನ್ನು ರಕ್ಷಿಸಲು ಸಹಾಯ ಮಾಡುತ್ತದೆ ಮತ್ತು ಎಸಿಇ-ಇನ್ಹಿಬಿಟರ್ ರಕ್ತದೊತ್ತಡದ ಔಷಧಿಗಳಲ್ಲಿ ಒಣ ಕೆಮ್ಮನ್ನು ಅಭಿವೃದ್ಧಿಪಡಿಸುವ ಜನರಿಗೆ ಇದನ್ನು ಹೆಚ್ಚಾಗಿ ಆಯ್ಕೆ ಮಾಡಲಾಗುತ್ತದೆ. (ಮೂಲ: FDA ಲೇಬಲ್; ಡ್ರಗ್‌ಬ್ಯಾಂಕ್),"ತಲೆತಿರುಗುವಿಕೆ, ಶೀತ-ತರಹದ ಲಕ್ಷಣಗಳು, ಉಸಿರುಕಟ್ಟಿಕೊಳ್ಳುವ ಮೂಗು, ಬೆನ್ನು ನೋವು, ದಣಿವು, ಹೆಚ್ಚಿನ ಪೊಟ್ಯಾಸಿಯಮ್ ಮಟ್ಟಗಳು ಮತ್ತು ಮೂತ್ರಪಿಂಡದ ರಕ್ತದ ಮಾರ್ಕರ್ (ಕ್ರಿಯೇಟಿನೈನ್) ಹೆಚ್ಚಳ. ಅಪರೂಪ: ಊತ ಅಲರ್ಜಿಯ ಪ್ರತಿಕ್ರಿಯೆ (ಆಂಜಿಯೋಡೆಮಾ, ಎಸಿಇ ಪ್ರತಿರೋಧಕಗಳಿಗಿಂತ ಕಡಿಮೆ ಸಾಮಾನ್ಯ), ಕಡಿಮೆ ರಕ್ತದೊತ್ತಡ, ಮೂತ್ರಪಿಂಡದ ತೊಂದರೆಗಳು. (ಮೂಲ: FDA ಡೈಲಿಮೆಡ್; SIDER)",ಯಾವುದೇ ಹಂತದಲ್ಲಿ ಗರ್ಭಾವಸ್ಥೆಯಲ್ಲಿ ಬಳಸಬೇಡಿ - ಇದು ಮಗುವಿಗೆ ಗಂಭೀರವಾಗಿ ಹಾನಿ ಮಾಡುತ್ತದೆ. ನೀವು ಮಧುಮೇಹ ಅಥವಾ ಕಡಿಮೆ ಮೂತ್ರಪಿಂಡದ ಕಾರ್ಯವನ್ನು ಹೊಂದಿದ್ದರೆ ಅಲಿಸ್ಕಿರೆನ್ (ಮತ್ತೊಂದು ರಕ್ತದೊತ್ತಡ ಔಷಧ) ನೊಂದಿಗೆ ಸಂಯೋಜಿಸುವುದನ್ನು ತಪ್ಪಿಸಿ. ಲೋಸಾರ್ಟನ್‌ಗೆ ಅಲರ್ಜಿ ಇದ್ದರೆ ತಪ್ಪಿಸಿ. (ಮೂಲ: FDA ಲೇಬಲ್),"ಪ್ರಮುಖ: ಹುಟ್ಟಲಿರುವ ಮಗುವಿಗೆ ಗಂಭೀರವಾಗಿ ಹಾನಿಯಾಗಬಹುದು - ತಕ್ಷಣವೇ ನಿಲ್ಲಿಸಿ ಮತ್ತು ನೀವು ಗರ್ಭಿಣಿಯಾಗಿದ್ದರೆ ನಿಮ್ಮ ವೈದ್ಯರಿಗೆ ತಿಳಿಸಿ. ನೀವು ನಿರ್ಜಲೀಕರಣಗೊಂಡರೆ ಅಥವಾ ಕಡಿಮೆ ಉಪ್ಪು ಆಹಾರವನ್ನು ಸೇವಿಸಿದರೆ ಕಡಿಮೆ ರಕ್ತದೊತ್ತಡವನ್ನು ಉಂಟುಮಾಡಬಹುದು. ಮೂತ್ರಪಿಂಡದ ಕಾರ್ಯ ಮತ್ತು ಪೊಟ್ಯಾಸಿಯಮ್ ಮಟ್ಟವನ್ನು ನಿಯತಕಾಲಿಕವಾಗಿ ಪರಿಶೀಲಿಸಬೇಕು, ವಿಶೇಷವಾಗಿ ನೀವು NSAID ನೋವು ನಿವಾರಕಗಳನ್ನು ತೆಗೆದುಕೊಂಡರೆ. (ಮೂಲ: FDA DailyMed ಪೆಟ್ಟಿಗೆಯ ಎಚ್ಚರಿಕೆ)",ನೀವು ಮಧುಮೇಹ ಅಥವಾ ಮೂತ್ರಪಿಂಡದ ಸಮಸ್ಯೆಗಳನ್ನು ಹೊಂದಿದ್ದರೆ ಅಲಿಸ್ಕಿರೆನ್‌ನೊಂದಿಗೆ ಸಂಯೋಜಿಸುವುದನ್ನು ಶಿಫಾರಸು ಮಾಡುವುದಿಲ್ಲ. ಪೊಟ್ಯಾಸಿಯಮ್ ಪೂರಕಗಳು ಅಥವಾ ಪೊಟ್ಯಾಸಿಯಮ್-ಸ್ಪೇರಿಂಗ್ ವಾಟರ್ ಮಾತ್ರೆಗಳು ಪೊಟ್ಯಾಸಿಯಮ್ ಅನ್ನು ಹೆಚ್ಚು ತಳ್ಳಬಹುದು. NSAID ನೋವು ನಿವಾರಕಗಳು ಅದರ ರಕ್ತದೊತ್ತಡ-ಕಡಿಮೆಗೊಳಿಸುವ ಪರಿಣಾಮವನ್ನು ಕಡಿಮೆ ಮಾಡುತ್ತದೆ ಮತ್ತು ಮೂತ್ರಪಿಂಡಗಳನ್ನು ತಗ್ಗಿಸಬಹುದು. ಇದು ವಿಷಕಾರಿ ಮಟ್ಟಕ್ಕೆ ಲಿಥಿಯಂ ಮಟ್ಟವನ್ನು ಹೆಚ್ಚಿಸಬಹುದು. (ಮೂಲ: FDA ಲೇಬಲ್; RxNav),FDA DailyMed; DrugBank DB00678 — ಕನ್ನಡ,kn
enalapril,Enalapril,hypertension,ಎನಾಲಾಪ್ರಿಲ್ ಮ್ಯಾಲೇಟ್,ಅಧಿಕ ರಕ್ತದೊತ್ತಡ,ACE ಇನ್ಹಿಬಿಟರ್,ಎನಾಲಾಪ್ರಿಲ್ ಮ್ಯಾಲೇಟ್,"ಎನಾಲಾಪ್ರಿಲ್ (ಬ್ರ್ಯಾಂಡ್ ಹೆಸರು ವಾಸೊಟೆಕ್) ಅನ್ನು ಯಕೃತ್ತಿನಿಂದ ಅದರ ಸಕ್ರಿಯ ರೂಪಕ್ಕೆ ಪರಿವರ್ತಿಸಲಾಗುತ್ತದೆ, ಇದು ರಕ್ತನಾಳಗಳನ್ನು ಕಿರಿದಾಗಿಸುವಲ್ಲಿ ಒಳಗೊಂಡಿರುವ ಕಿಣ್ವವನ್ನು (ಎಸಿಇ) ನಿರ್ಬಂಧಿಸುತ್ತದೆ. ಇದು ರಕ್ತನಾಳಗಳನ್ನು ಸಡಿಲಗೊಳಿಸುತ್ತದೆ ಮತ್ತು ರಕ್ತದೊತ್ತಡವನ್ನು ಕಡಿಮೆ ಮಾಡುತ್ತದೆ ಮತ್ತು ಇದನ್ನು ಹೃದಯ ವೈಫಲ್ಯಕ್ಕೂ ಬಳಸಲಾಗುತ್ತದೆ. (ಮೂಲ: FDA ಲೇಬಲ್; ಡ್ರಗ್‌ಬ್ಯಾಂಕ್)","ಒಣ, ನಿರಂತರ ಕೆಮ್ಮು ಬಹಳ ಸಾಮಾನ್ಯವಾಗಿದೆ (ಸುಮಾರು 5 ರಲ್ಲಿ 1 ರಿಂದ 10 ಜನರಲ್ಲಿ 1). ತಲೆತಿರುಗುವಿಕೆ, ತಲೆನೋವು, ಸುಸ್ತು, ಹೆಚ್ಚಿನ ಪೊಟ್ಯಾಸಿಯಮ್ ಮತ್ತು ಮೂತ್ರಪಿಂಡದ ರಕ್ತದ ಗುರುತುಗಳ ಹೆಚ್ಚಳ. ಅಪರೂಪದ ಆದರೆ ಗಂಭೀರ: ಊತ ಅಲರ್ಜಿಯ ಪ್ರತಿಕ್ರಿಯೆ (ಆಂಜಿಯೋಡೆಮಾ) ಇದು ಮಾರಣಾಂತಿಕವಾಗಬಹುದು ಮತ್ತು ಮೂತ್ರಪಿಂಡದ ಸಮಸ್ಯೆಗಳಿರುವ ಜನರಲ್ಲಿ ಕಡಿಮೆ ಬಿಳಿ ರಕ್ತ ಕಣಗಳ ಎಣಿಕೆಗಳು. (ಮೂಲ: FDA ಡೈಲಿಮೆಡ್; SIDER)",ಗರ್ಭಾವಸ್ಥೆಯಲ್ಲಿ ತಪ್ಪಿಸಿ. ನೀವು ಎಂದಾದರೂ ಎಸಿಇ-ಇನ್ಹಿಬಿಟರ್ ಔಷಧದಿಂದ ಊತ ಪ್ರತಿಕ್ರಿಯೆಗಳನ್ನು (ಆಂಜಿಯೋಡೆಮಾ) ಹೊಂದಿದ್ದರೆ ಅಥವಾ ಆನುವಂಶಿಕ ಊತ ಸ್ಥಿತಿಯಿಂದ ಬಳಸಬೇಡಿ. ನಿಮಗೆ ಮಧುಮೇಹ ಅಥವಾ ಮೂತ್ರಪಿಂಡದ ಸಮಸ್ಯೆಗಳಿದ್ದರೆ ಅಲಿಸ್ಕಿರೆನ್‌ನೊಂದಿಗೆ ಸಂಯೋಜಿಸುವುದನ್ನು ತಪ್ಪಿಸಿ ಮತ್ತು ಅವುಗಳ ನಡುವೆ 36-ಗಂಟೆಗಳ ಅಂತರವಿಲ್ಲದೆ ಸ್ಯಾಕುಬಿಟ್ರಿಲ್/ವಲ್ಸಾರ್ಟನ್‌ನೊಂದಿಗೆ ಸಂಯೋಜಿಸಬೇಡಿ. (ಮೂಲ: FDA ಲೇಬಲ್),"ಪ್ರಮುಖ: ಹುಟ್ಟಲಿರುವ ಮಗುವಿಗೆ ಗಂಭೀರವಾಗಿ ಹಾನಿಯಾಗಬಹುದು - ನೀವು ಗರ್ಭಿಣಿಯಾಗಿದ್ದರೆ ತಕ್ಷಣವೇ ನಿಲ್ಲಿಸಿ. ತುರ್ತು ಆರೈಕೆಯ ಅಗತ್ಯವಿರುವ ಮುಖ, ತುಟಿಗಳು, ನಾಲಿಗೆ ಅಥವಾ ಗಂಟಲು (ಆಂಜಿಯೋಡೆಮಾ) ಹಠಾತ್ ಊತಕ್ಕಾಗಿ ವೀಕ್ಷಿಸಿ. ಮೊದಲ ಡೋಸ್ ನಂತರ ರಕ್ತದೊತ್ತಡ ಗಮನಾರ್ಹವಾಗಿ ಇಳಿಯಬಹುದು, ವಿಶೇಷವಾಗಿ ನೀವು ನಿರ್ಜಲೀಕರಣಗೊಂಡಿದ್ದರೆ. ಮೂತ್ರಪಿಂಡದ ಕಾರ್ಯ ಮತ್ತು ಪೊಟ್ಯಾಸಿಯಮ್ ಅನ್ನು ನಿಯಮಿತವಾಗಿ ಪರಿಶೀಲಿಸಬೇಕು. (ಮೂಲ: ಎಫ್ಡಿಎ ಡೈಲಿಮೆಡ್)",ಮಧುಮೇಹ ಅಥವಾ ಮೂತ್ರಪಿಂಡದ ಕಾಯಿಲೆಗಳಲ್ಲಿ ಅಲಿಸ್ಕಿರೆನ್‌ನೊಂದಿಗೆ ಸಂಯೋಜಿಸುವುದನ್ನು ಶಿಫಾರಸು ಮಾಡುವುದಿಲ್ಲ. ಪೊಟ್ಯಾಸಿಯಮ್-ಸ್ಪೇರಿಂಗ್ ವಾಟರ್ ಮಾತ್ರೆಗಳು ಅಥವಾ ಪೊಟ್ಯಾಸಿಯಮ್ ಪೂರಕಗಳು ಪೊಟ್ಯಾಸಿಯಮ್ ಅನ್ನು ಅಪಾಯಕಾರಿ ಮಟ್ಟಕ್ಕೆ ಹೆಚ್ಚಿಸಬಹುದು. NSAID ನೋವು ನಿವಾರಕಗಳು ಅದರ ಪರಿಣಾಮವನ್ನು ಕಡಿಮೆ ಮಾಡುತ್ತದೆ ಮತ್ತು ಮೂತ್ರಪಿಂಡಗಳನ್ನು ತಗ್ಗಿಸಬಹುದು. ಇದು ಲಿಥಿಯಂ ಮಟ್ಟವನ್ನು ಹೆಚ್ಚಿಸಬಹುದು. (ಮೂಲ: FDA ಲೇಬಲ್; RxNav),FDA DailyMed; DrugBank DB00584 — ಕನ್ನಡ,kn
telmisartan,Telmisartan,hypertension,ಟೆಲ್ಮಿಸಾರ್ಟಾನ್,ಅಧಿಕ ರಕ್ತದೊತ್ತಡ,ARB,ಟೆಲ್ಮಿಸಾರ್ಟಾನ್,"ಟೆಲ್ಮಿಸಾರ್ಟನ್ (ಬ್ರಾಂಡ್ ಹೆಸರು ಮಿಕಾರ್ಡಿಸ್) ರಕ್ತನಾಳಗಳನ್ನು ಕಿರಿದಾಗಿಸುವ ಹಾರ್ಮೋನ್ ಅನ್ನು ನಿರ್ಬಂಧಿಸುತ್ತದೆ ಮತ್ತು ಒಂದೇ ರೀತಿಯ ಔಷಧಿಗಳಿಗಿಂತ (ಸುಮಾರು 24 ಗಂಟೆಗಳ ಕಾಲ) ದೇಹದಲ್ಲಿ ದೀರ್ಘಕಾಲ ಇರುತ್ತದೆ, ದಿನಕ್ಕೆ ಒಂದು ಡೋಸ್‌ನೊಂದಿಗೆ ಸ್ಥಿರವಾದ ರಕ್ತದೊತ್ತಡ ನಿಯಂತ್ರಣವನ್ನು ನೀಡುತ್ತದೆ. ಇದು ಸಾಧಾರಣವಾಗಿ ದೇಹವು ಇನ್ಸುಲಿನ್‌ಗೆ ಉತ್ತಮವಾಗಿ ಪ್ರತಿಕ್ರಿಯಿಸಲು ಸಹಾಯ ಮಾಡುತ್ತದೆ ಮತ್ತು ಎಸಿಇ-ಪ್ರತಿಬಂಧಕ ಔಷಧಿಗಳ ಮೇಲೆ ಕೆಮ್ಮುವ ಜನರಲ್ಲಿ ಇದನ್ನು ಹೆಚ್ಚಾಗಿ ಬಳಸಲಾಗುತ್ತದೆ. (ಮೂಲ: FDA ಲೇಬಲ್; ಡ್ರಗ್‌ಬ್ಯಾಂಕ್)","ಶೀತದಂತಹ ಲಕ್ಷಣಗಳು, ಬೆನ್ನು ನೋವು, ಸೈನಸ್ ಸಮಸ್ಯೆಗಳು, ಅತಿಸಾರ, ತಲೆತಿರುಗುವಿಕೆ, ಹೆಚ್ಚಿನ ಪೊಟ್ಯಾಸಿಯಮ್, ಮೂತ್ರದ ಸೋಂಕುಗಳು. ಅಪರೂಪ: ಊತ ಅಲರ್ಜಿಯ ಪ್ರತಿಕ್ರಿಯೆ, ಕಡಿಮೆ ರಕ್ತದೊತ್ತಡ, ಹೆಚ್ಚಿದ ಯಕೃತ್ತಿನ ಕಿಣ್ವಗಳು. (ಮೂಲ: FDA ಡೈಲಿಮೆಡ್; SIDER)",ಗರ್ಭಾವಸ್ಥೆಯಲ್ಲಿ ತಪ್ಪಿಸಿ. ಟೆಲ್ಮಿಸಾರ್ಟನ್‌ಗೆ ಅಲರ್ಜಿ ಇದ್ದರೆ ತಪ್ಪಿಸಿ. ನೀವು ಮಧುಮೇಹ ಅಥವಾ ಕಡಿಮೆ ಮೂತ್ರಪಿಂಡದ ಕಾರ್ಯವನ್ನು ಹೊಂದಿದ್ದರೆ ಅಲಿಸ್ಕಿರೆನ್ ಜೊತೆ ಸಂಯೋಜಿಸುವುದನ್ನು ತಪ್ಪಿಸಿ. (ಮೂಲ: FDA ಲೇಬಲ್),"ಪ್ರಮುಖ: ಹುಟ್ಟಲಿರುವ ಮಗುವಿಗೆ ಗಂಭೀರವಾಗಿ ಹಾನಿಯಾಗಬಹುದು - ನೀವು ಗರ್ಭಿಣಿಯಾಗಿದ್ದರೆ ತಕ್ಷಣವೇ ನಿಲ್ಲಿಸಿ. ನೀವು ನಿರ್ಜಲೀಕರಣಗೊಂಡರೆ ಅಥವಾ ಕಡಿಮೆ ಉಪ್ಪು ಆಹಾರವನ್ನು ಸೇವಿಸಿದರೆ ರಕ್ತದೊತ್ತಡ ಕಡಿಮೆಯಾಗಬಹುದು. ಮೂತ್ರಪಿಂಡದ ಕಾರ್ಯವನ್ನು ಹದಗೆಡಿಸಬಹುದು, ವಿಶೇಷವಾಗಿ NSAID ನೋವು ನಿವಾರಕಗಳೊಂದಿಗೆ ಸಂಯೋಜಿಸಲಾಗಿದೆ. ಪೊಟ್ಯಾಸಿಯಮ್ ಮಟ್ಟವನ್ನು ಮೇಲ್ವಿಚಾರಣೆ ಮಾಡಬೇಕು. (ಮೂಲ: ಎಫ್ಡಿಎ ಡೈಲಿಮೆಡ್)",ಡಿಗೋಕ್ಸಿನ್ (ಹೃದಯದ ಔಷಧ) ರಕ್ತದ ಮಟ್ಟವನ್ನು ಹೆಚ್ಚಿಸುತ್ತದೆ - ಇದಕ್ಕೆ ಮೇಲ್ವಿಚಾರಣೆಯ ಅಗತ್ಯವಿದೆ. ಲಿಥಿಯಂ ವಿಷತ್ವವನ್ನು ಹೆಚ್ಚಿಸಬಹುದು. ರಾಮಿಪ್ರಿಲ್ (ಅದೇ ವ್ಯವಸ್ಥೆಯಲ್ಲಿ ಕಾರ್ಯನಿರ್ವಹಿಸುವ ಮತ್ತೊಂದು ರಕ್ತದೊತ್ತಡ ಔಷಧಿ) ನೊಂದಿಗೆ ಸಂಯೋಜಿಸಲು ಶಿಫಾರಸು ಮಾಡುವುದಿಲ್ಲ. NSAID ನೋವು ನಿವಾರಕಗಳು ಅದರ ಪರಿಣಾಮವನ್ನು ಕಡಿಮೆ ಮಾಡುತ್ತದೆ ಮತ್ತು ಮೂತ್ರಪಿಂಡದ ಅಪಾಯವನ್ನು ಸೇರಿಸುತ್ತದೆ. (ಮೂಲ: FDA ಲೇಬಲ್; ಡ್ರಗ್‌ಬ್ಯಾಂಕ್),FDA DailyMed; DrugBank DB00966 — ಕನ್ನಡ,kn
hydrochlorothiazide,Hydrochlorothiazide,hypertension,ಹೈಡ್ರೋಕ್ಲೋರೋಥಿಯಾಝೈಡ್,ಅಧಿಕ ರಕ್ತದೊತ್ತಡ,ಥಿಯಾಝೈಡ್ ಮೂತ್ರಾಧಿಕ್ಯ ಔಷಧ,ಹೈಡ್ರೋಕ್ಲೋರೋಥಿಯಾಝೈಡ್,"ಹೈಡ್ರೋಕ್ಲೋರೋಥಿಯಾಜೈಡ್ (ಹೆಚ್ಚಾಗಿ HCTZ ಎಂದು ಕರೆಯಲ್ಪಡುವ) ನೀರಿನ ಮಾತ್ರೆ (ಮೂತ್ರವರ್ಧಕ) ಮೂತ್ರಪಿಂಡಗಳು ಹೆಚ್ಚು ಉಪ್ಪು ಮತ್ತು ನೀರನ್ನು ಹೊರಹಾಕುವಂತೆ ಮಾಡುತ್ತದೆ, ಇದು ರಕ್ತದೊತ್ತಡವನ್ನು ಕಡಿಮೆ ಮಾಡುತ್ತದೆ - ಮೊದಲು ದ್ರವದ ಪ್ರಮಾಣವನ್ನು ಕಡಿಮೆ ಮಾಡುವ ಮೂಲಕ ಮತ್ತು ಕಾಲಾನಂತರದಲ್ಲಿ ರಕ್ತನಾಳಗಳನ್ನು ವಿಶ್ರಾಂತಿ ಮಾಡುವ ಮೂಲಕ. ಇದನ್ನು ಸಾಮಾನ್ಯವಾಗಿ ಇತರ ರಕ್ತದೊತ್ತಡ ಔಷಧಿಗಳೊಂದಿಗೆ ಸಂಯೋಜಿಸಲಾಗುತ್ತದೆ. (ಮೂಲ: FDA ಲೇಬಲ್; ಡ್ರಗ್‌ಬ್ಯಾಂಕ್)","ಪೊಟ್ಯಾಸಿಯಮ್, ಸೋಡಿಯಂ ಮತ್ತು ಮೆಗ್ನೀಸಿಯಮ್ ಮಟ್ಟವನ್ನು ಕಡಿಮೆ ಮಾಡಬಹುದು ಮತ್ತು ಯೂರಿಕ್ ಆಮ್ಲ, ರಕ್ತದಲ್ಲಿನ ಸಕ್ಕರೆ ಮತ್ತು ಕೊಲೆಸ್ಟ್ರಾಲ್ ಅನ್ನು ಹೆಚ್ಚಿಸಬಹುದು. ಸೂರ್ಯನ ಸಂವೇದನೆ, ತಲೆತಿರುಗುವಿಕೆ, ತಲೆನೋವು, ನಿಂತಿರುವಾಗ ತಲೆತಿರುಗುವಿಕೆ ಮತ್ತು ಲೈಂಗಿಕ ಕ್ರಿಯೆ ಕಡಿಮೆಯಾಗಿದೆ. ಅಪರೂಪ: ಮೇದೋಜ್ಜೀರಕ ಗ್ರಂಥಿಯ ಉರಿಯೂತ, ರಕ್ತ ಅಸ್ವಸ್ಥತೆಗಳು, ತೀವ್ರ ಚರ್ಮದ ಪ್ರತಿಕ್ರಿಯೆಗಳು. (ಮೂಲ: FDA ಡೈಲಿಮೆಡ್; SIDER)","ಮೂತ್ರವನ್ನು ಉತ್ಪಾದಿಸದ, ಹೈಡ್ರೋಕ್ಲೋರೋಥಿಯಾಜೈಡ್ ಅಥವಾ ಸಲ್ಫಾ ಔಷಧಿಗಳಿಗೆ ಅಲರ್ಜಿಯನ್ನು ಹೊಂದಿರುವ ಅಥವಾ ಗಮನಾರ್ಹ ಮೂತ್ರಪಿಂಡ ವೈಫಲ್ಯವನ್ನು ಹೊಂದಿರುವ ಜನರಿಗೆ ಅಲ್ಲ. (ಮೂಲ: FDA ಲೇಬಲ್)","ರಕ್ತದಲ್ಲಿನ ಉಪ್ಪು ಮತ್ತು ಖನಿಜ ಮಟ್ಟವನ್ನು (ವಿಶೇಷವಾಗಿ ಪೊಟ್ಯಾಸಿಯಮ್ ಮತ್ತು ಸೋಡಿಯಂ) ನಿಯಮಿತವಾಗಿ ಪರಿಶೀಲಿಸಬೇಕು. ಮಧುಮೇಹವನ್ನು ನಿಯಂತ್ರಿಸಲು ಕಷ್ಟವಾಗಬಹುದು. ಯೂರಿಕ್ ಆಮ್ಲವನ್ನು ಹೆಚ್ಚಿಸುವ ಮೂಲಕ ಗೌಟ್ ಅನ್ನು ಪ್ರಚೋದಿಸಬಹುದು. ದೀರ್ಘಾವಧಿಯ ಬಳಕೆಯು ಹೆಚ್ಚುವರಿ ಸೂರ್ಯನ ಮಾನ್ಯತೆಯೊಂದಿಗೆ ಚರ್ಮದ ಕ್ಯಾನ್ಸರ್ ಅಪಾಯವನ್ನು ಹೆಚ್ಚಿಸುತ್ತದೆ, ಆದ್ದರಿಂದ ಸೂರ್ಯನ ರಕ್ಷಣೆಯನ್ನು ಬಳಸಿ. (ಮೂಲ: FDA DailyMed; EMA)","ಒಟ್ಟಿಗೆ ತೆಗೆದುಕೊಂಡರೆ ಲಿಥಿಯಂ ವಿಷತ್ವದ ಅಪಾಯವನ್ನು ಗಮನಾರ್ಹವಾಗಿ ಹೆಚ್ಚಿಸುತ್ತದೆ. NSAID ನೋವು ನಿವಾರಕಗಳು ಅದರ ನೀರು-ಮಾತ್ರೆ ಮತ್ತು ರಕ್ತದೊತ್ತಡದ ಪರಿಣಾಮಗಳನ್ನು ಕಡಿಮೆ ಮಾಡುತ್ತದೆ. ರಕ್ತದಲ್ಲಿನ ಸಕ್ಕರೆಯನ್ನು ಹೆಚ್ಚಿಸಬಹುದು, ಮಧುಮೇಹ ಔಷಧಿಗಳ ವಿರುದ್ಧ ಕೆಲಸ ಮಾಡಬಹುದು. ಸ್ಟೀರಾಯ್ಡ್ಗಳು ಪೊಟ್ಯಾಸಿಯಮ್ ನಷ್ಟಕ್ಕೆ ಸೇರಿಸುತ್ತವೆ. ಈ ಔಷಧಿಯಿಂದ ಕಡಿಮೆ ಪೊಟ್ಯಾಸಿಯಮ್ ಡಿಗೋಕ್ಸಿನ್ (ಹೃದಯ ಔಷಧ) ಸಮಸ್ಯೆಗಳನ್ನು ಉಂಟುಮಾಡುವ ಸಾಧ್ಯತೆಯನ್ನು ಉಂಟುಮಾಡಬಹುದು. (ಮೂಲ: FDA ಲೇಬಲ್; RxNav)",FDA DailyMed; DrugBank DB00999 — ಕನ್ನಡ,kn
atenolol,Atenolol,hypertension,ಅಟೆನೊಲಾಲ್,ಅಧಿಕ ರಕ್ತದೊತ್ತಡ,ಬೀಟಾ-1 ಬ್ಲಾಕರ್,ಅಟೆನೊಲಾಲ್,"ಅಟೆನೊಲೊಲ್ (ಬ್ರಾಂಡ್ ಹೆಸರು ಟೆನಾರ್ಮಿನ್) ಬೀಟಾ-ಬ್ಲಾಕರ್ ಆಗಿದ್ದು ಅದು ಮುಖ್ಯವಾಗಿ ಹೃದಯದಲ್ಲಿನ ಗ್ರಾಹಕಗಳನ್ನು ಗುರಿಯಾಗಿಸುತ್ತದೆ, ಹೃದಯ ಬಡಿತವನ್ನು ನಿಧಾನಗೊಳಿಸುತ್ತದೆ ಮತ್ತು ಅದು ಎಷ್ಟು ಗಟ್ಟಿಯಾಗಿ ಪಂಪ್ ಮಾಡುತ್ತದೆ, ಇದು ರಕ್ತದೊತ್ತಡವನ್ನು ಕಡಿಮೆ ಮಾಡುತ್ತದೆ. ಇದು ಭಾರತದಲ್ಲಿ ವ್ಯಾಪಕವಾಗಿ ಬಳಸಲ್ಪಡುತ್ತದೆ ಮತ್ತು ಹಳೆಯ ಬೀಟಾ-ಬ್ಲಾಕರ್‌ಗಳಿಗಿಂತ ಶ್ವಾಸಕೋಶದ ಮೇಲೆ ಕಡಿಮೆ ಪರಿಣಾಮ ಬೀರುತ್ತದೆ. (ಮೂಲ: FDA ಲೇಬಲ್; ಡ್ರಗ್‌ಬ್ಯಾಂಕ್)","ನಿಧಾನವಾದ ಹೃದಯ ಬಡಿತ, ಆಯಾಸ, ತಲೆತಿರುಗುವಿಕೆ, ಕಡಿಮೆ ಮೂಡ್, ತಣ್ಣನೆಯ ಕೈಗಳು/ಕಾಲುಗಳು, ನಿದ್ರೆಯ ತೊಂದರೆಗಳು, ಕಡಿಮೆ ಲೈಂಗಿಕ ಕ್ರಿಯೆ, ಉಸಿರಾಟದ ತೊಂದರೆ. ಇದಕ್ಕೆ ಒಳಗಾಗುವ ಜನರಲ್ಲಿ, ಶ್ವಾಸನಾಳದ ಬಿಗಿತವನ್ನು ಪ್ರಚೋದಿಸಬಹುದು (ಬ್ರಾಂಕೋಸ್ಪಾಸ್ಮ್). ಸಾಮಾನ್ಯವಾಗಿ ಕಡಿಮೆ ರಕ್ತದ ಸಕ್ಕರೆಯ ಬಗ್ಗೆ ಎಚ್ಚರಿಸುವ ವೇಗದ ಹೃದಯ ಬಡಿತವನ್ನು ಮರೆಮಾಡಬಹುದು. (ಮೂಲ: FDA ಡೈಲಿಮೆಡ್; SIDER)","ತುಂಬಾ ನಿಧಾನವಾದ ಹೃದಯ ಬಡಿತ, ಗಮನಾರ್ಹವಾದ ಹೃದಯಾಘಾತ, ಕಾರ್ಡಿಯೋಜೆನಿಕ್ ಆಘಾತ ಅಥವಾ ಬಹಿರಂಗವಾದ ಹೃದಯ ವೈಫಲ್ಯದ ಜನರಿಗೆ ಅಲ್ಲ. ಅಟೆನೊಲೊಲ್ಗೆ ಅಲರ್ಜಿ ಇದ್ದರೆ ತಪ್ಪಿಸಿ. ಹಳೆಯ ಬೀಟಾ-ಬ್ಲಾಕರ್‌ಗಳಿಗಿಂತ ಹೆಚ್ಚು ಹೃದಯ-ಆಯ್ಕೆಯಾಗಿದ್ದರೂ ಆಸ್ತಮಾ ಅಥವಾ COPD ಯಲ್ಲಿ ಎಚ್ಚರಿಕೆಯಿಂದ ಬಳಸಿ. (ಮೂಲ: FDA ಲೇಬಲ್)","ಈ ಔಷಧಿಯನ್ನು ಇದ್ದಕ್ಕಿದ್ದಂತೆ ನಿಲ್ಲಿಸಬೇಡಿ - ಇದು ಹದಗೆಡುತ್ತಿರುವ ಎದೆ ನೋವು, ಹೃದಯಾಘಾತ ಅಥವಾ ಅಸಹಜ ಹೃದಯದ ಲಯವನ್ನು ಪ್ರಚೋದಿಸಬಹುದು; ನಿಮ್ಮ ವೈದ್ಯರು 1-2 ವಾರಗಳಲ್ಲಿ ಅದನ್ನು ಕಡಿಮೆಗೊಳಿಸುತ್ತಾರೆ. ಮಧುಮೇಹ ಹೊಂದಿರುವ ಜನರಲ್ಲಿ, ಇದು ಕಡಿಮೆ ರಕ್ತದ ಸಕ್ಕರೆಯ ಎಚ್ಚರಿಕೆ ಚಿಹ್ನೆಗಳನ್ನು ಮರೆಮಾಡುತ್ತದೆ. ಕೈಗಳು/ಕಾಲುಗಳಲ್ಲಿ ಕಳಪೆ ರಕ್ತಪರಿಚಲನೆಯನ್ನು ಇನ್ನಷ್ಟು ಹದಗೆಡಿಸಬಹುದು. (ಮೂಲ: ಎಫ್ಡಿಎ ಡೈಲಿಮೆಡ್)","ಕೆಲವು ರಕ್ತದೊತ್ತಡ ಔಷಧಿಗಳೊಂದಿಗೆ (ವೆರಪಾಮಿಲ್, ಡಿಲ್ಟಿಯಾಜೆಮ್) ಸಂಯೋಜಿಸುವುದು ಅಪಾಯಕಾರಿ ನಿಧಾನವಾದ ಹೃದಯ ಬಡಿತ ಅಥವಾ ಹೃದಯಾಘಾತಕ್ಕೆ ಕಾರಣವಾಗಬಹುದು. ನೀವು ಕ್ಲೋನಿಡೈನ್ ಅನ್ನು ಸಹ ಬಳಸುತ್ತಿದ್ದರೆ, ಈ ಔಷಧಿಯನ್ನು ಸೇವಿಸುತ್ತಿರುವಾಗ ಅದನ್ನು ನಿಲ್ಲಿಸುವುದರಿಂದ ರಕ್ತದೊತ್ತಡದಲ್ಲಿ ತೀಕ್ಷ್ಣವಾದ ಮರುಕಳಿಸುವಿಕೆಗೆ ಕಾರಣವಾಗಬಹುದು. ಇನ್ಸುಲಿನ್ ಅಥವಾ ಡಯಾಬಿಟಿಸ್ ಮಾತ್ರೆಗಳೊಂದಿಗೆ ಸಂಯೋಜಿಸಿ, ಇದು ಕಡಿಮೆ ರಕ್ತದ ಸಕ್ಕರೆಯನ್ನು ವಿಸ್ತರಿಸಬಹುದು ಮತ್ತು ಮರೆಮಾಡಬಹುದು. NSAID ನೋವು ನಿವಾರಕಗಳು ಅದರ ರಕ್ತದೊತ್ತಡ-ಕಡಿಮೆಗೊಳಿಸುವ ಪರಿಣಾಮವನ್ನು ಕಡಿಮೆ ಮಾಡುತ್ತದೆ. (ಮೂಲ: FDA ಲೇಬಲ್; RxNav)",FDA DailyMed; DrugBank DB00335 — ಕನ್ನಡ,kn
ramipril,Ramipril,hypertension,ರಾಮಿಪ್ರಿಲ್,ಅಧಿಕ ರಕ್ತದೊತ್ತಡ,ACE ಇನ್ಹಿಬಿಟರ್,ರಾಮಿಪ್ರಿಲ್,"ರಾಮಿಪ್ರಿಲ್ (ಬ್ರಾಂಡ್ ಹೆಸರು ಅಲ್ಟೇಸ್) ಅನ್ನು ದೇಹವು ಅದರ ಸಕ್ರಿಯ ರೂಪಕ್ಕೆ ಪರಿವರ್ತಿಸುತ್ತದೆ, ಇದು ರಕ್ತನಾಳಗಳನ್ನು ಕಿರಿದಾಗಿಸುವಲ್ಲಿ ಒಳಗೊಂಡಿರುವ ಎಸಿಇ ಕಿಣ್ವವನ್ನು ನಿರ್ಬಂಧಿಸುತ್ತದೆ, ರಕ್ತದೊತ್ತಡವನ್ನು ಕಡಿಮೆ ಮಾಡುತ್ತದೆ. ದೊಡ್ಡ ಪ್ರಯೋಗಗಳು ಇದು ಹೃದಯಾಘಾತ, ಪಾರ್ಶ್ವವಾಯು ಮತ್ತು ಹೆಚ್ಚಿನ ಅಪಾಯದ ರೋಗಿಗಳಲ್ಲಿ ಹೃದಯರಕ್ತನಾಳದ ಸಾವುಗಳನ್ನು ಕಡಿಮೆ ಮಾಡುತ್ತದೆ ಎಂದು ತೋರಿಸಿದೆ ಮತ್ತು ಇದನ್ನು ಭಾರತದಲ್ಲಿ ವ್ಯಾಪಕವಾಗಿ ಸೂಚಿಸಲಾಗುತ್ತದೆ. (ಮೂಲ: FDA ಲೇಬಲ್; ಡ್ರಗ್‌ಬ್ಯಾಂಕ್)","ಒಣ ಕೆಮ್ಮು (ಸುಮಾರು 10 ರಲ್ಲಿ 1), ತಲೆತಿರುಗುವಿಕೆ, ತಲೆನೋವು, ದಣಿವು, ಹೆಚ್ಚಿನ ಪೊಟ್ಯಾಸಿಯಮ್ ಮತ್ತು ಮೂತ್ರಪಿಂಡದ ರಕ್ತದ ಗುರುತುಗಳು ಹೆಚ್ಚಾಗುತ್ತವೆ. ಅಪರೂಪದ ಆದರೆ ಗಂಭೀರ: ಊತ ಅಲರ್ಜಿಯ ಪ್ರತಿಕ್ರಿಯೆ, ಕಡಿಮೆ ರಕ್ತದೊತ್ತಡ, ಕಡಿಮೆ ಬಿಳಿ ರಕ್ತ ಕಣಗಳ ಎಣಿಕೆ, ಮೂತ್ರಪಿಂಡ ವೈಫಲ್ಯ. (ಮೂಲ: FDA ಡೈಲಿಮೆಡ್; SIDER)",ಗರ್ಭಾವಸ್ಥೆಯಲ್ಲಿ ತಪ್ಪಿಸಿ. ನೀವು ಮೊದಲು ACE-ಪ್ರತಿಬಂಧಕಕ್ಕೆ ಊತ ಪ್ರತಿಕ್ರಿಯೆಯನ್ನು ಹೊಂದಿದ್ದರೆ ಅಥವಾ ಆನುವಂಶಿಕ ಊತ ಸ್ಥಿತಿಯನ್ನು ಹೊಂದಿದ್ದರೆ ಬಳಸಬೇಡಿ. ನೀವು ಮಧುಮೇಹವನ್ನು ಹೊಂದಿದ್ದರೆ ಅಥವಾ 60 ಕ್ಕಿಂತ ಕಡಿಮೆ ಇಜಿಎಫ್ಆರ್ (ಕಿಡ್ನಿ ಫಂಕ್ಷನ್ ಸ್ಕೋರ್) ಹೊಂದಿದ್ದರೆ ಅಲಿಸ್ಕಿರೆನ್ ಜೊತೆ ಸಂಯೋಜಿಸುವುದನ್ನು ತಪ್ಪಿಸಿ. 36-ಗಂಟೆಗಳ ಅಂತರವಿಲ್ಲದೆ ಸ್ಯಾಕುಬಿಟ್ರಿಲ್/ವಲ್ಸಾರ್ಟನ್ ಜೊತೆ ಸಂಯೋಜಿಸುವುದನ್ನು ತಪ್ಪಿಸಿ. (ಮೂಲ: FDA ಲೇಬಲ್),"ಪ್ರಮುಖ: ಹುಟ್ಟಲಿರುವ ಮಗುವಿಗೆ ಗಂಭೀರವಾಗಿ ಹಾನಿಯಾಗಬಹುದು - ನೀವು ಗರ್ಭಿಣಿಯಾಗಿದ್ದರೆ ತಕ್ಷಣವೇ ನಿಲ್ಲಿಸಿ. ಮುಖ, ತುಟಿಗಳು, ನಾಲಿಗೆ ಅಥವಾ ಗಂಟಲಿನ ಹಠಾತ್ ಊತಕ್ಕಾಗಿ ವೀಕ್ಷಿಸಿ, ಇದು ಜೀವಕ್ಕೆ ಅಪಾಯಕಾರಿ ಮತ್ತು ಕಪ್ಪು ರೋಗಿಗಳಲ್ಲಿ ಹೆಚ್ಚಾಗಿ ಕಂಡುಬರುತ್ತದೆ. ಮೊದಲ ಡೋಸ್‌ನೊಂದಿಗೆ ರಕ್ತದೊತ್ತಡವು ಗಮನಾರ್ಹವಾಗಿ ಇಳಿಯಬಹುದು, ವಿಶೇಷವಾಗಿ ನಿರ್ಜಲೀಕರಣಗೊಂಡರೆ. ಮೂತ್ರಪಿಂಡದ ಕಾರ್ಯ ಮತ್ತು ಪೊಟ್ಯಾಸಿಯಮ್ ಅನ್ನು ಮೇಲ್ವಿಚಾರಣೆ ಮಾಡಬೇಕು. (ಮೂಲ: ಎಫ್ಡಿಎ ಡೈಲಿಮೆಡ್)",ಮಧುಮೇಹ ಅಥವಾ ಮೂತ್ರಪಿಂಡದ ಕಾಯಿಲೆಗಳಲ್ಲಿ ಅಲಿಸ್ಕಿರೆನ್‌ನೊಂದಿಗೆ ಸಂಯೋಜಿಸುವುದನ್ನು ಶಿಫಾರಸು ಮಾಡುವುದಿಲ್ಲ. ಪೊಟ್ಯಾಸಿಯಮ್-ಸ್ಪೇರಿಂಗ್ ನೀರಿನ ಮಾತ್ರೆಗಳು ಅಪಾಯಕಾರಿ ಹೆಚ್ಚಿನ ಪೊಟ್ಯಾಸಿಯಮ್ಗೆ ಕಾರಣವಾಗಬಹುದು. NSAID ನೋವು ನಿವಾರಕಗಳು ಅದರ ಪರಿಣಾಮವನ್ನು ಕಡಿಮೆ ಮಾಡುತ್ತದೆ ಮತ್ತು ಮೂತ್ರಪಿಂಡದ ಒತ್ತಡವನ್ನು ಸೇರಿಸುತ್ತದೆ. ಇದು ಲಿಥಿಯಂ ಮಟ್ಟವನ್ನು ಹೆಚ್ಚಿಸಬಹುದು. (ಮೂಲ: FDA ಲೇಬಲ್; RxNav),FDA DailyMed; DrugBank DB00178 — ಕನ್ನಡ,kn
chlorthalidone,Chlorthalidone,hypertension,ಕ್ಲೋರ್‌ತಾಲಿಡೋನ್,ಅಧಿಕ ರಕ್ತದೊತ್ತಡ,ಥಿಯಾಝೈಡ್-ತರಹದ ಮೂತ್ರಾಧಿಕ್ಯ ಔಷಧ,ಕ್ಲೋರ್‌ತಾಲಿಡೋನ್,"ಕ್ಲೋರ್ತಲಿಡೋನ್ (ಬ್ರಾಂಡ್ ಹೆಸರು ಹೈಗ್ರೊಟಾನ್) ಹೈಡ್ರೋಕ್ಲೋರೋಥಿಯಾಜೈಡ್ ಅನ್ನು ಹೋಲುವ ನೀರಿನ ಮಾತ್ರೆಯಾಗಿದೆ ಆದರೆ ದೀರ್ಘಕಾಲ ಕಾರ್ಯನಿರ್ವಹಿಸುತ್ತದೆ (ಅದರ ಪರಿಣಾಮವು 40-60 ಗಂಟೆಗಳವರೆಗೆ ಇರುತ್ತದೆ), ಇದು ಸ್ಥಿರವಾದ ರಕ್ತದೊತ್ತಡ ನಿಯಂತ್ರಣವನ್ನು ನೀಡುತ್ತದೆ. ಹೃದಯ-ಸಂಬಂಧಿತ ಘಟನೆಗಳನ್ನು ಕಡಿಮೆ ಮಾಡಲು HCTZ ಗಿಂತ ದೊಡ್ಡ ಅಧ್ಯಯನಗಳು ಒಲವು ತೋರಿವೆ. (ಮೂಲ: FDA ಲೇಬಲ್; JNC 8; DrugBank)","ಪೊಟ್ಯಾಸಿಯಮ್ ಮತ್ತು ಸೋಡಿಯಂ ಅನ್ನು ಕಡಿಮೆ ಮಾಡಬಹುದು, ಯೂರಿಕ್ ಆಮ್ಲ ಮತ್ತು ರಕ್ತದಲ್ಲಿನ ಸಕ್ಕರೆಯನ್ನು ಹೆಚ್ಚಿಸಬಹುದು ಮತ್ತು ಟ್ರೈಗ್ಲಿಸರೈಡ್‌ಗಳನ್ನು ಹೆಚ್ಚಿಸಬಹುದು (ಒಂದು ರೀತಿಯ ರಕ್ತದ ಕೊಬ್ಬು). ಸೂರ್ಯನ ಸಂವೇದನೆ, ನಿಂತಿರುವಾಗ ತಲೆತಿರುಗುವಿಕೆ, ಸ್ನಾಯು ಸೆಳೆತ, ಲೈಂಗಿಕ ಕ್ರಿಯೆ ಕಡಿಮೆಯಾಗಿದೆ. ಅಪರೂಪ: ಮೇದೋಜ್ಜೀರಕ ಗ್ರಂಥಿಯ ಉರಿಯೂತ, ತೀವ್ರ ರಕ್ತ ಅಥವಾ ಚರ್ಮದ ಪ್ರತಿಕ್ರಿಯೆಗಳು. (ಮೂಲ: FDA ಡೈಲಿಮೆಡ್; SIDER)","ಮೂತ್ರವನ್ನು ಉತ್ಪಾದಿಸದ, ಗಮನಾರ್ಹವಾದ ಮೂತ್ರಪಿಂಡ ವೈಫಲ್ಯವನ್ನು ಹೊಂದಿರುವ ಅಥವಾ ಕ್ಲೋರ್ತಲಿಡೋನ್ ಅಥವಾ ಸಲ್ಫಾ-ಸಂಬಂಧಿತ ಔಷಧಿಗಳಿಗೆ ಅಲರ್ಜಿಯನ್ನು ಹೊಂದಿರುವ ಜನರಿಗೆ ಅಲ್ಲ. (ಮೂಲ: FDA ಲೇಬಲ್)",ಕಡಿಮೆ ಪೊಟ್ಯಾಸಿಯಮ್ ಮುಖ್ಯ ಅಪಾಯವಾಗಿದೆ - ನಿಮ್ಮ ವೈದ್ಯರು ಪೂರಕವನ್ನು ಶಿಫಾರಸು ಮಾಡಬಹುದು. ಮಧುಮೇಹಿಗಳಲ್ಲಿ ರಕ್ತದಲ್ಲಿನ ಸಕ್ಕರೆಯ ನಿಯಂತ್ರಣವನ್ನು ಕಠಿಣಗೊಳಿಸಬಹುದು. ಯೂರಿಕ್ ಆಮ್ಲವನ್ನು ಹೆಚ್ಚಿಸುವ ಮೂಲಕ ಗೌಟ್ ದಾಳಿಯನ್ನು ಪ್ರಚೋದಿಸಬಹುದು. ಅಸಾಮಾನ್ಯ ಸೂರ್ಯನ ಸಂವೇದನೆಗಾಗಿ ವೀಕ್ಷಿಸಿ. (ಮೂಲ: ಎಫ್ಡಿಎ ಡೈಲಿಮೆಡ್),ಲಿಥಿಯಂ ವಿಷತ್ವದ ಅಪಾಯವನ್ನು ಹೆಚ್ಚಿಸುತ್ತದೆ. ಈ ಔಷಧಿಯಿಂದ ಉಂಟಾಗುವ ಕಡಿಮೆ ಪೊಟ್ಯಾಸಿಯಮ್ ಡಿಗೋಕ್ಸಿನ್ (ಹೃದಯ ಔಷಧ) ಅನಿಯಮಿತ ಹೃದಯ ಬಡಿತವನ್ನು ಉಂಟುಮಾಡುವ ಸಾಧ್ಯತೆಯನ್ನು ಹೆಚ್ಚಿಸುತ್ತದೆ. NSAID ನೋವು ನಿವಾರಕಗಳು ಅದರ ಮೂತ್ರವರ್ಧಕ ಮತ್ತು ರಕ್ತದೊತ್ತಡದ ಪರಿಣಾಮಗಳನ್ನು ಕಡಿಮೆ ಮಾಡುತ್ತದೆ. ಸ್ಟೆರಾಯ್ಡ್ಗಳು ಮತ್ತು ಆಂಫೋಟೆರಿಸಿನ್ ಬಿ ಪೊಟ್ಯಾಸಿಯಮ್ ನಷ್ಟಕ್ಕೆ ಸೇರಿಸುತ್ತವೆ. (ಮೂಲ: FDA ಲೇಬಲ್; ಡ್ರಗ್‌ಬ್ಯಾಂಕ್),FDA DailyMed; DrugBank DB00310 — ಕನ್ನಡ,kn
carvedilol,Carvedilol,hypertension,ಕಾರ್ವೆಡಿಲಾಲ್,ಅಧಿಕ ರಕ್ತದೊತ್ತಡ,ಆಲ್ಫಾ-ಬೀಟಾ ಬ್ಲಾಕರ್,ಕಾರ್ವೆಡಿಲಾಲ್,"ಕಾರ್ವೆಡಿಲೋಲ್ (ಬ್ರ್ಯಾಂಡ್ ಹೆಸರು ಕೋರೆಗ್) ಬೀಟಾ-ಬ್ಲಾಕರ್ ಆಗಿದ್ದು ಅದು ರಕ್ತನಾಳಗಳನ್ನು ನೇರವಾಗಿ ವಿಶ್ರಾಂತಿ ಮಾಡುತ್ತದೆ, ಇದು ದ್ವಿ ರಕ್ತದೊತ್ತಡ-ಕಡಿಮೆಗೊಳಿಸುವ ಪರಿಣಾಮವನ್ನು ನೀಡುತ್ತದೆ. ಇದು ಅಧಿಕ ರಕ್ತದೊತ್ತಡ, ದುರ್ಬಲಗೊಂಡ ಹೃದಯ ಬಡಿತದೊಂದಿಗೆ ಹೃದಯ ವೈಫಲ್ಯ ಮತ್ತು ಹೃದಯಾಘಾತದ ನಂತರ ಬಳಸಲಾಗುತ್ತದೆ. (ಮೂಲ: FDA ಲೇಬಲ್; ಡ್ರಗ್‌ಬ್ಯಾಂಕ್)","ತಲೆತಿರುಗುವಿಕೆ, ಸುಸ್ತು, ಕಡಿಮೆ ರಕ್ತದೊತ್ತಡ, ತೂಕ ಹೆಚ್ಚಾಗುವುದು, ನಿಧಾನ ಹೃದಯ ಬಡಿತ, ಅತಿಸಾರ, ಊತ, ಮಧುಮೇಹಿಗಳಲ್ಲಿ ಅಧಿಕ ರಕ್ತದ ಸಕ್ಕರೆ, ದೃಷ್ಟಿ ಮಂದ. ಅಪರೂಪ: ಗಂಭೀರವಾದ ಯಕೃತ್ತಿನ ಗಾಯ, ಕಡಿಮೆ ಪ್ಲೇಟ್ಲೆಟ್ ಎಣಿಕೆಗಳು. (ಮೂಲ: FDA ಡೈಲಿಮೆಡ್; SIDER)","ಆಸ್ತಮಾ ಅಥವಾ ಸಂಬಂಧಿತ ಉಸಿರಾಟದ ಪರಿಸ್ಥಿತಿಗಳು, ಪೇಸ್‌ಮೇಕರ್ ಇಲ್ಲದೆ ಗಮನಾರ್ಹವಾದ ಹೃದಯಾಘಾತ, ಪೇಸ್‌ಮೇಕರ್ ಇಲ್ಲದೆ ಸಿಕ್ ಸೈನಸ್ ಸಿಂಡ್ರೋಮ್, ಡಿಕಂಪೆನ್ಸೇಟೆಡ್ ಹೃದಯ ವೈಫಲ್ಯ, ತೀವ್ರ ಯಕೃತ್ತಿನ ಸಮಸ್ಯೆಗಳು ಅಥವಾ ಕಾರ್ವೆಡಿಲೋಲ್‌ಗೆ ಅಲರ್ಜಿ ಇರುವ ಜನರಿಗೆ ಅಲ್ಲ. (ಮೂಲ: FDA ಲೇಬಲ್)","ಇದ್ದಕ್ಕಿದ್ದಂತೆ ನಿಲ್ಲಿಸಬೇಡಿ - ನಿಮ್ಮ ವೈದ್ಯರು 1-2 ವಾರಗಳಲ್ಲಿ ಡೋಸ್ ಅನ್ನು ಕಡಿಮೆ ಮಾಡುತ್ತಾರೆ. ಕಡಿಮೆ ರಕ್ತದ ಸಕ್ಕರೆಯ ಎಚ್ಚರಿಕೆ ಚಿಹ್ನೆಗಳನ್ನು ಮರೆಮಾಡಬಹುದು. ಯಾವುದೇ ಶಸ್ತ್ರಚಿಕಿತ್ಸೆಗೆ ಮುನ್ನ ನೀವು ಇದನ್ನು ತೆಗೆದುಕೊಳ್ಳುತ್ತಿರುವಿರಿ ಎಂದು ನಿಮ್ಮ ಅರಿವಳಿಕೆ ತಜ್ಞರಿಗೆ ತಿಳಿಸಿ. ಈ ಔಷಧಿಯನ್ನು ಮೊದಲು ಪ್ರಾರಂಭಿಸಿದಾಗ ಹೃದಯಾಘಾತವು ತಾತ್ಕಾಲಿಕವಾಗಿ ಉಲ್ಬಣಗೊಳ್ಳಬಹುದು, ಆದ್ದರಿಂದ ಪ್ರಮಾಣವನ್ನು ನಿಧಾನವಾಗಿ ಹೆಚ್ಚಿಸಲಾಗುತ್ತದೆ. ಯಕೃತ್ತಿನ ಸಮಸ್ಯೆಯ ಲಕ್ಷಣಗಳು ಕಾಣಿಸಿಕೊಂಡರೆ ನಿಲ್ಲಿಸಿ. (ಮೂಲ: ಎಫ್ಡಿಎ ಡೈಲಿಮೆಡ್)","ವೆರಪಾಮಿಲ್ ಅಥವಾ ಡಿಲ್ಟಿಯಾಜೆಮ್ (ಇತರ ಹೃದಯ / ಬಿಪಿ ಔಷಧಿಗಳು) ಜೊತೆ ಸಂಯೋಜಿಸುವುದು ಅಪಾಯಕಾರಿ ನಿಧಾನವಾದ ಹೃದಯ ಬಡಿತವನ್ನು ಉಂಟುಮಾಡಬಹುದು - ಈ ಸಂಯೋಜನೆಯನ್ನು ಸಾಮಾನ್ಯವಾಗಿ ತಪ್ಪಿಸಲಾಗುತ್ತದೆ. ಇದು ಡಿಗೋಕ್ಸಿನ್ ಮಟ್ಟವನ್ನು ಸುಮಾರು 15% ರಷ್ಟು ಹೆಚ್ಚಿಸುತ್ತದೆ, ಆದ್ದರಿಂದ ಮೇಲ್ವಿಚಾರಣೆಯ ಅಗತ್ಯವಿದೆ. ಇನ್ಸುಲಿನ್ ಅಥವಾ ಮಧುಮೇಹ ಮಾತ್ರೆಗಳೊಂದಿಗೆ ಸಂಯೋಜಿಸಿ, ಇದು ಕಡಿಮೆ ರಕ್ತದ ಸಕ್ಕರೆಯನ್ನು ಬಲಪಡಿಸುತ್ತದೆ ಮತ್ತು ಮರೆಮಾಡುತ್ತದೆ. ಕೆಲವು ಖಿನ್ನತೆ-ಶಮನಕಾರಿಗಳು (ಫ್ಲುಯೊಕ್ಸೆಟೈನ್, ಪ್ಯಾರೊಕ್ಸೆಟೈನ್) ಕಾರ್ವೆಡಿಲೋಲ್ ಮಟ್ಟವನ್ನು ಹೆಚ್ಚಿಸಬಹುದು. (ಮೂಲ: FDA ಲೇಬಲ್; RxNav)",FDA DailyMed; DrugBank DB02703 — ಕನ್ನಡ,kn
clonidine,Clonidine,hypertension,ಕ್ಲೋನಿಡಿನ್ ಹೈಡ್ರೋಕ್ಲೋರೈಡ್,ಅಧಿಕ ರಕ್ತದೊತ್ತಡ,ಕೇಂದ್ರ ಆಲ್ಫಾ-2 ಆಗೋನಿಸ್ಟ್,ಕ್ಲೋನಿಡಿನ್ ಹೈಡ್ರೋಕ್ಲೋರೈಡ್,"ಹೃದಯ ಬಡಿತವನ್ನು ಹೆಚ್ಚಿಸುವ ಮತ್ತು ರಕ್ತನಾಳಗಳನ್ನು ಸಂಕುಚಿತಗೊಳಿಸುವ ನರ ಸಂಕೇತಗಳನ್ನು ಕಡಿಮೆ ಮಾಡಲು, ಎರಡನ್ನೂ ಕಡಿಮೆ ಮಾಡಲು ಕ್ಲೋನಿಡೈನ್ (ಬ್ರಾಂಡ್ ಹೆಸರು ಕ್ಯಾಟಪ್ರೆಸ್) ಮೆದುಳಿನಲ್ಲಿ ಕಾರ್ಯನಿರ್ವಹಿಸುತ್ತದೆ. ಅಧಿಕ ರಕ್ತದೊತ್ತಡ, ಹಠಾತ್ ತೀವ್ರತರವಾದ ಅಧಿಕ ರಕ್ತದೊತ್ತಡ ಮತ್ತು ಕೆಲವೊಮ್ಮೆ ಇತರ ರಕ್ತದೊತ್ತಡದ ಔಷಧಿಗಳ ಜೊತೆಯಲ್ಲಿ ಕಠಿಣವಾಗಿ ನಿಯಂತ್ರಿಸಲು ಇದನ್ನು ಬಳಸಲಾಗುತ್ತದೆ. (ಮೂಲ: FDA ಲೇಬಲ್; ಡ್ರಗ್‌ಬ್ಯಾಂಕ್)","ಒಣ ಬಾಯಿ ತುಂಬಾ ಸಾಮಾನ್ಯವಾಗಿದೆ. ಅರೆನಿದ್ರಾವಸ್ಥೆ, ತಲೆತಿರುಗುವಿಕೆ, ಮಲಬದ್ಧತೆ, ನಿದ್ರಾಜನಕ, ತಲೆನೋವು, ಸುಸ್ತು, ಮತ್ತು ಇದ್ದಕ್ಕಿದ್ದಂತೆ ನಿಲ್ಲಿಸಿದರೆ ರಕ್ತದೊತ್ತಡದಲ್ಲಿ ತೀಕ್ಷ್ಣವಾದ ಮರುಕಳಿಸುವಿಕೆ ಹೆಚ್ಚಾಗುತ್ತದೆ. ಅಪರೂಪ: ಹೃದಯದ ಲಯ ಬದಲಾವಣೆಗಳು, ಯಕೃತ್ತಿನ ಪರೀಕ್ಷೆಯ ಬದಲಾವಣೆಗಳು, ಕಡಿಮೆ ಮನಸ್ಥಿತಿ. (ಮೂಲ: FDA ಡೈಲಿಮೆಡ್; SIDER)",ಕ್ಲೋನಿಡಿನ್‌ಗೆ ಅಲರ್ಜಿ ಇದ್ದರೆ ತಪ್ಪಿಸಿ. ಎಪಿಡ್ಯೂರಲ್ (ಬೆನ್ನುಮೂಳೆಯ ಚುಚ್ಚುಮದ್ದು) ರೂಪವನ್ನು ರಕ್ತಸ್ರಾವದ ಅಸ್ವಸ್ಥತೆ ಹೊಂದಿರುವ ಜನರಲ್ಲಿ ಅಥವಾ ಇಂಜೆಕ್ಷನ್-ಸೈಟ್ ರಕ್ತಸ್ರಾವದ ಅಪಾಯದ ಕಾರಣದಿಂದಾಗಿ ರಕ್ತ ತೆಳುಗೊಳಿಸುವಿಕೆಗೆ ಬಳಸಬಾರದು. (ಮೂಲ: FDA ಲೇಬಲ್),"ನಿರ್ಣಾಯಕ: ಈ ಔಷಧಿಯನ್ನು ಹಠಾತ್ತನೆ ನಿಲ್ಲಿಸಬೇಡಿ - ಹಾಗೆ ಮಾಡುವುದರಿಂದ ಆತಂಕ ಮತ್ತು ಆಂದೋಲನದ ಜೊತೆಗೆ ರಕ್ತದೊತ್ತಡದಲ್ಲಿ ಕ್ಷಿಪ್ರ, ತೀವ್ರ ಏರಿಕೆಗೆ ಕಾರಣವಾಗಬಹುದು. ಅದನ್ನು ಕ್ರಮೇಣ ಕಡಿಮೆ ಮಾಡಬೇಕು. ಇದು ಅರೆನಿದ್ರಾವಸ್ಥೆಗೆ ಕಾರಣವಾಗಬಹುದು, ಆದ್ದರಿಂದ ಎಚ್ಚರಿಕೆಯಿಂದ ಚಾಲನೆ ಅಥವಾ ಯಂತ್ರೋಪಕರಣಗಳನ್ನು ನಿರ್ವಹಿಸಿ. ನೀವು ಶಸ್ತ್ರಚಿಕಿತ್ಸೆಯನ್ನು ಹೊಂದಿದ್ದರೆ, ಮರುಕಳಿಸುವ ಸ್ಪೈಕ್ ಅನ್ನು ತಪ್ಪಿಸಲು ಈ ಔಷಧಿಯನ್ನು ಸಾಮಾನ್ಯವಾಗಿ ಕಾರ್ಯವಿಧಾನದ ಮೂಲಕ ಮುಂದುವರಿಸಲಾಗುತ್ತದೆ. (ಮೂಲ: ಎಫ್ಡಿಎ ಡೈಲಿಮೆಡ್)","ನೀವು ಬೀಟಾ-ಬ್ಲಾಕರ್‌ನಲ್ಲಿದ್ದರೆ ಮತ್ತು ಕ್ಲೋನಿಡೈನ್ ಅನ್ನು ಥಟ್ಟನೆ ನಿಲ್ಲಿಸಿದರೆ, ಇದು ರಕ್ತದೊತ್ತಡದಲ್ಲಿ ತೀವ್ರ ಮರುಕಳಿಸುವ ಏರಿಕೆಗೆ ಕಾರಣವಾಗಬಹುದು - ಕ್ಲೋನಿಡೈನ್ ಅನ್ನು ಮೊದಲು ಮೊಟಕುಗೊಳಿಸಬೇಕು, ನಂತರ ಬೀಟಾ-ಬ್ಲಾಕರ್. ಕೆಲವು ಖಿನ್ನತೆ-ಶಮನಕಾರಿಗಳು (ಟ್ರೈಸೈಕ್ಲಿಕ್) ಅದರ ರಕ್ತದೊತ್ತಡ-ಕಡಿಮೆಗೊಳಿಸುವ ಪರಿಣಾಮವನ್ನು ಕಡಿಮೆ ಮಾಡಬಹುದು. ಆಲ್ಕೋಹಾಲ್ ಮತ್ತು ನಿದ್ರಾಜನಕ ಔಷಧಗಳು ಅರೆನಿದ್ರಾವಸ್ಥೆಯನ್ನು ಹೆಚ್ಚಿಸುತ್ತವೆ. (ಮೂಲ: FDA ಲೇಬಲ್; RxNav)",FDA DailyMed; DrugBank DB00575 — ಕನ್ನಡ,kn
ibuprofen,Ibuprofen,arthritis,ಇಬ್ಯೂಪ್ರೊಫೆನ್,ಸಂಧಿವಾತ,NSAID,ಇಬ್ಯೂಪ್ರೊಫೆನ್,"ಐಬುಪ್ರೊಫೇನ್ ಒಂದು ಸಾಮಾನ್ಯ ನೋವು ಮತ್ತು ಉರಿಯೂತದ ಔಷಧವಾಗಿದೆ (NSAID), ಇದು ಕೆಲವು ದೇಹದ ರಾಸಾಯನಿಕಗಳನ್ನು (ಪ್ರೊಸ್ಟಗ್ಲಾಂಡಿನ್) ತಡೆಯುವ ಮೂಲಕ ನೋವು, ಜ್ವರ ಮತ್ತು ಊತವನ್ನು ಕಡಿಮೆ ಮಾಡುತ್ತದೆ. ಸಂಧಿವಾತ ಮತ್ತು ಸಾಮಾನ್ಯ ನೋವು ಮತ್ತು ನೋವುಗಳಿಗೆ ಬಳಸಲಾಗುತ್ತದೆ. (ಮೂಲ: FDA ಲೇಬಲ್; ಡ್ರಗ್‌ಬ್ಯಾಂಕ್)","ಹೊಟ್ಟೆಗೆ ಸಂಬಂಧಿಸಿದ: ವಾಕರಿಕೆ, ಅಜೀರ್ಣ, ಹೊಟ್ಟೆ ನೋವು, ಮತ್ತು - ನಿಯಮಿತ ಬಳಕೆಯಿಂದ - ಹೊಟ್ಟೆ ರಕ್ತಸ್ರಾವ ಅಥವಾ ಹುಣ್ಣುಗಳು. ಹೃದಯ ಸಂಬಂಧಿ: ನಿಯಮಿತ ಬಳಕೆಯಿಂದ ಹೃದಯಾಘಾತ ಮತ್ತು ಪಾರ್ಶ್ವವಾಯು ಹೆಚ್ಚಿನ ಅಪಾಯ. ಮೂತ್ರಪಿಂಡಕ್ಕೆ ಸಂಬಂಧಿಸಿದ: ದ್ರವದ ಧಾರಣ, ಊತ ಮತ್ತು ಅಪರೂಪವಾಗಿ ಹಠಾತ್ ಮೂತ್ರಪಿಂಡದ ಗಾಯ. ಜೊತೆಗೆ ತಲೆನೋವು, ತಲೆತಿರುಗುವಿಕೆ, ದದ್ದು. ಅಪರೂಪ: ಯಕೃತ್ತಿನ ತೊಂದರೆಗಳು, ಮೆದುಳಿನ ಒಳಪದರದ ಉರಿಯೂತ, ತೀವ್ರ ಚರ್ಮದ ಪ್ರತಿಕ್ರಿಯೆಗಳು. (ಮೂಲ: FDA ಡೈಲಿಮೆಡ್; SIDER)","ನೀವು ಪ್ರಸ್ತುತ ಹೊಟ್ಟೆಯ ರಕ್ತಸ್ರಾವ ಅಥವಾ ಹುಣ್ಣು ಹೊಂದಿದ್ದರೆ, ಅಥವಾ ನೀವು ಐಬುಪ್ರೊಫೇನ್ ಅಥವಾ ಆಸ್ಪಿರಿನ್-ಮಾದರಿಯ ಔಷಧಿಗಳಿಗೆ ಅಲರ್ಜಿಯನ್ನು ಹೊಂದಿದ್ದರೆ (ಇವುಗಳಿಂದ ಪ್ರಚೋದಿಸಲ್ಪಟ್ಟ ಆಸ್ತಮಾ ಸೇರಿದಂತೆ) ತಪ್ಪಿಸಿ. ಹೃದಯದ ಬೈಪಾಸ್ ಶಸ್ತ್ರಚಿಕಿತ್ಸೆಯ ನಂತರ ನೋವಿಗೆ ಬಳಸಬಾರದು. ಗಮನಾರ್ಹ ಮೂತ್ರಪಿಂಡ ಅಥವಾ ಪಿತ್ತಜನಕಾಂಗದ ಸಮಸ್ಯೆಗಳೊಂದಿಗೆ ಅಥವಾ ಗರ್ಭಾವಸ್ಥೆಯ ಕೊನೆಯ ಮೂರು ತಿಂಗಳಲ್ಲಿ ತಪ್ಪಿಸಿ. (ಮೂಲ: FDA ಲೇಬಲ್)","ಪ್ರಮುಖ: ನಿಯಮಿತ ಬಳಕೆಯು ಹೃದಯಾಘಾತ ಮತ್ತು ಪಾರ್ಶ್ವವಾಯು ಅಪಾಯವನ್ನು ಹೆಚ್ಚಿಸುತ್ತದೆ ಮತ್ತು ಹೆಚ್ಚಿನ ಪ್ರಮಾಣಗಳು ಮತ್ತು ಹೆಚ್ಚಿನ ಬಳಕೆಯೊಂದಿಗೆ ಈ ಅಪಾಯವು ಹೆಚ್ಚಾಗುತ್ತದೆ - ಹೃದಯದ ಬೈಪಾಸ್ ಶಸ್ತ್ರಚಿಕಿತ್ಸೆಯ ಸಮಯದಲ್ಲಿ ಇದನ್ನು ಎಂದಿಗೂ ಬಳಸಬೇಡಿ. ರಕ್ತಸ್ರಾವ, ಹುಣ್ಣುಗಳು ಮತ್ತು (ವಿರಳವಾಗಿ) ಹೊಟ್ಟೆಯ ಗೋಡೆಯಲ್ಲಿ ರಂಧ್ರವನ್ನು ಒಳಗೊಂಡಂತೆ ಗಂಭೀರವಾದ ಹೊಟ್ಟೆ ಸಮಸ್ಯೆಗಳನ್ನು ಉಂಟುಮಾಡಬಹುದು, ಕೆಲವೊಮ್ಮೆ ಎಚ್ಚರಿಕೆಯ ಲಕ್ಷಣಗಳಿಲ್ಲದೆ. ಮೂತ್ರಪಿಂಡಗಳಿಗೆ ಹಾನಿಯಾಗಬಹುದು. ಗರ್ಭಾವಸ್ಥೆಯ ಕೊನೆಯಲ್ಲಿ ತಪ್ಪಿಸಿ, ಇದು ಮಗುವಿಗೆ ಹಾನಿಯಾಗಬಹುದು. (ಮೂಲ: FDA DailyMed ಪೆಟ್ಟಿಗೆಯ ಎಚ್ಚರಿಕೆ)","ನಿಮ್ಮ ಹೃದಯವನ್ನು ರಕ್ಷಿಸಲು ನೀವು ಕಡಿಮೆ-ಡೋಸ್ ಆಸ್ಪಿರಿನ್ ಅನ್ನು ತೆಗೆದುಕೊಂಡರೆ, ಐಬುಪ್ರೊಫೇನ್ ಅನ್ನು ಅದರ ಹತ್ತಿರ ತೆಗೆದುಕೊಳ್ಳುವುದರಿಂದ ಆಸ್ಪಿರಿನ್ನ ರಕ್ಷಣಾತ್ಮಕ ಪರಿಣಾಮವನ್ನು ನಿರ್ಬಂಧಿಸಬಹುದು - ಐಬುಪ್ರೊಫೇನ್ಗೆ ಕನಿಷ್ಠ 2 ಗಂಟೆಗಳ ಮೊದಲು ಆಸ್ಪಿರಿನ್ ತೆಗೆದುಕೊಳ್ಳಿ. ಇದು ವಾರ್ಫರಿನ್ (ರಕ್ತ ತೆಳುಗೊಳಿಸುವಿಕೆ) ನೊಂದಿಗೆ ರಕ್ತಸ್ರಾವದ ಅಪಾಯವನ್ನು ಹೆಚ್ಚಿಸುತ್ತದೆ. ಇದು ರಕ್ತದೊತ್ತಡದ ಔಷಧಿಗಳ (ಎಸಿಇ ಇನ್ಹಿಬಿಟರ್ಗಳು/ಎಆರ್ಬಿಗಳು) ಪರಿಣಾಮವನ್ನು ಕಡಿಮೆ ಮಾಡುತ್ತದೆ ಮತ್ತು ಮೂತ್ರಪಿಂಡಗಳ ಮೇಲೆ ಒತ್ತಡವನ್ನು ಉಂಟುಮಾಡುತ್ತದೆ. ಇದು ಲಿಥಿಯಂ ಮಟ್ಟವನ್ನು ಹೆಚ್ಚಿಸುತ್ತದೆ. ಇದು ಮೆಥೊಟ್ರೆಕ್ಸೇಟ್‌ನ ವಿಷತ್ವದ ಅಪಾಯವನ್ನು ಗಮನಾರ್ಹವಾಗಿ ಹೆಚ್ಚಿಸುತ್ತದೆ. (ಮೂಲ: FDA ಲೇಬಲ್; RxNav)",FDA DailyMed; DrugBank DB01050 — ಕನ್ನಡ,kn
diclofenac,Diclofenac,arthritis,ಡಿಕ್ಲೊಫೆನಾಕ್ ಸೋಡಿಯಂ,ಸಂಧಿವಾತ,NSAID,ಡಿಕ್ಲೊಫೆನಾಕ್ ಸೋಡಿಯಂ,"ಡಿಕ್ಲೋಫೆನಾಕ್ (ಬ್ರಾಂಡ್ ಹೆಸರು ವೋಲ್ಟರೆನ್) ವ್ಯಾಪಕವಾಗಿ ಬಳಸಲಾಗುವ NSAID ನೋವು ಮತ್ತು ಉರಿಯೂತದ ಔಷಧವಾಗಿದ್ದು, ಮಾತ್ರೆಗಳು, ಜೆಲ್ ಅಥವಾ ಇಂಜೆಕ್ಷನ್ ಆಗಿ ಲಭ್ಯವಿದೆ, ಇದನ್ನು ಸಾಮಾನ್ಯವಾಗಿ ಸಂಧಿವಾತಕ್ಕೆ ಭಾರತದಲ್ಲಿ ಸೂಚಿಸಲಾಗುತ್ತದೆ. (ಮೂಲ: FDA ಲೇಬಲ್; CDSCO ಅನುಮೋದನೆ)","ಹೊಟ್ಟೆಗೆ ಸಂಬಂಧಿಸಿದ: ವಾಕರಿಕೆ, ಹೊಟ್ಟೆ ನೋವು, ಅಜೀರ್ಣ, ಅತಿಸಾರ ಮತ್ತು ಸಂಭವನೀಯ ಹೊಟ್ಟೆ ರಕ್ತಸ್ರಾವ. ಯಕೃತ್ತಿಗೆ ಸಂಬಂಧಿಸಿದ: ಹೆಚ್ಚಿದ ಪಿತ್ತಜನಕಾಂಗದ ಕಿಣ್ವಗಳು ಸಾಮಾನ್ಯ, ಮತ್ತು ಕಡಿಮೆ ಬಾರಿ, ಹೆಚ್ಚು ಗಂಭೀರವಾದ ಯಕೃತ್ತಿನ ಗಾಯ. ಹೃದಯ ಸಂಬಂಧಿ: ಹೃದಯಾಘಾತ ಮತ್ತು ಪಾರ್ಶ್ವವಾಯು ಹೆಚ್ಚಿನ ಅಪಾಯ. ಅಲ್ಲದೆ ದ್ರವದ ಧಾರಣ ಮತ್ತು ಮೂತ್ರಪಿಂಡದ ಒತ್ತಡ. ಅಪರೂಪ: ತೀವ್ರ ಚರ್ಮದ ಪ್ರತಿಕ್ರಿಯೆಗಳು. (ಮೂಲ: FDA ಡೈಲಿಮೆಡ್; SIDER)","ಸಕ್ರಿಯ ಹೊಟ್ಟೆ ರಕ್ತಸ್ರಾವ ಅಥವಾ ಹುಣ್ಣುಗಳು, NSAID ಗಳು/ಆಸ್ಪಿರಿನ್‌ಗೆ ಅಲರ್ಜಿ (NSAID- ಪ್ರಚೋದಿತ ಆಸ್ತಮಾ ಸೇರಿದಂತೆ), ಹೃದಯದ ಬೈಪಾಸ್ ಶಸ್ತ್ರಚಿಕಿತ್ಸೆಯ ನಂತರ, ತೀವ್ರ ಯಕೃತ್ತು ಅಥವಾ ಮೂತ್ರಪಿಂಡದ ಸಮಸ್ಯೆಗಳು (ನಿರ್ದಿಷ್ಟವಾಗಿ 15 ವರ್ಷಕ್ಕಿಂತ ಕಡಿಮೆ ವಯಸ್ಸಿನ GFR ಕಿಡ್ನಿ ಸ್ಕೋರ್), ತಡವಾದ ಗರ್ಭಧಾರಣೆ, ಅಥವಾ ಹೃದಯ ವೈಫಲ್ಯ (ಮಾತ್ರೆ ರೂಪಗಳಿಗೆ). (ಮೂಲ: FDA ಲೇಬಲ್)","ಪ್ರಮುಖ: ಹೃದಯಾಘಾತ ಮತ್ತು ಪಾರ್ಶ್ವವಾಯು ಅಪಾಯವನ್ನು ಹೆಚ್ಚಿಸುತ್ತದೆ. ಗಂಭೀರ ಹೊಟ್ಟೆಯ ರಕ್ತಸ್ರಾವ ಅಥವಾ ಹುಣ್ಣುಗಳಿಗೆ ಕಾರಣವಾಗಬಹುದು. ಸಾಮಾನ್ಯ NSAID ಗಳಲ್ಲಿ, ಇದು ಹೆಚ್ಚಾಗಿ ಗಮನಿಸಬಹುದಾದ ಯಕೃತ್ತಿನ ಸಮಸ್ಯೆಗಳಿಗೆ ಸಂಬಂಧಿಸಿದೆ - ನಿಮ್ಮ ವೈದ್ಯರು ಯಕೃತ್ತಿನ ಕಾರ್ಯವನ್ನು ಪರಿಶೀಲಿಸಬಹುದು. ಮೂತ್ರಪಿಂಡಗಳನ್ನು ತಗ್ಗಿಸಬಹುದು. ಜೆಲ್ ರೂಪವು ಮಾತ್ರೆಗಳಂತೆಯೇ ಹೃದಯ ಮತ್ತು ಹೊಟ್ಟೆಯ ಅಪಾಯಗಳನ್ನು ಕಡಿಮೆ ಮಟ್ಟದಲ್ಲಿ ಹೊಂದಿರುತ್ತದೆ. (ಮೂಲ: FDA DailyMed ಪೆಟ್ಟಿಗೆಯ ಎಚ್ಚರಿಕೆ)",ವಾರ್ಫರಿನ್ ಮತ್ತು ಇತರ ರಕ್ತ ತೆಳುಗೊಳಿಸುವಿಕೆಗಳೊಂದಿಗೆ ರಕ್ತಸ್ರಾವದ ಅಪಾಯವನ್ನು ಹೆಚ್ಚಿಸುತ್ತದೆ - INR ರಕ್ತ ಪರೀಕ್ಷೆಗಳನ್ನು ನಿಕಟವಾಗಿ ಮೇಲ್ವಿಚಾರಣೆ ಮಾಡಬೇಕು. ಮೆಥೊಟ್ರೆಕ್ಸೇಟ್ ಮಟ್ಟವನ್ನು ಸಂಭಾವ್ಯ ಅಪಾಯಕಾರಿ ಮಟ್ಟಕ್ಕೆ ಹೆಚ್ಚಿಸಬಹುದು. ಸೈಕ್ಲೋಸ್ಪೊರಿನ್ ಮೂತ್ರಪಿಂಡ-ಸಂಬಂಧಿತ ಅಡ್ಡ ಪರಿಣಾಮಗಳನ್ನು ಹೆಚ್ಚಿಸುತ್ತದೆ. ಡಿಗೋಕ್ಸಿನ್ ಮಟ್ಟವನ್ನು ಹೆಚ್ಚಿಸಬಹುದು. ರಕ್ತದೊತ್ತಡದ ಔಷಧಿಗಳ (ಎಸಿಇ ಇನ್ಹಿಬಿಟರ್ಗಳು/ಎಆರ್ಬಿಗಳು) ಪರಿಣಾಮಕಾರಿತ್ವವನ್ನು ಕಡಿಮೆ ಮಾಡುತ್ತದೆ ಮತ್ತು ಹಠಾತ್ ಮೂತ್ರಪಿಂಡದ ಸಮಸ್ಯೆಗಳನ್ನು ಪ್ರಚೋದಿಸಬಹುದು. (ಮೂಲ: FDA ಲೇಬಲ್; ಡ್ರಗ್‌ಬ್ಯಾಂಕ್),FDA DailyMed; DrugBank DB00586; CDSCO — ಕನ್ನಡ,kn
naproxen,Naproxen,arthritis,ನ್ಯಾಪ್ರೊಕ್ಸೆನ್ ಸೋಡಿಯಂ,ಸಂಧಿವಾತ,NSAID,ನ್ಯಾಪ್ರೊಕ್ಸೆನ್ ಸೋಡಿಯಂ,"ನ್ಯಾಪ್ರೋಕ್ಸೆನ್ (ಬ್ರಾಂಡ್ ಹೆಸರುಗಳು ಅಲೆವ್, ನ್ಯಾಪ್ರೋಸಿನ್) ದೀರ್ಘಕಾಲದ NSAID ನೋವು ಮತ್ತು ಉರಿಯೂತದ ಔಷಧವಾಗಿದ್ದು, ಇದು ದಿನಕ್ಕೆ ಎರಡು ಬಾರಿ ಡೋಸಿಂಗ್‌ಗೆ ಸಾಕಷ್ಟು ಇರುತ್ತದೆ. ಇದು ಕೆಲವು ಇತರ NSAID ಗಳಿಗಿಂತ ಸ್ವಲ್ಪ ಕಡಿಮೆ ಹೃದಯದ ಅಪಾಯವನ್ನು ಹೊಂದಿರಬಹುದು ಎಂದು ಸಂಶೋಧನೆ ಸೂಚಿಸುತ್ತದೆ. ಸಂಧಿವಾತ ಮತ್ತು ಸಂಬಂಧಿತ ಜಂಟಿ ಪರಿಸ್ಥಿತಿಗಳಿಗೆ ಬಳಸಲಾಗುತ್ತದೆ. (ಮೂಲ: FDA ಲೇಬಲ್; ಡ್ರಗ್‌ಬ್ಯಾಂಕ್)","ವಾಕರಿಕೆ, ಅಜೀರ್ಣ, ಹೊಟ್ಟೆ ನೋವು, ಎದೆಯುರಿ ಮತ್ತು ಸಂಭವನೀಯ ಹೊಟ್ಟೆ ರಕ್ತಸ್ರಾವ. ದ್ರವದ ಧಾರಣ, ಊತ, ಹೆಚ್ಚಿದ ರಕ್ತದೊತ್ತಡ. ತಲೆನೋವು, ತಲೆತಿರುಗುವಿಕೆ. ಹೆಚ್ಚಿನ ಪ್ರಮಾಣದಲ್ಲಿ ಕಿವಿಗಳಲ್ಲಿ ರಿಂಗಿಂಗ್. ಅಪರೂಪ: ಯಕೃತ್ತಿನ ತೊಂದರೆಗಳು, ಮೂತ್ರಪಿಂಡದ ಹಾನಿ, ತೀವ್ರ ಚರ್ಮದ ಪ್ರತಿಕ್ರಿಯೆಗಳು. (ಮೂಲ: FDA ಡೈಲಿಮೆಡ್; SIDER)","ನೀವು NSAID/ಆಸ್ಪಿರಿನ್-ಪ್ರಚೋದಿತ ಆಸ್ತಮಾ, ಸಕ್ರಿಯ ಹೊಟ್ಟೆ ರಕ್ತಸ್ರಾವ ಅಥವಾ ಹುಣ್ಣುಗಳನ್ನು ಹೊಂದಿದ್ದರೆ, ಹೃದಯದ ಬೈಪಾಸ್ ಶಸ್ತ್ರಚಿಕಿತ್ಸೆಯ ನಂತರ, ತೀವ್ರ ಮೂತ್ರಪಿಂಡ ಅಥವಾ ಯಕೃತ್ತಿನ ಸಮಸ್ಯೆಗಳು ಅಥವಾ ಗರ್ಭಾವಸ್ಥೆಯ ಕೊನೆಯಲ್ಲಿ ಇದ್ದರೆ ತಪ್ಪಿಸಿ. (ಮೂಲ: FDA ಲೇಬಲ್)","ಪ್ರಮುಖ: ಹೃದಯಾಘಾತ ಮತ್ತು ಪಾರ್ಶ್ವವಾಯು ಅಪಾಯವನ್ನು ಹೆಚ್ಚಿಸಬಹುದು ಮತ್ತು ಗಂಭೀರವಾದ ಹೊಟ್ಟೆ ರಕ್ತಸ್ರಾವ, ಹುಣ್ಣುಗಳು ಅಥವಾ ಹೊಟ್ಟೆಯ ಗೋಡೆಯಲ್ಲಿ ರಂಧ್ರವನ್ನು ಉಂಟುಮಾಡಬಹುದು. ಗರ್ಭಾವಸ್ಥೆಯ ಕೊನೆಯಲ್ಲಿ ತೆಗೆದುಕೊಂಡರೆ ಹುಟ್ಟಲಿರುವ ಮಗುವಿಗೆ ಹಾನಿಯಾಗಬಹುದು. ದೀರ್ಘಕಾಲದ ಬಳಕೆಯಿಂದ ಮೂತ್ರಪಿಂಡಗಳು ಹಾನಿಗೊಳಗಾಗಬಹುದು. ಸಾಧ್ಯವಾದರೆ ಶಸ್ತ್ರಚಿಕಿತ್ಸೆಗೆ ಮುನ್ನ ಅದನ್ನು ನಿಲ್ಲಿಸಲು ನಿಮ್ಮ ವೈದ್ಯರು ಬಯಸಬಹುದು. (ಮೂಲ: FDA DailyMed ಪೆಟ್ಟಿಗೆಯ ಎಚ್ಚರಿಕೆ)",ವಾರ್ಫರಿನ್‌ನೊಂದಿಗೆ ರಕ್ತಸ್ರಾವದ ಅಪಾಯವನ್ನು ಹೆಚ್ಚಿಸುತ್ತದೆ - INR ಅನ್ನು ನಿಕಟವಾಗಿ ಮೇಲ್ವಿಚಾರಣೆ ಮಾಡಬೇಕು. ರಕ್ತದೊತ್ತಡದ ಔಷಧಿಗಳ (ಎಸಿಇ ಇನ್ಹಿಬಿಟರ್‌ಗಳು/ಎಆರ್‌ಬಿಗಳು) ಪರಿಣಾಮವನ್ನು ಕಡಿಮೆ ಮಾಡುತ್ತದೆ ಮತ್ತು ಮೂತ್ರಪಿಂಡಗಳನ್ನು ಆಯಾಸಗೊಳಿಸಬಹುದು. ಮೆಥೊಟ್ರೆಕ್ಸೇಟ್ ಮಟ್ಟವನ್ನು ಮತ್ತು ವಿಷತ್ವದ ಅಪಾಯವನ್ನು ಹೆಚ್ಚಿಸುತ್ತದೆ. ಪ್ರೊಬೆನೆಸಿಡ್ (ಗೌಟ್ ಔಷಧಿ) ನ್ಯಾಪ್ರೋಕ್ಸೆನ್ ಮಟ್ಟವನ್ನು ಹೆಚ್ಚಿಸುತ್ತದೆ. ವಿಷಕಾರಿ ಮಟ್ಟಕ್ಕೆ ಲಿಥಿಯಂ ಅನ್ನು ಹೆಚ್ಚಿಸಬಹುದು. (ಮೂಲ: FDA ಲೇಬಲ್; RxNav),FDA DailyMed; DrugBank DB00788 — ಕನ್ನಡ,kn
methotrexate,Methotrexate,arthritis,ಮೆಥೊಟ್ರೆಕ್ಸೇಟ್,ಸಂಧಿವಾತ,DMARD / ಫೋಲೇಟ್ ವಿರೋಧಿ,ಮೆಥೊಟ್ರೆಕ್ಸೇಟ್,ರುಮಟಾಯ್ಡ್ ಸಂಧಿವಾತವನ್ನು ನಿಯಂತ್ರಿಸಲು ಮೆಥೊಟ್ರೆಕ್ಸೇಟ್ ಮುಖ್ಯ ದೀರ್ಘಕಾಲೀನ ಔಷಧವಾಗಿದೆ. ಜಂಟಿ ಉರಿಯೂತವನ್ನು ಉಂಟುಮಾಡುವ ಪ್ರತಿರಕ್ಷಣಾ ವ್ಯವಸ್ಥೆಯ ಅತಿಯಾದ ಪ್ರತಿಕ್ರಿಯೆಯನ್ನು ನಿಧಾನಗೊಳಿಸುವ ಮೂಲಕ ಇದು ಕಾರ್ಯನಿರ್ವಹಿಸುತ್ತದೆ. ಇದನ್ನು ವಾರಕ್ಕೊಮ್ಮೆ ತೆಗೆದುಕೊಳ್ಳಲಾಗುತ್ತದೆ (ಪ್ರತಿದಿನ ಅಲ್ಲ) ಮತ್ತು ಈ ಸ್ಥಿತಿಗೆ ಪ್ರಮಾಣಿತ ಮೊದಲ ಆಯ್ಕೆ ಎಂದು ಪರಿಗಣಿಸಲಾಗುತ್ತದೆ. (ಮೂಲ: ಎಫ್‌ಡಿಎ ಲೇಬಲ್; ಡ್ರಗ್‌ಬ್ಯಾಂಕ್; ಎಸಿಆರ್ ಮಾರ್ಗಸೂಚಿಗಳು),"ಸಾಮಾನ್ಯ (ಸಾಮಾನ್ಯವಾಗಿ ಅದರ ಜೊತೆಗೆ ಫೋಲಿಕ್ ಆಮ್ಲವನ್ನು ತೆಗೆದುಕೊಳ್ಳುವುದರಿಂದ ಕಡಿಮೆಯಾಗುತ್ತದೆ): ವಾಕರಿಕೆ, ವಾಂತಿ, ಬಾಯಿ ಹುಣ್ಣುಗಳು, ಆಯಾಸ. ಗಂಭೀರ: ದೀರ್ಘಕಾಲದ ಬಳಕೆಯಿಂದ ಯಕೃತ್ತಿನ ಗುರುತು, ಶ್ವಾಸಕೋಶದ ಉರಿಯೂತ ಮತ್ತು ರಕ್ತ ಕಣಗಳ ಸಂಖ್ಯೆಯಲ್ಲಿನ ಕುಸಿತ. ಗರ್ಭಾವಸ್ಥೆಯಲ್ಲಿ ತೆಗೆದುಕೊಂಡರೆ ಗಂಭೀರವಾದ ಜನ್ಮ ದೋಷಗಳನ್ನು ಉಂಟುಮಾಡಬಹುದು. (ಮೂಲ: FDA ಡೈಲಿಮೆಡ್; SIDER)","ಗರ್ಭಾವಸ್ಥೆಯಲ್ಲಿ ಅಥವಾ ಹಾಲುಣಿಸುವ ಸಮಯದಲ್ಲಿ ಎಂದಿಗೂ ಬಳಸಬೇಡಿ. ಆಲ್ಕೋಹಾಲ್ ಅವಲಂಬನೆ ಅಥವಾ ನಡೆಯುತ್ತಿರುವ ಪಿತ್ತಜನಕಾಂಗದ ಕಾಯಿಲೆ, ದುರ್ಬಲಗೊಂಡ ಪ್ರತಿರಕ್ಷಣಾ ವ್ಯವಸ್ಥೆಗಳು, ಅಸ್ತಿತ್ವದಲ್ಲಿರುವ ರಕ್ತ ಅಸ್ವಸ್ಥತೆಗಳು, ಮೆಥೊಟ್ರೆಕ್ಸೇಟ್‌ಗೆ ಅಲರ್ಜಿ ಅಥವಾ ಮೂತ್ರಪಿಂಡದ ಕಾರ್ಯವನ್ನು ಗಮನಾರ್ಹವಾಗಿ ಕಡಿಮೆ ಮಾಡುವುದನ್ನು ತಪ್ಪಿಸಿ. (ಮೂಲ: FDA ಲೇಬಲ್)",ಪ್ರಮುಖ - ಬಹು ಗಂಭೀರ ಅಪಾಯಗಳು: ಈ ಔಷಧಿಯು ಹುಟ್ಟಲಿರುವ ಮಗುವಿಗೆ ಗಂಭೀರವಾಗಿ ಹಾನಿ ಮಾಡುತ್ತದೆ; ಶ್ವಾಸಕೋಶದ ಹಾನಿಯನ್ನು ಉಂಟುಮಾಡಬಹುದು; ರಕ್ತ ಕಣಗಳ ಸಂಖ್ಯೆಯನ್ನು ತೀವ್ರವಾಗಿ ಕಡಿಮೆ ಮಾಡಬಹುದು; ಗಂಭೀರ ಹೊಟ್ಟೆ / ಕರುಳಿನ ಸಮಸ್ಯೆಗಳನ್ನು ಉಂಟುಮಾಡಬಹುದು; ಕಾಲಾನಂತರದಲ್ಲಿ ಯಕೃತ್ತನ್ನು ಹಾನಿಗೊಳಿಸಬಹುದು (ಗಾಯ); ಕೆಲವು ಕ್ಯಾನ್ಸರ್‌ಗಳಿಗೆ ಸಂಬಂಧಿಸಿದೆ; ಮತ್ತು ತೀವ್ರವಾದ ಚರ್ಮದ ಪ್ರತಿಕ್ರಿಯೆಗಳು ಮತ್ತು ಗಂಭೀರ ಸೋಂಕುಗಳಿಗೆ ಕಾರಣವಾಗಬಹುದು. ನಿರ್ಣಾಯಕ: ಇದು ಸಾಪ್ತಾಹಿಕ ಔಷಧವಾಗಿದೆ - ಆಕಸ್ಮಿಕವಾಗಿ ಇದನ್ನು ಪ್ರತಿದಿನ ತೆಗೆದುಕೊಳ್ಳುವುದು ಮಾರಕವಾಗಬಹುದು. ನಿಮ್ಮ ವೈದ್ಯರು ಅಥವಾ ಔಷಧಿಕಾರರೊಂದಿಗೆ ನಿಮ್ಮ ಡೋಸಿಂಗ್ ವೇಳಾಪಟ್ಟಿಯನ್ನು ಯಾವಾಗಲೂ ಎರಡು ಬಾರಿ ಪರಿಶೀಲಿಸಿ. (ಮೂಲ: FDA DailyMed ಪೆಟ್ಟಿಗೆಯ ಎಚ್ಚರಿಕೆ),"NSAID ನೋವು ನಿವಾರಕಗಳು (ಐಬುಪ್ರೊಫೇನ್, ಡಿಕ್ಲೋಫೆನಾಕ್) ಮೂತ್ರಪಿಂಡಗಳು ಮೆಥೊಟ್ರೆಕ್ಸೇಟ್ ಅನ್ನು ಎಷ್ಟು ಚೆನ್ನಾಗಿ ತೆರವುಗೊಳಿಸುತ್ತವೆ, ಇದು ಮಾರಣಾಂತಿಕ ವಿಷತ್ವವನ್ನು ಉಂಟುಮಾಡಬಹುದು - ಈ ಸಂಯೋಜನೆಯನ್ನು ಸಾಮಾನ್ಯವಾಗಿ ತಪ್ಪಿಸಲಾಗುತ್ತದೆ ಅಥವಾ ನಿಕಟವಾಗಿ ಮೇಲ್ವಿಚಾರಣೆ ಮಾಡಲಾಗುತ್ತದೆ. ಕೆಲವು ಪ್ರತಿಜೀವಕಗಳು (ಟ್ರಿಮೆಥೋಪ್ರಿಮ್ / ಸಲ್ಫಮೆಥೋಕ್ಸಜೋಲ್) ಅದರ ವಿಷಕಾರಿ ಪರಿಣಾಮಗಳನ್ನು ಸೇರಿಸುತ್ತವೆ ಮತ್ತು ಅವುಗಳನ್ನು ತಪ್ಪಿಸಬೇಕು. ಪೆನ್ಸಿಲಿನ್ ಮಾದರಿಯ ಪ್ರತಿಜೀವಕಗಳು ಅದರ ತೆರವು ನಿಧಾನಗೊಳಿಸುತ್ತವೆ. ಆಸಿಡ್-ರಿಫ್ಲಕ್ಸ್ ಔಷಧಿಗಳು (ಪ್ರೋಟಾನ್ ಪಂಪ್ ಇನ್ಹಿಬಿಟರ್ಗಳು) ಅದರ ಮಟ್ಟವನ್ನು ಹೆಚ್ಚಿಸಬಹುದು. ಆಲ್ಕೊಹಾಲ್ ಯಕೃತ್ತಿನ ಹಾನಿಯ ಅಪಾಯವನ್ನು ಹೆಚ್ಚಿಸುತ್ತದೆ. (ಮೂಲ: FDA ಲೇಬಲ್; RxNav; DrugBank)",FDA DailyMed; DrugBank DB00563; ACR Guidelines — ಕನ್ನಡ,kn
hydroxychloroquine,Hydroxychloroquine,arthritis,ಹೈಡ್ರಾಕ್ಸಿಕ್ಲೋರೋಕ್ವಿನ್ ಸಲ್ಫೇಟ್,ಸಂಧಿವಾತ,DMARD / ಮಲೇರಿಯಾ ವಿರೋಧಿ,ಹೈಡ್ರಾಕ್ಸಿಕ್ಲೋರೋಕ್ವಿನ್ ಸಲ್ಫೇಟ್,"ಹೈಡ್ರಾಕ್ಸಿಕ್ಲೋರೋಕ್ವಿನ್ (ಬ್ರಾಂಡ್ ಹೆಸರು ಪ್ಲಾಕ್ವೆನಿಲ್) ಮೂಲತಃ ಮಲೇರಿಯಾ-ವಿರೋಧಿ ಔಷಧಿಯಾಗಿದ್ದು, ಇದು ಅತಿಯಾದ ಪ್ರತಿರಕ್ಷಣಾ ವ್ಯವಸ್ಥೆಯನ್ನು ಶಾಂತಗೊಳಿಸುತ್ತದೆ ಮತ್ತು ರುಮಟಾಯ್ಡ್ ಸಂಧಿವಾತ ಮತ್ತು ಲೂಪಸ್‌ಗೆ ಬಳಸಲಾಗುತ್ತದೆ. ಇದು ಅನೇಕ ಇತರ ಸಂಧಿವಾತ ಔಷಧಿಗಳಿಗಿಂತ ಹೃದಯ ಮತ್ತು ಚಯಾಪಚಯ ಕ್ರಿಯೆಯ ಮೇಲೆ ಮೃದುವಾದ ಪರಿಣಾಮವನ್ನು ಬೀರುತ್ತದೆ. (ಮೂಲ: FDA ಲೇಬಲ್; ಡ್ರಗ್‌ಬ್ಯಾಂಕ್)","ವಾಕರಿಕೆ, ವಾಂತಿ, ಅತಿಸಾರ, ಹೊಟ್ಟೆ ಸೆಳೆತ, ತಲೆನೋವು, ತಲೆತಿರುಗುವಿಕೆ, ಚರ್ಮದ ದದ್ದು. ಕಣ್ಣಿನ ಸಂಬಂಧಿತ: ದೀರ್ಘಾವಧಿಯ ಬಳಕೆಯಿಂದ, ಇದು ರೆಟಿನಾಕ್ಕೆ (ಕಣ್ಣಿನ ಬೆಳಕು-ಸಂವೇದನೆಯ ಭಾಗ) ಬದಲಾಯಿಸಲಾಗದ ಹಾನಿಯನ್ನು ಉಂಟುಮಾಡಬಹುದು, ಇದು ಡೋಸ್-ಅವಲಂಬಿತವಾಗಿದೆ. ಅಪರೂಪ: ಹೃದಯ ಸ್ನಾಯುವಿನ ತೊಂದರೆಗಳು, ಹೃದಯದ ಲಯ ಬದಲಾವಣೆಗಳು, ನರ ಹಾನಿ, ಔಷಧ-ಪ್ರಚೋದಿತ ಲೂಪಸ್. (ಮೂಲ: FDA ಡೈಲಿಮೆಡ್; SIDER)",ಹೈಡ್ರಾಕ್ಸಿಕ್ಲೋರೋಕ್ವಿನ್ ಅಥವಾ ಸಂಬಂಧಿತ ಮಲೇರಿಯಾ ವಿರೋಧಿ ಔಷಧಿಗಳಿಗೆ ಅಲರ್ಜಿಯಾಗಿದ್ದರೆ ಅಥವಾ ನೀವು ಈಗಾಗಲೇ ರೆಟಿನಾ (ಕಣ್ಣಿನ) ರೋಗವನ್ನು ಹೊಂದಿದ್ದರೆ ಅಥವಾ ಈ ರೀತಿಯ ಔಷಧದಿಂದ ಉಂಟಾಗುವ ದೃಷ್ಟಿ-ಕ್ಷೇತ್ರ ಬದಲಾವಣೆಗಳನ್ನು ತಪ್ಪಿಸಿ. (ಮೂಲ: FDA ಲೇಬಲ್),"ಪ್ರಮುಖ ದೀರ್ಘಕಾಲೀನ ಅಪಾಯವೆಂದರೆ ರೆಟಿನಾಗೆ ಬದಲಾಯಿಸಲಾಗದ ಹಾನಿ - ಪ್ರಾರಂಭಿಸುವ ಮೊದಲು ನೀವು ಕಣ್ಣಿನ ಪರೀಕ್ಷೆಯನ್ನು ಮಾಡಬೇಕಾಗುತ್ತದೆ ಮತ್ತು 5 ವರ್ಷಗಳ ಬಳಕೆಯ ನಂತರ ವಾರ್ಷಿಕ ಕಣ್ಣಿನ ತಪಾಸಣೆ ಮಾಡಬೇಕಾಗುತ್ತದೆ (ನೀವು ಇತರ ಅಪಾಯಕಾರಿ ಅಂಶಗಳನ್ನು ಹೊಂದಿದ್ದರೆ ಬೇಗ). ಇದು ಹೃದಯದ ವಿದ್ಯುತ್ ಲಯದ ಮೇಲೆ ಪರಿಣಾಮ ಬೀರಬಹುದು, ವಿಶೇಷವಾಗಿ ಇತರ ಹೃದಯ-ಲಯ-ಬಾಧಿಸುವ ಔಷಧಿಗಳೊಂದಿಗೆ ಸಂಯೋಜಿಸಲಾಗಿದೆ. G6PD ಕಿಣ್ವದ ಕೊರತೆಯಿರುವ ಜನರು ಕೆಂಪು ರಕ್ತ ಕಣಗಳ ಸ್ಥಗಿತದಿಂದ ರಕ್ತಹೀನತೆಯ ಹೆಚ್ಚಿನ ಅಪಾಯವನ್ನು ಹೊಂದಿರುತ್ತಾರೆ. (ಮೂಲ: ಎಫ್ಡಿಎ ಡೈಲಿಮೆಡ್)","ಹೃದಯದ ಲಯದ ಮೇಲೆ ಪರಿಣಾಮ ಬೀರುವ ಇತರ ಔಷಧಿಗಳೊಂದಿಗೆ ಸಂಯೋಜಿಸುವುದು (ಅಜಿಥ್ರೊಮೈಸಿನ್ ಮತ್ತು ಫ್ಲೋರೋಕ್ವಿನೋಲೋನ್ಗಳಂತಹ ಕೆಲವು ಪ್ರತಿಜೀವಕಗಳು, ಮತ್ತು ಆಂಟಿ-ಅರಿಥ್ಮಿಯಾ ಔಷಧಗಳು) ಅಪಾಯಕಾರಿ, ಸಂಭಾವ್ಯ ಮಾರಣಾಂತಿಕ ಹೃದಯದ ಲಯದ ಸಮಸ್ಯೆಯನ್ನು ಸೇರಿಸಬಹುದು. ಇದು ಡಿಗೋಕ್ಸಿನ್ (ಹೃದಯ ಔಷಧ) ಮಟ್ಟವನ್ನು ಹೆಚ್ಚಿಸಬಹುದು. ಇದು ಮಧುಮೇಹ ಔಷಧಿಗಳ ರಕ್ತ-ಸಕ್ಕರೆ-ಕಡಿಮೆಗೊಳಿಸುವ ಪರಿಣಾಮವನ್ನು ಬಲಪಡಿಸುತ್ತದೆ. ಇದು ಸೈಕ್ಲೋಸ್ಪೊರಿನ್ ಮಟ್ಟವನ್ನು ಹೆಚ್ಚಿಸಬಹುದು. (ಮೂಲ: FDA ಲೇಬಲ್; ಡ್ರಗ್‌ಬ್ಯಾಂಕ್)",FDA DailyMed; DrugBank DB01611 — ಕನ್ನಡ,kn
celecoxib,Celecoxib,arthritis,ಸೆಲೆಕಾಕ್ಸಿಬ್,ಸಂಧಿವಾತ,NSAID (COX-2 ಆಯ್ದ ಇನ್ಹಿಬಿಟರ್),ಸೆಲೆಕಾಕ್ಸಿಬ್,"ಸೆಲೆಕಾಕ್ಸಿಬ್ (ಬ್ರ್ಯಾಂಡ್ ಹೆಸರು ಸೆಲೆಬ್ರೆಕ್ಸ್) ಒಂದು NSAID ನೋವು ಮತ್ತು ಉರಿಯೂತದ ಔಷಧವಾಗಿದ್ದು, ಹಳೆಯ NSAID ಗಳಿಗಿಂತ ಹೊಟ್ಟೆಯ ಮೇಲೆ ಮೃದುವಾಗಿರುವಂತೆ ವಿನ್ಯಾಸಗೊಳಿಸಲಾಗಿದೆ, ಆದರೆ ಇನ್ನೂ ನೋವು ಮತ್ತು ಊತವನ್ನು ನಿವಾರಿಸುತ್ತದೆ. ಅಸ್ಥಿಸಂಧಿವಾತ, ರುಮಟಾಯ್ಡ್ ಸಂಧಿವಾತ, ಆಂಕೈಲೋಸಿಂಗ್ ಸ್ಪಾಂಡಿಲೈಟಿಸ್ ಮತ್ತು ಅಲ್ಪಾವಧಿಯ ನೋವಿಗೆ ಬಳಸಲಾಗುತ್ತದೆ. (ಮೂಲ: FDA ಲೇಬಲ್; ಡ್ರಗ್‌ಬ್ಯಾಂಕ್)","ಹೊಟ್ಟೆ ನೋವು, ಅಜೀರ್ಣ, ಅತಿಸಾರ, ವಾಕರಿಕೆ, ತಲೆನೋವು, ತಲೆತಿರುಗುವಿಕೆ, ದ್ರವದ ಊತ, ಹೆಚ್ಚಿದ ರಕ್ತದೊತ್ತಡ, ಶೀತದಂತಹ ಲಕ್ಷಣಗಳು. ಅಪರೂಪದ ಆದರೆ ಗಂಭೀರ: ಹೃದಯಾಘಾತ, ಪಾರ್ಶ್ವವಾಯು, ಗಂಭೀರ ಹೊಟ್ಟೆ ಸಮಸ್ಯೆಗಳು, ತೀವ್ರ ಚರ್ಮದ ಪ್ರತಿಕ್ರಿಯೆಗಳು, ಯಕೃತ್ತಿನ ಸಮಸ್ಯೆಗಳು. (ಮೂಲ: FDA ಡೈಲಿಮೆಡ್; SIDER)","ನೀವು ಸಲ್ಫಾ-ಸಂಬಂಧಿತ ಔಷಧಿಗಳಿಗೆ ಅಲರ್ಜಿಯನ್ನು ಹೊಂದಿದ್ದರೆ (ಈ ಔಷಧಿಯು ಸಲ್ಫಾ-ಸಂಬಂಧಿತ ಅಂಶವನ್ನು ಹೊಂದಿದೆ), NSAID/ಆಸ್ಪಿರಿನ್-ಪ್ರಚೋದಿತ ಆಸ್ತಮಾವನ್ನು ಹೊಂದಿದ್ದರೆ, ಹೃದಯದ ಬೈಪಾಸ್ ಶಸ್ತ್ರಚಿಕಿತ್ಸೆಯ ನಂತರವೇ ನೋವು ಪರಿಹಾರವನ್ನು ಹೊಂದಿದ್ದರೆ, ಸಕ್ರಿಯ ಹೊಟ್ಟೆ ರಕ್ತಸ್ರಾವವನ್ನು ಹೊಂದಿದ್ದರೆ, ಗರ್ಭಾವಸ್ಥೆಯ ಕೊನೆಯ ಮೂರು ತಿಂಗಳುಗಳಲ್ಲಿ ಅಥವಾ ತೀವ್ರ ಯಕೃತ್ತಿನ ಸಮಸ್ಯೆಗಳನ್ನು ಹೊಂದಿದ್ದರೆ ತಪ್ಪಿಸಿ. (ಮೂಲ: FDA ಲೇಬಲ್)","ಪ್ರಮುಖ: ಹೃದಯಾಘಾತ ಮತ್ತು ಪಾರ್ಶ್ವವಾಯು ಅಪಾಯವನ್ನು ಹೆಚ್ಚಿಸುತ್ತದೆ, ಮತ್ತು ಈ ಅಪಾಯವು ಹೆಚ್ಚಿನ ಪ್ರಮಾಣದಲ್ಲಿ ಮತ್ತು ದೀರ್ಘಾವಧಿಯ ಬಳಕೆಯಿಂದ ಬೆಳೆಯುತ್ತದೆ - ಹೃದಯದ ಬೈಪಾಸ್ ಶಸ್ತ್ರಚಿಕಿತ್ಸೆಯ ನಂತರ ಎಂದಿಗೂ ಬಳಸಬೇಡಿ. ಹಳೆಯ NSAID ಗಳಿಗಿಂತ ಹೊಟ್ಟೆಯ ಮೇಲೆ ಸೌಮ್ಯವಾಗಿದ್ದರೂ ಸಹ ಗಂಭೀರವಾದ ಹೊಟ್ಟೆ ಸಮಸ್ಯೆಗಳು (ರಕ್ತಸ್ರಾವ ಸೇರಿದಂತೆ) ಇನ್ನೂ ಸಂಭವಿಸಬಹುದು. ಯಕೃತ್ತಿನ ಮೇಲೆ ಪರಿಣಾಮ ಬೀರಬಹುದು. ಗರ್ಭಾವಸ್ಥೆಯ 30 ವಾರಗಳಿಂದ ದೂರವಿರಿ, ಏಕೆಂದರೆ ಇದು ಮಗುವಿಗೆ ಹಾನಿ ಮಾಡುತ್ತದೆ. (ಮೂಲ: FDA DailyMed ಪೆಟ್ಟಿಗೆಯ ಎಚ್ಚರಿಕೆ)",ವಾರ್ಫರಿನ್‌ನ ರಕ್ತ ತೆಳುಗೊಳಿಸುವ ಪರಿಣಾಮವನ್ನು ಹೆಚ್ಚಿಸಬಹುದು - INR ಅನ್ನು ಮೇಲ್ವಿಚಾರಣೆ ಮಾಡಬೇಕು. ರಕ್ತದೊತ್ತಡ ಔಷಧಿಗಳ (ಎಸಿಇ ಇನ್ಹಿಬಿಟರ್ಗಳು/ಎಆರ್ಬಿಗಳು) ಪರಿಣಾಮಕಾರಿತ್ವವನ್ನು ಕಡಿಮೆ ಮಾಡುತ್ತದೆ. ಲಿಥಿಯಂ ಮಟ್ಟವನ್ನು ಸುಮಾರು 17% ರಷ್ಟು ಹೆಚ್ಚಿಸುತ್ತದೆ. ಫ್ಲುಕೋನಜೋಲ್ (ಆಂಟಿಫಂಗಲ್ ಔಷಧಿ) ಸೆಲೆಕಾಕ್ಸಿಬ್ ಮಟ್ಟವನ್ನು ಸರಿಸುಮಾರು ದ್ವಿಗುಣಗೊಳಿಸುತ್ತದೆ - ಕಡಿಮೆ ಆರಂಭಿಕ ಡೋಸ್ ಅನ್ನು ಒಟ್ಟಿಗೆ ಬಳಸಲಾಗುತ್ತದೆ. ಮೆಥೊಟ್ರೆಕ್ಸೇಟ್ ವಿಷತ್ವದ ಅಪಾಯವನ್ನು ಹೆಚ್ಚಿಸುತ್ತದೆ. (ಮೂಲ: FDA ಲೇಬಲ್; RxNav),FDA DailyMed; DrugBank DB00482 — ಕನ್ನಡ,kn
sulfasalazine,Sulfasalazine,arthritis,ಸಲ್ಫಾಸಲಾಝಿನ್,ಸಂಧಿವಾತ,DMARD / ಅಮಿನೋಸಲಿಸಿಲೇಟ್,ಸಲ್ಫಾಸಲಾಝಿನ್,"Sulfasalazine (ಬ್ರಾಂಡ್ ಹೆಸರು Azulfidine) ರುಮಟಾಯ್ಡ್ ಸಂಧಿವಾತ ಮತ್ತು ಕೆಲವು ಸಂಬಂಧಿತ ಜಂಟಿ ಪರಿಸ್ಥಿತಿಗಳು ನಿಯಂತ್ರಿಸಲು ದೀರ್ಘಕಾಲದ ಬಳಸಲಾಗುತ್ತದೆ, ಅತಿಯಾದ ಪ್ರತಿರಕ್ಷಣಾ ಪ್ರತಿಕ್ರಿಯೆಯನ್ನು ಶಾಂತಗೊಳಿಸುವ ಮೂಲಕ ಕೆಲಸ. (ಮೂಲ: FDA ಲೇಬಲ್; ACR ಮಾರ್ಗಸೂಚಿಗಳು)","ವಾಕರಿಕೆ, ವಾಂತಿ, ಹಸಿವು ಕಡಿಮೆಯಾಗುವುದು, ತಲೆನೋವು, ತಲೆತಿರುಗುವಿಕೆ, ಚರ್ಮದ ದದ್ದು, ಮತ್ತು ವೀರ್ಯ ಎಣಿಕೆಯಲ್ಲಿ ತಾತ್ಕಾಲಿಕ, ನಿರುಪದ್ರವ ಕುಸಿತವು ನಿಲ್ಲಿಸಿದ ನಂತರ ಹಿಮ್ಮುಖವಾಗುತ್ತದೆ. ಇದು ಮೂತ್ರ ಮತ್ತು ಚರ್ಮವನ್ನು ಕಿತ್ತಳೆ-ಹಳದಿ ಬಣ್ಣಕ್ಕೆ ತಿರುಗಿಸಬಹುದು, ಇದು ಹಾನಿಕಾರಕವಲ್ಲ. ಗಂಭೀರ: ರಕ್ತ ಕಣಗಳ ಸಂಖ್ಯೆಯಲ್ಲಿ ತೀವ್ರ ಕುಸಿತಗಳು, ಯಕೃತ್ತಿನ ಸಮಸ್ಯೆಗಳು, ತೀವ್ರವಾದ ಚರ್ಮದ ಪ್ರತಿಕ್ರಿಯೆಗಳು ಮತ್ತು ಗಂಭೀರ ಅಲರ್ಜಿಯ ಪ್ರತಿಕ್ರಿಯೆಗಳು. (ಮೂಲ: FDA ಡೈಲಿಮೆಡ್; SIDER)","ಸಲ್ಫಾಸಲಾಜಿನ್, ಆಸ್ಪಿರಿನ್-ಮಾದರಿಯ ಔಷಧಿಗಳು ಅಥವಾ ಸಲ್ಫಾ ಔಷಧಿಗಳಿಗೆ ಅಲರ್ಜಿಯಾಗಿದ್ದರೆ ಅಥವಾ ನೀವು ಕರುಳು ಅಥವಾ ಮೂತ್ರದ ಅಡಚಣೆಯನ್ನು ಹೊಂದಿದ್ದರೆ, ರಕ್ತದ ಅಸ್ವಸ್ಥತೆ ಪೊರ್ಫೈರಿಯಾ ಅಥವಾ (ಕರುಳಿನ ಕಾಯಿಲೆಯ ಬಳಕೆಗಾಗಿ) 2 ವರ್ಷದೊಳಗಿನ ಶಿಶುವಾಗಿದ್ದರೆ ತಪ್ಪಿಸಿ. (ಮೂಲ: FDA ಲೇಬಲ್)","ಈ ಔಷಧಿಯು ಅಪರೂಪವಾಗಿ, ರಕ್ತ ಕಣಗಳ ಸಂಖ್ಯೆಯಲ್ಲಿ ತೀವ್ರ ಮತ್ತು ಕೆಲವೊಮ್ಮೆ ಮಾರಣಾಂತಿಕ ಹನಿಗಳನ್ನು ಉಂಟುಮಾಡಬಹುದು - ಇದನ್ನು ಮುಂಚಿತವಾಗಿ ಹಿಡಿಯಲು ನಿಯಮಿತ ರಕ್ತ ಪರೀಕ್ಷೆಗಳು ಅಗತ್ಯವಿದೆ. ಯಕೃತ್ತಿನ ಕಾರ್ಯವನ್ನು ಸಹ ಮೇಲ್ವಿಚಾರಣೆ ಮಾಡಬೇಕು. ನೀವು ತೀವ್ರವಾದ ಚರ್ಮದ ಪ್ರತಿಕ್ರಿಯೆಯನ್ನು (ಗುಳ್ಳೆಗಳು ಅಥವಾ ಸಿಪ್ಪೆಸುಲಿಯುವುದು) ಅಭಿವೃದ್ಧಿಪಡಿಸಿದರೆ ತಕ್ಷಣವೇ ನಿಲ್ಲಿಸಿ ಮತ್ತು ಆರೈಕೆಯನ್ನು ಪಡೆಯಿರಿ. ಔಷಧಿಯನ್ನು ನಿಲ್ಲಿಸಿದ ನಂತರ ಪುರುಷರಲ್ಲಿ ಕಡಿಮೆಯಾದ ವೀರ್ಯದ ಎಣಿಕೆ ಹಿಮ್ಮುಖವಾಗುತ್ತದೆ. (ಮೂಲ: ಎಫ್ಡಿಎ ಡೈಲಿಮೆಡ್)","ಮೆಥೊಟ್ರೆಕ್ಸೇಟ್ (ಮತ್ತೊಂದು ಸಂಧಿವಾತ ಔಷಧ) ನೊಂದಿಗೆ ಸೇರಿಕೊಂಡು, ಎರಡರಿಂದಲೂ ಅಡ್ಡಪರಿಣಾಮಗಳ ಅಪಾಯವು ಹೆಚ್ಚಾಗುತ್ತದೆ - ನಿಯಮಿತ ರಕ್ತ ಮತ್ತು ಯಕೃತ್ತಿನ ಪರೀಕ್ಷೆಗಳು ಅಗತ್ಯವಿದೆ. ಇದು ಡಿಗೋಕ್ಸಿನ್ (ಹೃದಯ ಔಷಧ) ಹೀರಿಕೊಳ್ಳುವಿಕೆಯನ್ನು ಸುಮಾರು 25% ರಷ್ಟು ಕಡಿಮೆ ಮಾಡುತ್ತದೆ. ಇದು ಫೋಲಿಕ್ ಆಮ್ಲದ ಹೀರಿಕೊಳ್ಳುವಿಕೆಯನ್ನು ನಿರ್ಬಂಧಿಸುತ್ತದೆ, ಆದ್ದರಿಂದ ಫೋಲಿಕ್ ಆಮ್ಲದ ಪೂರಕವು ಸಾಮಾನ್ಯವಾಗಿ ಅಗತ್ಯವಾಗಿರುತ್ತದೆ. ಇದು ವಾರ್ಫರಿನ್ ನಂತಹ ರಕ್ತ ತೆಳುಗೊಳಿಸುವ ಪರಿಣಾಮವನ್ನು ಬಲಪಡಿಸುತ್ತದೆ. (ಮೂಲ: FDA ಲೇಬಲ್; ಡ್ರಗ್‌ಬ್ಯಾಂಕ್)",FDA DailyMed; DrugBank DB00795 — ಕನ್ನಡ,kn
prednisolone,Prednisolone,arthritis,ಪ್ರೆಡ್ನಿಸೊಲೋನ್,ಸಂಧಿವಾತ,ಕಾರ್ಟಿಕೋಸ್ಟೆರಾಯ್ಡ್,ಪ್ರೆಡ್ನಿಸೊಲೋನ್,"ಪ್ರೆಡ್ನಿಸೋಲೋನ್ ಒಂದು ಬಲವಾದ ಸ್ಟೀರಾಯ್ಡ್ ಔಷಧಿಯಾಗಿದ್ದು ಅದು ದೇಹದಾದ್ಯಂತ ಉರಿಯೂತವನ್ನು ತ್ವರಿತವಾಗಿ ಶಾಂತಗೊಳಿಸುತ್ತದೆ. ಇದನ್ನು ಸಾಮಾನ್ಯವಾಗಿ ಅಲ್ಪಾವಧಿಯ ""ಸೇತುವೆ"" ಎಂದು ಬಳಸಲಾಗುತ್ತದೆ, ಆದರೆ ನಿಧಾನವಾಗಿ ಕಾರ್ಯನಿರ್ವಹಿಸುವ ಸಂಧಿವಾತ ಔಷಧಿಗಳು ಕಾರ್ಯನಿರ್ವಹಿಸಲು ಪ್ರಾರಂಭಿಸುತ್ತವೆ, ಅಥವಾ ಹಠಾತ್ ಉಲ್ಬಣಗೊಳ್ಳುವಿಕೆಗಾಗಿ, ಮತ್ತು ಭಾರತದಲ್ಲಿ ವ್ಯಾಪಕವಾಗಿ ಅನೇಕ ಉರಿಯೂತದ ಪರಿಸ್ಥಿತಿಗಳಿಗೆ ಬಳಸಲಾಗುತ್ತದೆ. (ಮೂಲ: FDA ಲೇಬಲ್; DrugBank; ICMR)","ಅಲ್ಪಾವಧಿ: ನಿದ್ರೆಯ ತೊಂದರೆ, ಮೂಡ್ ಬದಲಾವಣೆಗಳು, ಹೆಚ್ಚಿದ ಹಸಿವು, ಹೆಚ್ಚಿದ ರಕ್ತದ ಸಕ್ಕರೆ, ಹೆಚ್ಚಿದ ರಕ್ತದೊತ್ತಡ. ದೀರ್ಘಕಾಲದ: ದುಂಡಾದ ""ಚಂದ್ರನ ಮುಖ"" ಮತ್ತು ತೂಕ ಬದಲಾವಣೆಗಳು (ಕುಶಿಂಗ್ ಸಿಂಡ್ರೋಮ್), ದುರ್ಬಲಗೊಂಡ ಮೂಳೆಗಳು, ದೇಹದ ಸ್ವಂತ ಸ್ಟೀರಾಯ್ಡ್ ಉತ್ಪಾದನೆಯು ಸ್ಥಗಿತಗೊಳ್ಳುವುದು, ಹೆಚ್ಚಿನ ಸೋಂಕಿನ ಅಪಾಯ, ಕಣ್ಣಿನ ಪೊರೆಗಳು, ಗ್ಲುಕೋಮಾ, ಹೊಟ್ಟೆ ಹುಣ್ಣುಗಳು, ಸ್ನಾಯು ದೌರ್ಬಲ್ಯ ಮತ್ತು ಮಕ್ಕಳಲ್ಲಿ ನಿಧಾನಗತಿಯ ಬೆಳವಣಿಗೆ. (ಮೂಲ: FDA ಡೈಲಿಮೆಡ್; SIDER)","ದೇಹದಾದ್ಯಂತ ಸಕ್ರಿಯ ಶಿಲೀಂಧ್ರಗಳ ಸೋಂಕನ್ನು ತಪ್ಪಿಸಿ, ಅಥವಾ ಪ್ರೆಡ್ನಿಸೋಲೋನ್‌ಗೆ ಅಲರ್ಜಿ ಇದ್ದರೆ. ಸಕ್ರಿಯ ಹೊಟ್ಟೆಯ ರಕ್ತಸ್ರಾವ, ಕಳಪೆ ನಿಯಂತ್ರಿತ ಮಧುಮೇಹ ಅಥವಾ ಸಕ್ರಿಯ ಕ್ಷಯರೋಗದೊಂದಿಗೆ ಎಚ್ಚರಿಕೆಯಿಂದ ಬಳಸಿ (ಅದೇ ಸಮಯದಲ್ಲಿ ಟಿಬಿ ಚಿಕಿತ್ಸೆಯೊಂದಿಗೆ ಮಾತ್ರ). (ಮೂಲ: FDA ಲೇಬಲ್)","ಈ ಔಷಧಿಯು ಪ್ರತಿರಕ್ಷಣಾ ವ್ಯವಸ್ಥೆಯನ್ನು ದುರ್ಬಲಗೊಳಿಸುತ್ತದೆ, ಗಂಭೀರವಾದ ಅಥವಾ ಮಾರಣಾಂತಿಕ ಸೋಂಕಿನ ಅಪಾಯವನ್ನು ಹೆಚ್ಚಿಸುತ್ತದೆ. ಸ್ವಲ್ಪ ಸಮಯದವರೆಗೆ ಅದನ್ನು ತೆಗೆದುಕೊಂಡ ನಂತರ ಅದನ್ನು ಇದ್ದಕ್ಕಿದ್ದಂತೆ ನಿಲ್ಲಿಸಬೇಡಿ - ನಿಮ್ಮ ದೇಹದ ಸ್ವಂತ ಸ್ಟೀರಾಯ್ಡ್ ಉತ್ಪಾದನೆಯು ಚೇತರಿಸಿಕೊಳ್ಳಲು ಸಮಯ ಬೇಕಾಗುತ್ತದೆ, ಆದ್ದರಿಂದ ನಿಮ್ಮ ವೈದ್ಯರು ಕ್ರಮೇಣ ಡೋಸ್ ಅನ್ನು ಕಡಿಮೆ ಮಾಡುತ್ತಾರೆ. ದೀರ್ಘಾವಧಿಯ ಬಳಕೆಯು ಮೂಳೆಗಳನ್ನು ದುರ್ಬಲಗೊಳಿಸುತ್ತದೆ, ಆದ್ದರಿಂದ ನಿಮ್ಮ ವೈದ್ಯರು ಮೂಳೆ-ರಕ್ಷಿಸುವ ಔಷಧಿಯನ್ನು ಶಿಫಾರಸು ಮಾಡಬಹುದು. ರಕ್ತದ ಸಕ್ಕರೆ, ರಕ್ತದೊತ್ತಡ ಮತ್ತು ಮೂಳೆಗಳ ಆರೋಗ್ಯವನ್ನು ನಿಯಮಿತವಾಗಿ ಮೇಲ್ವಿಚಾರಣೆ ಮಾಡಬೇಕು. (ಮೂಲ: ಎಫ್ಡಿಎ ಡೈಲಿಮೆಡ್)","NSAID ನೋವು ನಿವಾರಕಗಳ ಜೊತೆಯಲ್ಲಿ, ಹೊಟ್ಟೆಯ ಹುಣ್ಣು ಮತ್ತು ರಕ್ತಸ್ರಾವದ ಅಪಾಯವು ಹೆಚ್ಚಾಗುತ್ತದೆ - ಹೊಟ್ಟೆಯನ್ನು ರಕ್ಷಿಸುವ ಔಷಧಿಯನ್ನು ಹೆಚ್ಚಾಗಿ ಸೇರಿಸಲಾಗುತ್ತದೆ. ಇದು ಮಧುಮೇಹ ಔಷಧಿಗಳ ವಿರುದ್ಧ ಕೆಲಸ ಮಾಡುತ್ತದೆ, ರಕ್ತದಲ್ಲಿನ ಸಕ್ಕರೆಯನ್ನು ಹೆಚ್ಚಿಸುತ್ತದೆ. ಪ್ರತಿರಕ್ಷಣಾ ನಿಗ್ರಹಿಸುವ ಸ್ಟೀರಾಯ್ಡ್ ಡೋಸ್‌ಗಳಲ್ಲಿ ಲೈವ್ ಲಸಿಕೆಗಳನ್ನು ನೀಡಬಾರದು. ಪ್ರತಿಜೀವಕ ರಿಫಾಂಪಿನ್ ಪ್ರೆಡ್ನಿಸೋಲೋನ್ ಅನ್ನು ಕಡಿಮೆ ಪರಿಣಾಮಕಾರಿಯಾಗಿ ಮಾಡುತ್ತದೆ. ಇದು ವಾರ್ಫರಿನ್‌ನ ರಕ್ತ-ತೆಳುವಾಗಿಸುವ ಪರಿಣಾಮದಲ್ಲಿ ಅನಿರೀಕ್ಷಿತ ಬದಲಾವಣೆಗಳನ್ನು ಉಂಟುಮಾಡಬಹುದು, ಆದ್ದರಿಂದ INR ಗೆ ಮೇಲ್ವಿಚಾರಣೆಯ ಅಗತ್ಯವಿದೆ. (ಮೂಲ: FDA ಲೇಬಲ್; RxNav)",FDA DailyMed; DrugBank DB00860; ICMR — ಕನ್ನಡ,kn
leflunomide,Leflunomide,arthritis,ಲೆಫ್ಲುನೊಮೈಡ್,ಸಂಧಿವಾತ,DMARD / ಪಿರಿಮಿಡಿನ್ ಸಂಶ್ಲೇಷಣೆ ತಡೆ,ಲೆಫ್ಲುನೊಮೈಡ್,ಲೆಫ್ಲುನೊಮೈಡ್ (ಬ್ರಾಂಡ್ ಹೆಸರು ಅರಾವಾ) ಆ ಜೀವಕೋಶಗಳು ಗುಣಿಸಬೇಕಾದ ಪ್ರಕ್ರಿಯೆಯನ್ನು ತಡೆಯುವ ಮೂಲಕ ಸಂಧಿವಾತವನ್ನು ಚಾಲನೆ ಮಾಡುವ ಅತಿಯಾದ ಪ್ರತಿರಕ್ಷಣಾ ಕೋಶಗಳನ್ನು ಶಾಂತಗೊಳಿಸುತ್ತದೆ. ಮೆಥೊಟ್ರೆಕ್ಸೇಟ್ನೊಂದಿಗೆ ಏಕಾಂಗಿಯಾಗಿ ಅಥವಾ ಒಟ್ಟಿಗೆ ಬಳಸಲಾಗುತ್ತದೆ. (ಮೂಲ: ಎಫ್‌ಡಿಎ ಲೇಬಲ್; ಡ್ರಗ್‌ಬ್ಯಾಂಕ್; ಎಸಿಆರ್ ಮಾರ್ಗಸೂಚಿಗಳು),"ಅತ್ಯಂತ ಸಾಮಾನ್ಯ: ಅತಿಸಾರ. ವಾಕರಿಕೆ, ಕೂದಲು ತೆಳುವಾಗುವುದು (ಇದು ಹಿಮ್ಮುಖವಾಗುತ್ತದೆ), ದದ್ದು, ಯಕೃತ್ತಿನ ಕಿಣ್ವಗಳು, ತಲೆನೋವು, ರಕ್ತದೊತ್ತಡವನ್ನು ಹೆಚ್ಚಿಸಿತು. ಗಂಭೀರ: ಪಿತ್ತಜನಕಾಂಗದ ಹಾನಿ (ಅಪರೂಪದ ಮಾರಣಾಂತಿಕ ಪಿತ್ತಜನಕಾಂಗದ ವೈಫಲ್ಯ ಸೇರಿದಂತೆ), ಹುಟ್ಟಲಿರುವ ಮಗುವಿಗೆ ಹಾನಿ, ರಕ್ತ ಕಣಗಳ ಎಣಿಕೆ ಕಡಿಮೆಯಾಗಿದೆ, ಕೈಗಳು/ಕಾಲುಗಳಲ್ಲಿನ ನರ ಹಾನಿ ಮತ್ತು ಗಂಭೀರ ಸೋಂಕುಗಳು. (ಮೂಲ: FDA ಡೈಲಿಮೆಡ್; SIDER)","ಗರ್ಭಾವಸ್ಥೆಯಲ್ಲಿ ಎಂದಿಗೂ ಬಳಸಬೇಡಿ - ಇದು ಗಂಭೀರ ಜನ್ಮ ದೋಷಗಳನ್ನು ಉಂಟುಮಾಡಬಹುದು - ಅಥವಾ ಹಾಲುಣಿಸುವ ಸಮಯದಲ್ಲಿ. ತೀವ್ರವಾದ ಯಕೃತ್ತಿನ ಸಮಸ್ಯೆಗಳು, ತೀವ್ರವಾಗಿ ದುರ್ಬಲಗೊಂಡ ಪ್ರತಿರಕ್ಷಣಾ ವ್ಯವಸ್ಥೆ, ಕೆಲವು ಮೂಳೆ ಮಜ್ಜೆಯ ಪರಿಸ್ಥಿತಿಗಳು ಅಥವಾ ಗಂಭೀರವಾದ ಸಕ್ರಿಯ ಸೋಂಕುಗಳೊಂದಿಗೆ ತಪ್ಪಿಸಿ. ನೀವು ಗರ್ಭಿಣಿಯಾಗಲು ಯೋಜಿಸಿದರೆ, ನಿಮ್ಮ ದೇಹದಿಂದ ಔಷಧವನ್ನು ತೆರವುಗೊಳಿಸಲು ಮೊದಲು ವಿಶೇಷ ""ವಾಶ್ಔಟ್"" ಕಾರ್ಯವಿಧಾನದ ಅಗತ್ಯವಿದೆ. (ಮೂಲ: FDA ಲೇಬಲ್)","ಪ್ರಮುಖ: ಗಂಭೀರವಾದ ಜನ್ಮ ದೋಷಗಳನ್ನು ಉಂಟುಮಾಡಬಹುದು - ಗರ್ಭಿಣಿಯಾಗಬಹುದಾದ ಮಹಿಳೆಯರಿಗೆ ಎರಡು ವರ್ಷಗಳ ಔಷಧಿ-ತೆರವು (""ವಾಶ್ಔಟ್"") ವಿಧಾನದ ಅಗತ್ಯವಿದೆ ಮತ್ತೊಂದು ಔಷಧಿ (ಕೊಲೆಸ್ಟೈರಮೈನ್) ಗರ್ಭಧಾರಣೆಯನ್ನು ಬೇಗ ಯೋಜಿಸಿದ್ದರೆ. ಗಂಭೀರವಾದ, ಕೆಲವೊಮ್ಮೆ ಮಾರಣಾಂತಿಕ, ಪಿತ್ತಜನಕಾಂಗದ ಹಾನಿಯನ್ನು ಉಂಟುಮಾಡಬಹುದು - ಯಕೃತ್ತಿನ ರಕ್ತ ಪರೀಕ್ಷೆಗಳನ್ನು ಮೊದಲ 6 ತಿಂಗಳವರೆಗೆ ಮಾಸಿಕವಾಗಿ ಪರಿಶೀಲಿಸಲಾಗುತ್ತದೆ, ನಂತರ ಪ್ರತಿ 6-8 ವಾರಗಳಿಗೊಮ್ಮೆ. ಗಂಭೀರ ಸೋಂಕುಗಳು ಮತ್ತು ಕೆಲವು ಕ್ಯಾನ್ಸರ್ಗಳ ಅಪಾಯವನ್ನು ಸಹ ಹೆಚ್ಚಿಸುತ್ತದೆ. (ಮೂಲ: FDA DailyMed ಪೆಟ್ಟಿಗೆಯ ಎಚ್ಚರಿಕೆ)",ಮೆಥೊಟ್ರೆಕ್ಸೇಟ್‌ನೊಂದಿಗೆ ಸಂಯೋಜನೆಯು ಯಕೃತ್ತಿನ ಹಾನಿಯ ಅಪಾಯವನ್ನು ಗಮನಾರ್ಹವಾಗಿ ಹೆಚ್ಚಿಸುತ್ತದೆ - ಯಕೃತ್ತಿನ ಪರೀಕ್ಷೆಗಳಿಗೆ ನಿಕಟ ಮೇಲ್ವಿಚಾರಣೆಯ ಅಗತ್ಯವಿದೆ. ಇದು ವಾರ್ಫರಿನ್ನ ರಕ್ತ ತೆಳುಗೊಳಿಸುವ ಪರಿಣಾಮವನ್ನು ಹೆಚ್ಚಿಸುತ್ತದೆ - INR ಅನ್ನು ನಿಕಟವಾಗಿ ವೀಕ್ಷಿಸಬೇಕು. ಇದನ್ನು ಟೆರಿಫ್ಲುನೊಮೈಡ್ (ಸಂಬಂಧಿತ ಔಷಧ) ನೊಂದಿಗೆ ಸಂಯೋಜಿಸಬಾರದು. ಅಗತ್ಯವಿದ್ದರೆ ದೇಹದಿಂದ ಔಷಧವನ್ನು ವೇಗವಾಗಿ ತೆರವುಗೊಳಿಸಲು ಸಹಾಯ ಮಾಡಲು ಕೊಲೆಸ್ಟೈರಮೈನ್ ಅಥವಾ ಸಕ್ರಿಯ ಇದ್ದಿಲು ಬಳಸಬಹುದು. (ಮೂಲ: FDA ಲೇಬಲ್; ಡ್ರಗ್‌ಬ್ಯಾಂಕ್),FDA DailyMed; DrugBank DB01097; ACR Guidelines — ಕನ್ನಡ,kn
colchicine,Colchicine,arthritis,ಕಾಲ್ಚಿಸಿನ್,ಸಂಧಿವಾತ,ಗೌಟ್ ವಿರೋಧಿ / ಉರಿಯೂತ ನಿವಾರಕ,ಕಾಲ್ಚಿಸಿನ್,"ಕೊಲ್ಚಿಸಿನ್ (ಬ್ರಾಂಡ್ ಹೆಸರು ಕೊಲ್ಕ್ರಿಸ್) ಕೆಲವು ಬಿಳಿ ರಕ್ತ ಕಣಗಳು ಕೀಲುಗಳಲ್ಲಿ ಸ್ಫಟಿಕ ರಚನೆಯ ಸ್ಥಳಕ್ಕೆ ನುಗ್ಗುವುದನ್ನು ನಿಲ್ಲಿಸುವ ಮೂಲಕ ಗೌಟ್ ದಾಳಿಯ ತೀವ್ರವಾದ ಉರಿಯೂತವನ್ನು ಶಾಂತಗೊಳಿಸುತ್ತದೆ. ಅಪರೂಪದ ಆನುವಂಶಿಕ ಜ್ವರ ಸ್ಥಿತಿಗೆ, ಮತ್ತು ಕೆಲವೊಮ್ಮೆ ಹೃದಯದ ಸುತ್ತ ಉರಿಯೂತಕ್ಕೆ ಚಿಕಿತ್ಸೆ ನೀಡಲು ಮತ್ತು ಗೌಟ್ ದಾಳಿಯನ್ನು ತಡೆಗಟ್ಟಲು ಬಳಸಲಾಗುತ್ತದೆ. (ಮೂಲ: FDA ಲೇಬಲ್; ಡ್ರಗ್‌ಬ್ಯಾಂಕ್)","ಅತಿಸಾರವು ಸಾಮಾನ್ಯವಾಗಿದೆ ಮತ್ತು ಡೋಸ್ ಅನ್ನು ಕಡಿಮೆ ಮಾಡುವ ಸಂಕೇತವಾಗಿದೆ. ಜೊತೆಗೆ ವಾಕರಿಕೆ, ವಾಂತಿ, ಹೊಟ್ಟೆ ನೋವು. ಸ್ನಾಯುವಿನ ಹಾನಿಯನ್ನು ಉಂಟುಮಾಡಬಹುದು (ವಿಶೇಷವಾಗಿ ಕೆಲವು ಕೊಲೆಸ್ಟರಾಲ್ ಔಷಧಿಗಳು ಅಥವಾ ಸೈಕ್ಲೋಸ್ಪೊರಿನ್ ಜೊತೆ ಸಂಯೋಜಿಸಲಾಗಿದೆ). ಮೂಳೆ ಮಜ್ಜೆಯನ್ನು ನಿಗ್ರಹಿಸಬಹುದು, ಮಿತಿಮೀರಿದ ಸೇವನೆಯಿಂದ ಅಥವಾ ಮೂತ್ರಪಿಂಡದ ಸಮಸ್ಯೆಗಳೊಂದಿಗೆ ಕಡಿಮೆ ರಕ್ತ ಕಣಗಳ ಸಂಖ್ಯೆಯನ್ನು ಉಂಟುಮಾಡುತ್ತದೆ. ದೀರ್ಘಾವಧಿಯ ಬಳಕೆಯು ಕೂದಲು ತೆಳುವಾಗಲು ಕಾರಣವಾಗಬಹುದು. (ಮೂಲ: FDA ಡೈಲಿಮೆಡ್; SIDER)",ನೀವು ಮೂತ್ರಪಿಂಡ ಅಥವಾ ಯಕೃತ್ತಿನ ಸಮಸ್ಯೆಗಳನ್ನು ಹೊಂದಿದ್ದರೆ ಕೆಲವು ಬಲವಾದ ಪ್ರತಿಜೀವಕಗಳು ಅಥವಾ ಆಂಟಿಫಂಗಲ್ಗಳೊಂದಿಗೆ (ಸೈಕ್ಲೋಸ್ಪೊರಿನ್ ಅಥವಾ ಕ್ಲಾರಿಥ್ರೊಮೈಸಿನ್ ನಂತಹ) ಸಂಯೋಜಿಸಬೇಡಿ - ಈ ಸಂಯೋಜನೆಯು ಮಾರಕವಾಗಬಹುದು. ಕೊಲ್ಚಿಸಿನ್ಗೆ ಅಲರ್ಜಿ ಇದ್ದರೆ ತಪ್ಪಿಸಿ. (ಮೂಲ: FDA ಲೇಬಲ್),"ಹೆಚ್ಚು ತೆಗೆದುಕೊಳ್ಳುವುದು ಅಥವಾ ಕೆಲವು ಇತರ ಔಷಧಿಗಳೊಂದಿಗೆ ಸಂಯೋಜಿಸುವುದು ಮಾರಕವಾಗಬಹುದು. ಇದು ಮೂಳೆ ಮಜ್ಜೆಯನ್ನು ತೀವ್ರವಾಗಿ ನಿಗ್ರಹಿಸುತ್ತದೆ, ಅಪಾಯಕಾರಿಯಾಗಿ ಕಡಿಮೆ ರಕ್ತ ಕಣಗಳ ಸಂಖ್ಯೆಯನ್ನು ಉಂಟುಮಾಡುತ್ತದೆ. ಇದು ಸ್ನಾಯುಗಳನ್ನು ಹಾನಿಗೊಳಿಸುತ್ತದೆ (ನೋವು, ದೌರ್ಬಲ್ಯ ಅಥವಾ ಸ್ನಾಯುವಿನ ಸ್ಥಗಿತವನ್ನು ಉಂಟುಮಾಡುತ್ತದೆ), ವಿಶೇಷವಾಗಿ ಮೂತ್ರಪಿಂಡದ ಸಮಸ್ಯೆಗಳಿರುವ ಜನರಲ್ಲಿ ಅಥವಾ ಸ್ಟ್ಯಾಟಿನ್ಗಳನ್ನು ತೆಗೆದುಕೊಳ್ಳುವವರಲ್ಲಿ - ಸ್ನಾಯು-ಸಂಬಂಧಿತ ರಕ್ತ ಪರೀಕ್ಷೆಗಳನ್ನು ಪರಿಶೀಲಿಸಬಹುದು. (ಮೂಲ: ಎಫ್ಡಿಎ ಡೈಲಿಮೆಡ್)","ಕೆಲವು ಪ್ರಬಲವಾದ ಪ್ರತಿಜೀವಕಗಳು ಮತ್ತು ಆಂಟಿಫಂಗಲ್‌ಗಳು (ಕ್ಲಾರಿಥ್ರೊಮೈಸಿನ್, ಕೆಟೋಕೊನಜೋಲ್) ಮತ್ತು HIV ಔಷಧಿ ರಿಟೊನಾವಿರ್ ಕೊಲ್ಚಿಸಿನ್ ಮಟ್ಟವನ್ನು ನಾಟಕೀಯವಾಗಿ ಹೆಚ್ಚಿಸುತ್ತವೆ, ಇದು ಮಾರಕವಾಗಬಹುದು - ಡೋಸ್ ಅನ್ನು ಸಾಮಾನ್ಯವಾಗಿ ಕಡಿಮೆಗೊಳಿಸಲಾಗುತ್ತದೆ ಅಥವಾ ಸಂಯೋಜನೆಯನ್ನು ತಪ್ಪಿಸಲಾಗುತ್ತದೆ. ಸೈಕ್ಲೋಸ್ಪೊರಿನ್ ಮತ್ತು ರಾನೊಲಾಜಿನ್ ಸಹ ಕೊಲ್ಚಿಸಿನ್ ಮಟ್ಟವನ್ನು ಹೆಚ್ಚಿಸುತ್ತವೆ. ಸ್ಟ್ಯಾಟಿನ್ ಎಂದು ಕರೆಯಲ್ಪಡುವ ಕೊಲೆಸ್ಟರಾಲ್ ಔಷಧಿಗಳು ಸ್ನಾಯುವಿನ ಹಾನಿಯ ಅಪಾಯವನ್ನು ಹೆಚ್ಚಿಸುತ್ತವೆ. ಇದು ಡಿಗೋಕ್ಸಿನ್ ಮಟ್ಟವನ್ನು ಹೆಚ್ಚಿಸಬಹುದು. (ಮೂಲ: FDA ಲೇಬಲ್; RxNav)",FDA DailyMed; DrugBank DB01394 — ಕನ್ನಡ,kn
metformin,Metformin,type_2_diabetes,ಮೆಟ್‌ಫಾರ್ಮಿನ್ ಹೈಡ್ರೋಕ್ಲೋರೈಡ್,ಟೈಪ್ 2 ಸಕ್ಕರೆ ಕಾಯಿಲೆ,ಬಿಗ್ವಾನೈಡ್,ಮೆಟ್‌ಫಾರ್ಮಿನ್ ಹೈಡ್ರೋಕ್ಲೋರೈಡ್,ಈ ಮರ್ದ್ ಕರಲ್‌ಡ್ ಜಾಸ್ತಿ ಸಕ್ಕರೆ ಮಲ್ಪುನ ಕೆಲಸನ್ ಕಮ್ಮಿ ಮಲ್ಪುಂಡು. ಮೈ ಇನ್ಸುಲಿನ್‌ನ್ ಚೆನ್ನ ಉಪಯೋಗ ಮಲ್ಪೆರೆ ಸಹಾಯ ಮಲ್ಪುಂಡು. ಒರೊಮ್ಮೆ ದೆತೊನ್ನಗ ನೆತ್ತೆರ್ದ ಸಕ್ಕರೆ ಅಂಶ ಹಠಾತ್ ಬಾರೀ ಕಮ್ಮಿ ಆಪುನ ಅಪಾಯ ಕಮ್ಮಿ ಉಂಡು.,"ಬಂಜಿ ಬೇನೆ, ಬಂಜಿ ಉರಿ, ಕಕ್ಕುನಾ (ವಾಂತಿ), ಅಜೀರ್ಣ, ತರೆ ಬೇನೆ, ಬಾಯಿಡ್ ಲೋಹದ ರುಚಿ. ದೀರ್ಘಕಾಲ ದೆತೊಂಡ್ರೆ ವಿಟಮಿನ್ B12 ಕಮ್ಮಿ ಆಪೆರೆ ಸಾದ್ಯ ಉಂಡು.",ಕಿಡ್ನಿ ತೊಂದರೆ ಉಪ್ಪುನಕ್ಲೆಗ್ (eGFR 30ಡ್ತ್ ಕಮ್ಮಿ) ಬೊಕ್ಕ ಈ ಮರ್ದ್ಗ್ ಅಲರ್ಜಿ ಉಪ್ಪುನಕ್ಲೆಗ್ ಈ ಮರ್ದ್ ದೆತೊನರೆ ಬಲ್ಲಿ. ಸ್ಕ್ಯಾನ್ ಮಲ್ಪುನ ದುಂಬು ಉಂತಾವೊಡು.,"ಕಿಡ್ನಿ, ಕರಲ್ ತೊಂದರೆ ಉಪ್ಪುನಕ್ಲೆಗ್ ಬೊಕ್ಕ ಸಾರಾಯಿ ಪರ್ಪುನಕ್ಲೆಗ್ ಅಪಾಯ ಜಾಸ್ತಿ. ಶಸ್ತ್ರಚಿಕಿತ್ಸೆ ಅತ್ತಂಡ ಸ್ಕ್ಯಾನ್‌ಗ್ ದುಂಬು ಡಾಕ್ಟರ್‌ನ್ ಪೋದು ತಿಕ್ಕುಲೆ.","Certain seizure/glaucoma medicines (topiramate, acetazolamide) raise the risk of lactic acidosis. Alcohol also raises this risk. Contrast dye used in scans requires pausing metformin for about 48 hours before and after. Cimetidine (an acid-reflux medicine) can raise metformin levels in your blood. (Source: RxNav/DrugBank DDI)",FDA DailyMed; DrugBank DB00331 — ತುಳು,tulu
glipizide,Glipizide,type_2_diabetes,ಗ್ಲಿಪಿಝೈಡ್,ಟೈಪ್ 2 ಸಕ್ಕರೆ ಕಾಯಿಲೆ,ಸಲ್ಫೋನಿಲ್ಯುರಿಯಾ (2ನೇ ತಲೆಮಾರು),ಗ್ಲಿಪಿಝೈಡ್,ಈ ಮರ್ದ್ ಮೈಡ್ ಇನ್ಸುಲಿನ್ ಜಾಸ್ತಿ ಬರ್ಪುನಂಚೆ ಮಲ್ತ್‌ದ್ ನೆತ್ತೆರ್ದ ಸಕ್ಕರೆ ಅಂಶನ್ ಕಮ್ಮಿ ಮಲ್ಪುಂಡು. ತೆನಸ್ ಬೊಕ್ಕ ವ್ಯಾಯಾಮದ ಒಟ್ಟುಗು ಉಂದೆನ್ ದೆತೊನುವೆರ್.,"ನೆತ್ತೆರ್ದ ಸಕ್ಕರೆ ಅಂಶ ಬಾರೀ ಕಮ್ಮಿ ಆಪುನು, ಕಕ್ಕುನಾ (ವಾಂತಿ), ಬಂಜಿ ಉರಿ, ತಲೆ ತಿರ್ಗುನು, ತರೆ ಬೇನೆ, ಮೈ ಮೇಲ್ ಕೆಂಪು ದದ್ದು, ತೂಕ ಜಾಸ್ತಿ ಆಪುನು.","ಟೈಪ್ 1 ಮಧುಮೇಹ, ಸಲ್ಫಾ ಮರ್ದ್ಗ್ ಅಲರ್ಜಿ, ತೀವ್ರ ಕಿಡ್ನಿ ಅತ್ತಂಡ ಕರಲ್ ತೊಂದರೆ ಉಂಡೆರ್ಡ ಈ ಮರ್ದ್ ದೆತೊನರೆ ಬಲ್ಲಿ. ಬಂಜಿನಕ್ಲೆಗ್ ದೆತೊನರೆ ಬಲ್ಲಿ.","ನೆತ್ತೆರ್ದ ಸಕ್ಕರೆ ಅಂಶ ಬಾರೀ ಕಮ್ಮಿ ಆಪುನ ಅಪಾಯ ಉಂಡು — ಪ್ರಾಯದಕ್ಲೆಗ್ ಬೊಕ್ಕ ಸಾರಾಯಿ ಪರ್ಪಿನಕ್ಲೆಗ್ ಜಾಸ್ತಿ. ತಟ್ಟನೆ ಮರ್ದ್ ನಿಲ್ಪಾವಡೇ, ಡಾಕ್ಟರ್‌ನ್ ಕೇನ್ದ್ ಮಾತ್ರ ದೆತೊನ್ಲೆ.","Antifungal medicines fluconazole and miconazole can push your blood sugar too low. So can NSAID painkillers, warfarin, and aspirin-type medicines. Beta-blockers (heart/BP medicines) can hide the warning signs of low blood sugar. Rifampin (an antibiotic) can make glipizide work less well. (Source: RxNav/DrugBank DDI)",FDA DailyMed; DrugBank DB01067 — ತುಳು,tulu
glimepiride,Glimepiride,type_2_diabetes,ಗ್ಲಿಮೆಪಿರೈಡ್,ಟೈಪ್ 2 ಸಕ್ಕರೆ ಕಾಯಿಲೆ,ಸಲ್ಫೋನಿಲ್ಯುರಿಯಾ (3ನೇ ತಲೆಮಾರು),ಗ್ಲಿಮೆಪಿರೈಡ್,ಈ ಮರ್ದ್ ಮೈಡ್ ಇನ್ಸುಲಿನ್ ಜಾಸ್ತಿ ತಯಾರ್ ಆಪುನಂಚೆ ಮಲ್ತ್‌ದ್ ಸಕ್ಕರೆ ಕಮ್ಮಿ ಮಲ್ಪುಂಡು. ಒರೊಮ್ಮೆ ಅತ್ತಂಡ ಮೆಟ್‌ಫಾರ್ಮಿನ್ ಒಟ್ಟುಗು ದೆತೊನುವೆರ್.,"ನೆತ್ತೆರ್ದ ಸಕ್ಕರೆ ಅಂಶ ಕಮ್ಮಿ ಆಪುನು, ತಲೆ ತಿರ್ಗುನು, ತರೆ ಬೇನೆ, ಕಕ್ಕುನಾ (ವಾಂತಿ), ಶಕ್ತಿ ಕುಂದುನು, ತೂಕ ಜಾಸ್ತಿ ಆಪುನು.","ಟೈಪ್ 1 ಮಧುಮೇಹ, ಸಲ್ಫಾ ಮರ್ದ್ಗ್ ಅಲರ್ಜಿ, ತೀವ್ರ ಕಿಡ್ನಿ ಅತ್ತಂಡ ಕರಲ್ ತೊಂದರೆ ಉಂಡೆರ್ಡ ಈ ಮರ್ದ್ ದೆತೊನರೆ ಬಲ್ಲಿ.",ನೆತ್ತೆರ್ದ ಸಕ್ಕರೆ ಅಂಶ ಬಾರೀ ಕಮ್ಮಿ ಆಪುನ ಅಪಾಯ ಉಂಡು — ಪ್ರಾಯದಕ್ಲೆಗ್ ಜಾಸ್ತಿ. ತೊಂದರೆ ತೋಜಿದ್ ಬತ್ತೆರ್ಡ ಬೇಗ್ ಡಾಕ್ಟರ್‌ನ್ ಪೋದು ತಿಕ್ಕುಲೆ.,"Certain antifungal and cholesterol medicines (fluconazole, gemfibrozil) can raise glimepiride levels significantly. Blood-pressure medicines (ACE inhibitors) and aspirin-type medicines can push blood sugar lower. Steroids and water pills (thiazides) work against it, raising blood sugar. (Source: DrugBank; RxNav)",FDA DailyMed; DrugBank DB00222 — ತುಳು,tulu
sitagliptin,Sitagliptin,type_2_diabetes,ಸಿಟಾಗ್ಲಿಪ್ಟಿನ್ ಫಾಸ್ಫೇಟ್,ಟೈಪ್ 2 ಸಕ್ಕರೆ ಕಾಯಿಲೆ,DPP-4 ಇನ್ಹಿಬಿಟರ್,ಸಿಟಾಗ್ಲಿಪ್ಟಿನ್ ಫಾಸ್ಫೇಟ್,ಈ ಮರ್ದ್ ಮೈಡ್ ಇನ್ಸುಲಿನ್ ಪ್ರಮಾಣೊನ್ ಸರಿ ಮಲ್ತ್‌ದ್ ನೆತ್ತೆರ್ದ ಸಕ್ಕರೆ ಅಂಶನ್ ಕಂಟ್ರೋಲ್ ಮಲ್ಪುಂಡು. ಸಕ್ಕರೆ ಬಾರೀ ಕಮ್ಮಿ ಆಪುನ ಅಪಾಯ ಉಂದೆಟ್ ಕಮ್ಮಿ.,"ಮೂಂಕು ಕಟ್ಟುನು, ಗಂಟೆಲ್ ಸೀಕ್, ಉಸಿರಾಟದ ತೊಂದರೆ, ತರೆ ಬೇನೆ. ಅಪರೂಪಗ್: ಪೊಟ್ಟೆಡ್ ತೀವ್ರ ಸೀಕ್, ಸಂಧಿ ಬೇನೆ.",ಈ ಮರ್ದ್ಗ್ ಅಲರ್ಜಿ ಉಂಡೆರ್ಡ ಅತ್ತಂಡ ಟೈಪ್ 1 ಮಧುಮೇಹ ಉಂಡೆರ್ಡ ದೆತೊನರೆ ಬಲ್ಲಿ.,ಪೊಟ್ಟೆಡ್ ತೀವ್ರ ಸೀಕ್ ಬತ್ತೆರ್ಡ ಅತ್ತಂಡ ಸಂಧಿ ಬೇನೆ ಬತ್ತೆರ್ಡ ಮರ್ದ್ ನಿಲ್ಪಾದ್ ಬೇಗ್ ಡಾಕ್ಟರ್‌ನ್ ಪೋದು ತಿಕ್ಕುಲೆ.,May slightly raise levels of digoxin (a heart medicine) — your doctor may want to monitor this. Combining with insulin or sulfonylurea diabetes drugs raises the risk of blood sugar dropping too low. No major interactions through liver enzyme pathways. (Source: FDA label; RxNav),FDA DailyMed; DrugBank DB01261 — ತುಳು,tulu
empagliflozin,Empagliflozin,type_2_diabetes,ಎಂಪಾಗ್ಲಿಫ್ಲೋಝಿನ್,ಟೈಪ್ 2 ಸಕ್ಕರೆ ಕಾಯಿಲೆ,SGLT-2 ಇನ್ಹಿಬಿಟರ್,ಎಂಪಾಗ್ಲಿಫ್ಲೋಝಿನ್,ಈ ಮರ್ದ್ ಉಚ್ಚೆದ ಮೂಲಕ ಜಾಸ್ತಿ ಸಕ್ಕರೆನ್ ಪಿದಯಿ ದಾಂಟಾವುಂಡು. ಹಾರ್ಟ್ (ಎದೆ) ಬೊಕ್ಕ ಕಿಡ್ನಿ ರಕ್ಷಣೆಗ್ ಉಂದು ಬಾರೀ ಎಡ್ಡೆ.,"ಉಚ್ಚೆದ ಜಾಗೊಡ್ ಇನ್ಫೆಕ್ಷನ್, ಉಚ್ಚೆ ಜಾಸ್ತಿ ಬಪ್ಪುನು, ಕಕ್ಕುನಾ (ವಾಂತಿ), ಬಿಪಿ ಕಮ್ಮಿ ಆಪುನು.","ತೀವ್ರ ಕಿಡ್ನಿ ತೊಂದರೆ ಉಪ್ಪುನಕ್ಲೆಗ್, ಡಯಾಲಿಸಿಸ್ ರೋಗಿಲೆಗ್ ಬೊಕ್ಕ ಮರ್ದ್ ಅಲರ್ಜಿ ಉಪ್ಪುನಕ್ಲೆಗ್ ದೆತೊನರೆ ಬಲ್ಲಿ.",ಆಪರೇಷನ್‌ಗ್ ದುಂಬು ಮರ್ದ್ ಉಂತಾವೊಡು. ಖಾಸಗಿ ಜಾಗೊಡ್ ತೀವ್ರ ಸೀಕ್ ಅತ್ತಂಡ ಊತ ಬತ್ತೆರ್ಡ ಬೇಗ್ ಡಾಕ್ಟರ್‌ನ್ ಪೋದು ತಿಕ್ಕುಲೆ.,Combining with insulin or other insulin-boosting diabetes drugs raises the risk of blood sugar dropping too low — your dose may need adjusting. Water pills (diuretics) combined with this can increase dehydration and low blood pressure risk. The antibiotic rifampin and similar drugs may make it work less well. (Source: FDA label; DrugBank),FDA DailyMed; DrugBank DB09038 — ತುಳು,tulu
pioglitazone,Pioglitazone,type_2_diabetes,ಪಿಯೋಗ್ಲಿಟಾಝೋನ್ ಹೈಡ್ರೋಕ್ಲೋರೈಡ್,ಟೈಪ್ 2 ಸಕ್ಕರೆ ಕಾಯಿಲೆ,ಥಿಯಾಝೋಲಿಡಿನೆಡಿಯೋನ್,ಪಿಯೋಗ್ಲಿಟಾಝೋನ್ ಹೈಡ್ರೋಕ್ಲೋರೈಡ್,ಈ ಮರ್ದ್ ಮೈ ಇನ್ಸುಲಿನ್‌ನ್ ಸರಿ ಉಪಯೊಗ ಮಲ್ಪೆರೆ ಸಾಯ ಮಲ್ತ್‌ದ್ ನೆತ್ತೆರ್ದ ಸಕ್ಕರೆ ಅಂಶನ್ ಕಮ್ಮಿ ಮಲ್ಪುಂಡು.,"ತೂಕ ಜಾಸ್ತಿ ಆಪುನು, ಕಾರ್ ಊತ, ಉಸಿರಾಟದ ತೊಂದರೆ, ತರೆ ಬೇನೆ. ತೀವ್ರ: ಹಾರ್ಟ್ ತೊಂದರೆ ಜಾಸ್ತಿ ಆಪುನು, ಎಲು ಮುರ್ಕುನು.",ಹಾರ್ಟ್ ಫೇಲ್ಯೂರ್ (ಎದೆ ವೈಫಲ್ಯ) ಬೊಕ್ಕ ಬ್ಲಾಡರ್ ಕ್ಯಾನ್ಸರ್ ಇತಿಹಾಸ ಉಂಡೆರ್ಡ ಈ ಮರ್ದ್ ದೆತೊನರೆ ಬಲ್ಲಿ.,ಮೈಡ್ ನೀರ್ ಜಾಸ್ತಿ ಆದ್ ಕಾರ್ ಊತ ಬತ್ತೆರ್ಡ ಡಾಕ್ಟರ್‌ನ್ ಪೋದು ತಿಕ್ಕುಲೆ. ಪಿರಯದ ಪೊಂಜೊಲೆಗ್ ಎಲು ಮುರ್ಕುನ ಅಪಾಯ ಉಂಡು.,Gemfibrozil (a cholesterol medicine) significantly raises pioglitazone levels — the dose is usually limited to 15 mg/day if combined. The antibiotic rifampin makes it less effective. Combining with insulin raises the risk of fluid retention and heart failure. (Source: FDA label; DrugBank),FDA DailyMed; DrugBank DB01138 — ತುಳು,tulu
insulin-glargine,Insulin Glargine,type_2_diabetes,ಇನ್ಸುಲಿನ್ ಗ್ಲಾರ್ಜಿನ್,ಟೈಪ್ 2 ಸಕ್ಕರೆ ಕಾಯಿಲೆ,ದೀರ್ಘಕಾಲ ಕ್ರಿಯಾಶೀಲ ಬೇಸಲ್ ಇನ್ಸುಲಿನ್,ಇನ್ಸುಲಿನ್ ಗ್ಲಾರ್ಜಿನ್,ಉಂದು 24 ಗಂಟೆ ಕೆಲಸ ಮಲ್ಪುನ ಇನ್ಸುಲಿನ್ ಸೂಜಿ. ದಿನಕ್ಕ್ ಒಂಜಿ ಸರ್ತಿ ಚರ್ಮದ ತಿರ್ತ್ ಚುಚ್ಚಿ ದೆತೊನುವೆರ್.,"ನೆತ್ತೆರ್ದ ಸಕ್ಕರೆ ಅಂಶ ಬಾರೀ ಕಮ್ಮಿ ಆಪುನು, ಸೂಜಿ ಚುಚ್ಚಿನ ಜಾಗೊಡ್ ಸೀಕ್, ಕೆಂಪು ಆಪುನು, ಊತ, ತೂಕ ಜಾಸ್ತಿ ಆಪುನು.",ಇನ್ಸುಲಿನ್ ಅಲರ್ಜಿ ಉಂಡೆರ್ಡ ದೆತೊನರೆ ಬಲ್ಲಿ. ಸಕ್ಕರೆ ಕಮ್ಮಿ ಉಪ್ಪುನ ಪೊರ್ತುಡು ಚುಚ್ಚೆರೆ ಬಲ್ಲಿ.,ನೆತ್ತೆರ್ದ ಸಕ್ಕರೆ ಅಂಶ ಬಾರೀ ಕಮ್ಮಿ ಆಪುನು ಅಪಾಯಕಾರಿ. ಡೋಸ್ ಬದಲಾವಣೆನ್ ಡಾಕ್ಟರ್‌ನ್ ಕೇನ್ದ್ ಮಾತ್ರ ಮಲ್ಪೊಡು.,"Beta-blockers (heart/BP medicines) can hide the warning signs of low blood sugar and slow recovery from it. Certain blood pressure medicines, aspirin-type drugs, and some antidepressants can make insulin work more strongly, raising the risk of blood sugar dropping too low. Steroids, water pills, and some psychiatric medicines work against it, raising blood sugar. (Source: FDA label; RxNav)",FDA DailyMed; DrugBank DB01309 — ತುಳು,tulu
dapagliflozin,Dapagliflozin,type_2_diabetes,ಡಾಪಾಗ್ಲಿಫ್ಲೋಝಿನ್,ಟೈಪ್ 2 ಸಕ್ಕರೆ ಕಾಯಿಲೆ,SGLT-2 ಇನ್ಹಿಬಿಟರ್,ಡಾಪಾಗ್ಲಿಫ್ಲೋಝಿನ್,"ಈ ಮರ್ದ್ ಉಚ್ಚೆದ ಮೂಲಕ ಸಕ್ಕರೆನ್ ಪಿದಯಿ ಕಡಪುಡುಂಡು. ಶುಗರ್, ಹಾರ್ಟ್ ತೊಂದರೆ ಬೊಕ್ಕ ಕಿಡ್ನಿ ರೋಗೊಗ್ ಉಂದು ಬಾರೀ ಎಡ್ಡೆ.","ಉಚ್ಚೆದ ಜಾಗೊಡ್ ಸೋಂಕು, ಬೆರಿ ಬೇನೆ, ಉಚ್ಚೆ ಜಾಸ್ತಿ ಬಪ್ಪುನು, ಕಕ್ಕುನಾ (ವಾಂತಿ).","ತೀವ್ರ ಕಿಡ್ನಿ ತೊಂದರೆ ಉಂಡೆರ್ಡ, ಡಯಾಲಿಸಿಸ್ ಆಪಿನಕ್ಲೆಗ್ ಬೊಕ್ಕ ಮರ್ದ್ ಅಲರ್ಜಿ ಉಂಡೆರ್ಡ ದೆತೊನರೆ ಬಲ್ಲಿ.",ಆಪರೇಷನ್‌ಗ್ ದುಂಬು ಮರ್ದ್ ಉಂತಾವೊಡು. ನೀರ್ ಕಮ್ಮಿ ಆದ್ ಬಿಪಿ ಕಮ್ಮಿ ಆಪಂದಿಲೆಕ್ಕ ಜಾಗ್ರತೆ ಮಲ್ಪೊಡು.,"Combining with insulin or sulfonylurea diabetes drugs raises the risk of blood sugar dropping too low. Water pills combined with this can worsen dehydration. Certain other medicines (like mefenamic acid, a painkiller) may raise dapagliflozin levels. (Source: FDA label; DrugBank)",FDA DailyMed; DrugBank DB06292 — ತುಳು,tulu
vildagliptin,Vildagliptin,type_2_diabetes,ವಿಲ್ಡಾಗ್ಲಿಪ್ಟಿನ್,ಟೈಪ್ 2 ಸಕ್ಕರೆ ಕಾಯಿಲೆ,DPP-4 ಇನ್ಹಿಬಿಟರ್,ವಿಲ್ಡಾಗ್ಲಿಪ್ಟಿನ್,ಈ ಮರ್ದ್ ಮೈಡ್ ಇನ್ಸುಲಿನ್ ಜಾಸ್ತಿ ತಯಾರ್ ಆಪುನಂಚೆ ಮಲ್ತ್‌ದ್ ನೆತ್ತೆರ್ದ ಸಕ್ಕರೆ ಅಂಶನ್ ಕಂಟ್ರೋಲ್ ಮಲ್ಪುಂಡು.,"ಮೂಂಕು ಕಟ್ಟುನು, ತರೆ ಬೇನೆ, ತಲೆ ತಿರ್ಗುನು, ಕಾರ್ ಊತ, ಕಕ್ಕುನಾ (ವಾಂತಿ).",ಕರಲ್ (ಲಿವರ್) ತೊಂದರೆ ಉಂಡೆರ್ಡ ಬೊಕ್ಕ ಈ ಮರ್ದ್ಗ್ ಅಲರ್ಜಿ ಉಂಡೆರ್ಡ ದೆತೊನರೆ ಬಲ್ಲಿ.,ಮರ್ದ್ ಶುರು ಮಲ್ಪುನ ದುಂಬು ಕರಲ್ (ಲಿವರ್) ತಪಾಸಣೆ ಮಲ್ಪಾವೊಡು.,Combining with insulin or sulfonylurea diabetes drugs may need a lower dose of those drugs to avoid blood sugar dropping too low. ACE inhibitor blood-pressure medicines have been linked to a higher risk of swelling reactions (angioedema) when combined. No major liver-enzyme-based drug interactions. (Source: DrugBank; EMA label),FDA DailyMed; DrugBank DB04868 — ತುಳು,tulu
acarbose,Acarbose,type_2_diabetes,ಅಕಾರ್ಬೋಸ್,ಟೈಪ್ 2 ಸಕ್ಕರೆ ಕಾಯಿಲೆ,ಆಲ್ಫಾ-ಗ್ಲೂಕೋಸಿಡೇಸ್ ಇನ್ಹಿಬಿಟರ್,ಅಕಾರ್ಬೋಸ್,ಈ ಮರ್ದ್ ತಿನ್ನಿ ಬೊಕ್ಕ ನೆತ್ತೆರ್ದ ಸಕ್ಕರೆ ಅಂಶ ಹಠಾತ್ ಜಾಸ್ತಿ ಆಪುನೆನ್ ತಡೆಯುಂಡು. ಅರಿ-ರೊಟ್ಟಿ ಜಾಸ್ತಿ ತಿನ್ಪಿನ ನಮ್ಮ ಊರ್ದ ತೆನಸ್‌ಗ್ ಉಂದು ಬಾರೀ ಎಡ್ಡೆ.,"ಪೊಟ್ಟೆಡ್ ಗ್ಯಾಸ್, ಪೊಟ್ಟೆ ಊತ, ಬಂಜಿ ಬೇನೆ, ಗೇಂಟಿ. ನಿಧಾನವಾದ್ ಡೋಸ್ ಕಮ್ಮಿ ಮಲ್ತೆರ್ಡ ಸರಿ ಆಪುಂಡು.","ಕರ್ಳ್ ಉರಿ, ಜೀರ್ಣ ತೊಂದರೆ, ಕರಲ್ ವೈಫಲ್ಯ ಉಂಡೆರ್ಡ ಈ ಮರ್ದ್ ದೆತೊನರೆ ಬಲ್ಲಿ.","ಸಕ್ಕರೆ ಕಮ್ಮಿ ಆಂಡ ನೇರ ಗ್ಲೂಕೋಸ್ ಪರ್ಲೆ, ಸಾಮಾನ್ಯ ಸಕ್ಕರೆ ಕೆಲಸ ಮಲ್ಪಂಜಿ. ಕರಲ್ ತಪಾಸಣೆ ಮಲ್ಪಾವೊಡು.",Digestive enzyme supplements (like amylase or pancreatin) make acarbose less effective — avoid combining them. Activated charcoal also reduces its effect. It may lower the absorption of digoxin (a heart medicine). (Source: FDA label; DrugBank),FDA DailyMed; DrugBank DB00284 — ತುಳು,tulu
amlodipine,Amlodipine,hypertension,ಅಮ್ಲೋಡಿಪಿನ್ ಬೆಸಿಲೇಟ್,ಅಧಿಕ ರಕ್ತ ಒತ್ತಡ,ಕ್ಯಾಲ್ಸಿಯಂ ಚಾನೆಲ್ ಬ್ಲಾಕರ್,ಅಮ್ಲೋಡಿಪಿನ್ ಬೆಸಿಲೇಟ್,ಈ ಮರ್ದ್ ನೆತ್ತೆರ್ದ ನರೊಲೆನ್ ಸಡಿಲ ಮಲ್ತ್‌ದ್ ಬಿಪಿ (ರಕ್ತದೊತ್ತಡ) ಕಮ್ಮಿ ಮಲ್ಪುಂಡು. ಬಿಪಿ ಬೊಕ್ಕ ಎದೆ ಬೇನೆ ಉಂಡೆರ್ಡ ಉಂದೆನ್ ಕೊರ್ಪೆರ್.,"ಕಾರ್ ಊತ, ಮೋರೆ ಕೆಂಪು ಆಪುನು, ತರೆ ಬೇನೆ, ತಲೆ ತಿರ್ಗುನು, ಎದೆ ಬಡಿತ ಜಾಸ್ತಿ ಆಪುನು, ಆಯಾಸ.",ಅಮ್ಲೋಡಿಪಿನ್ ಮರ್ದ್ಗ್ ಅಲರ್ಜಿ ಉಪ್ಪುನಕ್ಲೆಗ್ ಈ ಮರ್ದ್ ದೆತೊನರೆ ಬಲ್ಲಿ.,ಬಿಪಿ ಹಠಾತ್ ಕಮ್ಮಿ ಆಪುನ ಸಾದ್ಯತೆ ಉಂಡು. ಕಾರ್ ಊತ ಜಾಸ್ತಿ ಆಂಡ ಡಾಕ್ಟರ್‌ನ್ ಪೋದು ತಿಕ್ಕುಲೆ.,"Certain antifungal and antibiotic medicines (ketoconazole, ritonavir, clarithromycin) can raise amlodipine levels significantly — blood pressure should be monitored. Rifampin (an antibiotic) makes it less effective. If you take simvastatin (a cholesterol medicine), your dose should be limited to 20 mg/day. Levels of cyclosporine and tacrolimus (organ transplant medicines) may rise. (Source: FDA label; RxNav)",FDA DailyMed; DrugBank DB00381 — ತುಳು,tulu
losartan,Losartan,hypertension,ಲೊಸಾರ್ಟಾನ್ ಪೊಟ್ಯಾಸಿಯಂ,ಅಧಿಕ ರಕ್ತ ಒತ್ತಡ,ARB,ಲೊಸಾರ್ಟಾನ್ ಪೊಟ್ಯಾಸಿಯಂ,ಈ ಮರ್ದ್ ಬಿಪಿನ್ ಕಮ್ಮಿ ಮಲ್ಪುಂಡು ಬೊಕ್ಕ ಶುಗರ್ ಉಪ್ಪುನಕ್ಲೆಗ್ ಕಿಡ್ನಿ ರಕ್ಷಣೆ ಮಲ್ಪುಂಡು.,"ತಲೆ ತಿರ್ಗುನು, ಉಸಿರಾಟದ ತೊಂದರೆ, ಮೂಂಕು ಕಟ್ಟುನು, ಬೆರಿ ಬೇನೆ, ಆಯಾಸ.",ಬಂಜಿನ ಪೊಂಜೊಲು ಈ ಮರ್ದ್ ದೆತೊನರೆ ಬಲ್ಲಿ — ಮಗೊಗ್ ಬಾರೀ ಅಪಾಯ.,ಬಂಜಿ ಉಂಡ್ ಪಂದ್ ತೆರಿದಿ ಬೊಕ್ಕ ಬೇಗ್ ಮರ್ದ್ ನಿಲ್ಪಾವ್ಲೆ. ಕಿಡ್ನಿ ತಪಾಸಣೆ ಮಲ್ಪಾವೊಡು.,Combining with aliskiren is not recommended if you have diabetes or kidney problems. Potassium supplements or potassium-sparing water pills can push potassium too high. NSAID painkillers reduce its blood-pressure-lowering effect and can strain the kidneys. It can raise lithium levels to a toxic degree. (Source: FDA label; RxNav),FDA DailyMed; DrugBank DB00678 — ತುಳು,tulu
enalapril,Enalapril,hypertension,ಎನಾಲಾಪ್ರಿಲ್ ಮ್ಯಾಲೇಟ್,ಅಧಿಕ ರಕ್ತ ಒತ್ತಡ,ACE ಇನ್ಹಿಬಿಟರ್,ಎನಾಲಾಪ್ರಿಲ್ ಮ್ಯಾಲೇಟ್,ಈ ಮರ್ದ್ ನೆತ್ತೆರ್ದ ನರೊನ್ ಸಡಿಲ ಮಲ್ತ್‌ದ್ ಬಿಪಿ ಕಮ್ಮಿ ಮಲ್ಪುಂಡು. ಹಾರ್ಟ್ ತೊಂದರೆ ಉಪ್ಪುನಕ್ಲೆಗ್‌ಲಾ ಉಂದೆನ್ ಕೊರ್ಪೆರ್.,"ಒಣ ತೆಮ್ಮ, ತಲೆ ತಿರ್ಗುನು, ತರೆ ಬೇನೆ, ಆಯಾಸ. ಅಪರೂಪಗ್: ಮೋರೆ/ಗಂಟೆಲ್ ಊತ.",ಬಂಜಿನ ಪೊಂಜೊಲು ಬೊಕ್ಕ ದುಂಬು ಈ ಮರ್ದ್ರ್ದ್ ಊತ ಬಂದಿನಕುಲು ದೆತೊನರೆ ಬಲ್ಲಿ.,"ಮೋರೆ, ತುಟಿ, ಗಂಟೆಲ್ ಊತ ಬತ್ತೆರ್ಡ ಬೇಗ್ ಆಸ್ಪತ್ರೆಗ್ ಪೋಲೆ. ಬಂಜಿ ಉಂಡ್ ಪಂದ್ ತೆರಿದಿ ಬೊಕ್ಕ ಮರ್ದ್ ನಿಲ್ಪಾವ್ಲೆ.",Combining with aliskiren is not recommended in diabetes or kidney disease. Potassium-sparing water pills or potassium supplements can raise potassium to dangerous levels. NSAID painkillers reduce its effect and can strain the kidneys. It can raise lithium levels. (Source: FDA label; RxNav),FDA DailyMed; DrugBank DB00584 — ತುಳು,tulu
telmisartan,Telmisartan,hypertension,ಟೆಲ್ಮಿಸಾರ್ಟಾನ್,ಅಧಿಕ ರಕ್ತ ಒತ್ತಡ,ARB,ಟೆಲ್ಮಿಸಾರ್ಟಾನ್,ಈ ಮರ್ದ್ ದಿನಕ್ಕ್ ಒಂಜಿ ಸರ್ತಿ ದೆತೊಂಡ್ರೆ 24 ಗಂಟೆ ಬಿಪಿನ್ ಸರಿ ಕಂಟ್ರೋಲ್ ಮಲ್ಪುಂಡು.,"ಉಸಿರಾಟದ ತೊಂದರೆ, ಬೆರಿ ಬೇನೆ, ಸೈನಸ್, ಗೇಂಟಿ, ತಲೆ ತಿರ್ಗುನು.",ಬಂಜಿನ ಪೊಂಜೊಲು ಬೊಕ್ಕ ಮರ್ದ್ ಅಲರ್ಜಿ ಉಪ್ಪುನಕುಲು ದೆತೊನರೆ ಬಲ್ಲಿ.,ಬಂಜಿ ಉಂಡ್ ಪಂದ್ ತೆರಿದಿ ಬೊಕ್ಕ ಬೇಗ್ ಮರ್ದ್ ನಿಲ್ಪಾವ್ಲೆ. ಕಿಡ್ನಿ ಚೆಕ್ ಮಲ್ಪಾವೊಡು.,Raises blood levels of digoxin (a heart medicine) — this needs monitoring. Can increase lithium toxicity. Combining with ramipril (another blood-pressure medicine acting on the same system) isn't recommended. NSAID painkillers reduce its effect and add kidney risk. (Source: FDA label; DrugBank),FDA DailyMed; DrugBank DB00966 — ತುಳು,tulu
hydrochlorothiazide,Hydrochlorothiazide,hypertension,ಹೈಡ್ರೋಕ್ಲೋರೋಥಿಯಾಝೈಡ್,ಅಧಿಕ ರಕ್ತ ಒತ್ತಡ,ಥಿಯಾಝೈಡ್ ಮೂತ್ರವರ್ಧಕ,ಹೈಡ್ರೋಕ್ಲೋರೋಥಿಯಾಝೈಡ್,ಈ ಮರ್ದ್ ಉಚ್ಚೆ ಜಾಸ್ತಿ ಪಿದಯಿ ದಾಂಟಾದ್ ಬಿಪಿನ್ ಕಮ್ಮಿ ಮಲ್ಪುಂಡು.,"ತಲೆ ತಿರ್ಗುನು, ಮೈಡ್ ಉಪ್ಪು/ಪೊಟ್ಯಾಸಿಯಂ ಕಮ್ಮಿ ಆಪುನು, ಶುಗರ್ ಜಾಸ್ತಿ ಆಪುನು.",ಉಚ್ಚೆ ಪಿದಯಿ ಪೋವಂದಿ ಸ್ಥಿತಿ ಬೊಕ್ಕ ತೀವ್ರ ಕಿಡ್ನಿ ವೈಫಲ್ಯ ಉಂಡೆರ್ಡ ದೆತೊನರೆ ಬಲ್ಲಿ.,ನೆತ್ತೆರ್ಡ್ ಪೊಟ್ಯಾಸಿಯಂ ಬೊಕ್ಕ ಸೋಡಿಯಂ ಚೆಕ್ ಮಲ್ಪಾವೊಡು. ಗೌಟ್ (ಸಂಧಿ ಬೇನೆ) ಉಪ್ಪುನಕ್ಲೆಗ್ ಸೀಕ್ ಜಾಸ್ತಿ ಆಪೆರೆ ಸಾದ್ಯ ಉಂಡು.,"Significantly raises the risk of lithium toxicity if taken together. NSAID painkillers reduce its water-pill and blood-pressure effects. Can raise blood sugar, working against diabetes medicines. Steroids add to potassium loss. Low potassium from this medicine can make digoxin (a heart medicine) more likely to cause problems. (Source: FDA label; RxNav)",FDA DailyMed; DrugBank DB00999 — ತುಳು,tulu
atenolol,Atenolol,hypertension,ಅಟೆನೊಲಾಲ್,ಅಧಿಕ ರಕ್ತ ಒತ್ತಡ,ಬೀಟಾ-1 ಬ್ಲಾಕರ್,ಅಟೆನೊಲಾಲ್,ಈ ಮರ್ದ್ ಎದೆ ಬಡಿತೊನ್ ಸರಿ ಮಲ್ತ್‌ದ್ ಬಿಪಿನ್ ಕಮ್ಮಿ ಮಲ್ಪುಂಡು.,"ಎದೆ ಬಡಿತ ಬಾರೀ ನಿಧಾನ ಆಪುನು, ಆಯಾಸ, ತಲೆ ತಿರ್ಗುನು, ಕೈ-ಖಾರ್ ತಣ್ಣಗ್ ಆಪುನು, ನಿದ್ರೆ ಬಪ್ಪಂದಿಪ್ಪುನು.",ಎದೆ ಬಡಿತ ಬಾರೀ ಕಮ್ಮಿ ಉಪ್ಪುನಕ್ಲೆಗ್ ಬೊಕ್ಕ ಹಾರ್ಟ್ ಬ್ಲಾಕ್ ಉಪ್ಪುನಕ್ಲೆಗ್ ದೆತೊನರೆ ಬಲ್ಲಿ.,ತಟ್ಟನೆ ಮರ್ದ್ ನಿಲ್ಪಾವಡೇ — ಎದೆ ಬೇನೆ ಬೊಕ್ಕ ಹಾರ್ಟ್ ಅಟ್ಯಾಕ್ ಆಪುನ ಅಪಾಯ ಉಂಡು. ನಿಧಾನ ಕಮ್ಮಿ ಮಲ್ತ್ ಉಂತಾವೊಡು.,"Combining with certain blood-pressure medicines (verapamil, diltiazem) can cause a dangerously slow heart rate or heart block. If you're also on clonidine, stopping it while still on this drug can cause a sharp rebound rise in blood pressure. Combined with insulin or diabetes tablets, it can prolong and hide low blood sugar. NSAID painkillers reduce its blood-pressure-lowering effect. (Source: FDA label; RxNav)",FDA DailyMed; DrugBank DB00335 — ತುಳು,tulu
ramipril,Ramipril,hypertension,ರಾಮಿಪ್ರಿಲ್,ಅಧಿಕ ರಕ್ತ ಒತ್ತಡ,ACE ಇನ್ಹಿಬಿಟರ್,ರಾಮಿಪ್ರಿಲ್,ಈ ಮರ್ದ್ ಬಿಪಿ ಕಂಟ್ರೋಲ್ ಮಲ್ಪುನೆ ಜೊತೆಗ್ ಎದೆನ್ (ಹಾರ್ಟ್) ರಕ್ಷಣೆ ಮಲ್ಪುಂಡು.,"ಒಣ ತೆಮ್ಮ, ತಲೆ ತಿರ್ಗುನು, ತರೆ ಬೇನೆ, ಆಯಾಸ. ಅಪರೂಪಗ್: ಮೋರೆ ಊತ.",ಬಂಜಿನ ಪೊಂಜೊಲು ಈ ಮರ್ದ್ ದೆತೊನರೆ ಬಲ್ಲಿ.,ಬಂಜಿ ಉಂಡ್ ಪಂದ್ ತೆರಿದಿ ಬೊಕ್ಕ ಬೇಗ್ ಮರ್ದ್ ನಿಲ್ಪಾವ್ಲೆ. ಕಿಡ್ನಿ ತಪಾಸಣೆ ಮಲ್ಪಾವೊಡು.,Combining with aliskiren is not recommended in diabetes or kidney disease. Potassium-sparing water pills can cause dangerously high potassium. NSAID painkillers reduce its effect and add kidney strain. It can raise lithium levels. (Source: FDA label; RxNav),FDA DailyMed; DrugBank DB00178 — ತುಳು,tulu
chlorthalidone,Chlorthalidone,hypertension,ಕ್ಲೋರ್‌ತಾಲಿಡೋನ್,ಅಧಿಕ ರಕ್ತ ಒತ್ತಡ,ಥಿಯಾಝೈಡ್ ಮಾದರಿ ಮೂತ್ರವರ್ಧಕ,ಕ್ಲೋರ್‌ತಾಲಿಡೋನ್,ಈ ಮರ್ದ್ ಉಚ್ಚೆ ಪಿದಯಿ ದಾಂಟಾದ್ ಬಿಪಿನ್ ಕಮ್ಮಿ ಮಲ್ಪುಂಡು. ದಿನಕ್ಕ್ ಒಂಜಿ ಸರ್ತಿ ದೆತೊಂಡ್ರೆ ಸಾಕು.,"ಮೈಡ್ ಪೊಟ್ಯಾಸಿಯಂ ಕಮ್ಮಿ ಆಪುನು, ಮಾಂಸಖಂಡೊದ ಸೆಳೆತ, ತಲೆ ತಿರ್ಗುನು.",ಉಚ್ಚೆ ಪೋವಂದಿ ಸ್ಥಿತಿ ಬೊಕ್ಕ ತೀವ್ರ ಕಿಡ್ನಿ ವೈಫಲ್ಯ ಉಂಡೆರ್ಡ ದೆತೊನರೆ ಬಲ್ಲಿ.,ಪೊಟ್ಯಾಸಿಯಂ ಚೆಕ್ ಮಲ್ಪಾವೊಡು — ಕಮ್ಮಿ ಆಂಡ ಸಪ್ಲಿಮೆಂಟ್ ದೆತೊನೊಡಾಪುಂಡು.,Raises the risk of lithium toxicity. Low potassium caused by this medicine can make digoxin (a heart medicine) more likely to cause an irregular heartbeat. NSAID painkillers reduce its diuretic and blood-pressure effects. Steroids and amphotericin B add to potassium loss. (Source: FDA label; DrugBank),FDA DailyMed; DrugBank DB00310 — ತುಳು,tulu
carvedilol,Carvedilol,hypertension,ಕಾರ್ವೆಡಿಲಾಲ್,ಅಧಿಕ ರಕ್ತ ಒತ್ತಡ,ಆಲ್ಫಾ-ಬೀಟಾ ಬ್ಲಾಕರ್,ಕಾರ್ವೆಡಿಲಾಲ್,ಈ ಮರ್ದ್ ಎದೆ ಬಡಿತೊನ್ ಕಮ್ಮಿ ಮಲ್ತ್‌ದ್ ಬಿಪಿನ್ ಕಮ್ಮಿ ಮಲ್ಪುಂಡು. ಬಿಪಿ ಬೊಕ್ಕ ಎದೆ ವೈಫಲ್ಯ ರಡ್ಡೆಗ್‌ಲಾ ಕೊರ್ಪೆರ್.,"ತಲೆ ತಿರ್ಗುನು, ಆಯಾಸ, ಬಿಪಿ ಕಮ್ಮಿ ಆಪುನು, ತೂಕ ಜಾಸ್ತಿ, ಕಾರ್ ಊತ.",ಆಸ್ತಮಾ (ಉಸಿರು ಸೀಕ್) ಬೊಕ್ಕ ಹಾರ್ಟ್ ಬ್ಲಾಕ್ ಉಪ್ಪುನಕ್ಲೆಗ್ ದೆತೊನರೆ ಬಲ್ಲಿ.,ತಟ್ಟನೆ ಮರ್ದ್ ನಿಲ್ಪಾವಡೇ — ಡಾಕ್ಟರ್‌ನ್ ಕೇನ್ದ್ ನಿಧಾನ ಕಮ್ಮಿ ಮಲ್ಪೊಡು.,"Combining with verapamil or diltiazem (other heart/BP medicines) can cause a dangerously slow heart rate — this combination is usually avoided. It raises digoxin levels by about 15%, so monitoring is needed. Combined with insulin or diabetes tablets, it can strengthen and hide low blood sugar. Certain antidepressants (fluoxetine, paroxetine) can raise carvedilol levels. (Source: FDA label; RxNav)",FDA DailyMed; DrugBank DB01136 — ತುಳು,tulu
clonidine,Clonidine,hypertension,ಕ್ಲೋನಿಡಿನ್ ಹೈಡ್ರೋಕ್ಲೋರೈಡ್,ಅಧಿಕ ರಕ್ತ ಒತ್ತಡ,ಕೇಂದ್ರ ಆಲ್ಫಾ-2 ಆಗೋನಿಸ್ಟ್,ಕ್ಲೋನಿಡಿನ್ ಹೈಡ್ರೋಕ್ಲೋರೈಡ್,ಈ ಮರ್ದ್ ಬಿಪಿ ಬಾರೀ ಜಾಸ್ತಿ ಆನಗ ಬೇಗ್ ಬಿಪಿ ಕಮ್ಮಿ ಮಲ್ಪೆರೆ ಕೊರ್ಪುನ ತುರ್ತು ಮರ್ದ್.,"ಬಾಯಿ ಒಣಗುನು, ನಿದ್ರೆ ಬಪ್ಪುನು, ತಲೆ ತಿರ್ಗುನು, ಮಲಬದ್ಧತೆ, ಆಯಾಸ.",ಈ ಮರ್ದ್ಗ್ ಅಲರ್ಜಿ ಉಪ್ಪುನಕ್ಲೆಗ್ ದೆತೊನರೆ ಬಲ್ಲಿ.,ತಟ್ಟನೆ ನಿಲ್ಪಾದ್ರೆ ಬಿಪಿ ಬಾರೀ ಜಾಸ್ತಿ ಆಪೆರೆ ಸಾದ್ಯ ಉಂಡು. ನಿದ್ರೆ ಬಪ್ಪುನೆರ್ದ್ ಗಾಡಿ ಚಾಲನೆ ಮಲ್ಪೆರೆ ಬಲ್ಲಿ.,"If you're on a beta-blocker and stop clonidine abruptly, this can cause a severe rebound rise in blood pressure — clonidine must be tapered off first, then the beta-blocker. Certain antidepressants (tricyclics) can reduce its blood-pressure-lowering effect. Alcohol and sedating medicines add to drowsiness. (Source: FDA label; RxNav)",FDA DailyMed; DrugBank DB00575 — ತುಳು,tulu
ibuprofen,Ibuprofen,arthritis,ಇಬ್ಯೂಪ್ರೊಫೆನ್,ಮೂಳೆ ಸಂಧಿ ಬೇನೆ,NSAID,ಇಬ್ಯೂಪ್ರೊಫೆನ್,"ಈ ಮರ್ದ್ ಸೀಕ್, ಉರಿ ಬೊಕ್ಕ ಜ್ವರೊನ್ ಕಮ್ಮಿ ಮಲ್ಪುಂಡು. ಎಲು-ಸಂಧಿ ಬೇನೆ ಬೊಕ್ಕ ಮೈ ಸೀಕ್ ಕೊರ್ಪೆರ್.","ಬಂಜಿ ಬೇನೆ, ಕಕ್ಕುನಾ (ವಾಂತಿ), ಅಜೀರ್ಣ, ಗೇಂಟಿ, ಬಿಪಿ ಜಾಸ್ತಿ, ಕಾರ್ ಊತ. ತೀವ್ರ: ಪೊಟ್ಟೆಡ್ ಗಾಯ/ರಕ್ತಸ್ರಾವ, ಕಿಡ್ನಿ ಹಾನಿ.","ಪೊಟ್ಟೆಡ್ ಅಲ್ಸರ್ (ಗಾಯ) ಉಂಡೆರ್ಡ, ಮರ್ದ್ ಅಲರ್ಜಿ ಉಂಡೆರ್ಡ, ಗರ್ಭಿಣಿ 30ನೇ ವಾರೊರ್ದ್ ಬೊಕ್ಕ ದೆತೊನರೆ ಬಲ್ಲಿ.",ಹಾರ್ಟ್ ಅಟ್ಯಾಕ್ ಬೊಕ್ಕ ಪೊಟ್ಟೆಡ್ ರಕ್ತಸ್ರಾವದ ಅಪಾಯ ಉಂಡು. ತೆನಸ್ ದೆತೊಂಡಿ ಬೊಕ್ಕ ಮಾತ್ರ ದೆತೊನ್ಲೆ.,"If you take low-dose aspirin to protect your heart, taking ibuprofen too close to it can block aspirin's protective effect — take aspirin at least 2 hours before ibuprofen. It increases bleeding risk with warfarin (a blood thinner). It can reduce the effect of blood pressure medicines (ACE inhibitors/ARBs) and stress the kidneys. It raises lithium levels. It significantly increases the toxicity risk of methotrexate. (Source: FDA label; RxNav)",FDA DailyMed; DrugBank DB01050 — ತುಳು,tulu
diclofenac,Diclofenac,arthritis,ಡಿಕ್ಲೊಫೆನಾಕ್ ಸೋಡಿಯಂ,ಮೂಳೆ ಸಂಧಿ ಬೇನೆ,NSAID,ಡಿಕ್ಲೊಫೆನಾಕ್ ಸೋಡಿಯಂ,ಉಂದು ಸೀಕ್ ಬೊಕ್ಕ ಉರಿ ಕಮ್ಮಿ ಮಲ್ಪುನ ಮುಖ್ಯ ಮರ್ದ್. ಬೆರಿ ಬೇನೆ ಬೊಕ್ಕ ಸಂಧಿ ಬೇನೆ ಕೊರ್ಪೆರ್.,"ಬಂಜಿ ಬೇನೆ, ಕಕ್ಕುನಾ (ವಾಂತಿ), ಅಜೀರ್ಣ. ತೀವ್ರ: ಹಾರ್ಟ್ ಅಟ್ಯಾಕ್, ಪೊಟ್ಟೆಡ್ ರಕ್ತಸ್ರಾವ, ಕರಲ್ ಹಾನಿ.","ಪೊಟ್ಟೆಡ್ ಗಾಯ ಉಂಡೆರ್ಡ, ಮರ್ದ್ ಅಲರ್ಜಿ ಉಂಡೆರ್ಡ ಬೊಕ್ಕ ಗರ್ಭದ ಕೊನೆ 3 ತಿಂಗೊಲುಡ್ ದೆತೊನರೆ ಬಲ್ಲಿ.",ಹಾರ್ಟ್ ಅಟ್ಯಾಕ್ ಬೊಕ್ಕ ಸ್ಟ್ರೋಕ್ ಅಪಾಯ ಉಂಡು. ಕರಲ್ ತಪಾಸಣೆ ಮಲ್ಪಾವೊಡು. ತೆನಸ್ ದೆತೊಂಡಿ ಬೊಕ್ಕ ದೆತೊನ್ಲೆ.,Increases bleeding risk with warfarin and other blood thinners — INR blood tests should be monitored closely. Can raise methotrexate levels to a potentially dangerous degree. Increases kidney-related side effects of cyclosporine. May raise digoxin levels. Reduces the effectiveness of blood pressure medicines (ACE inhibitors/ARBs) and can trigger sudden kidney problems. (Source: FDA label; DrugBank),FDA DailyMed; DrugBank DB00586 — ತುಳು,tulu
naproxen,Naproxen,arthritis,ನ್ಯಾಪ್ರೊಕ್ಸೆನ್ ಸೋಡಿಯಂ,ಮೂಳೆ ಸಂಧಿ ಬೇನೆ,NSAID,ನ್ಯಾಪ್ರೊಕ್ಸೆನ್ ಸೋಡಿಯಂ,ಈ ಮರ್ದ್ ದೀರ್ಘಕಾಲ ಕೆಲಸ ಮಲ್ಪುನ ಸೀಕ್ ನಿವಾರಕ — ದಿನಕ್ಕ್ ರಡ್ಡ್ ಸರ್ತಿ ದೆತೊಂಡ್ರೆ ಸಾಕು.,"ಬಂಜಿ ಬೇನೆ, ಅಜೀರ್ಣ, ಬಂಜಿ ಉರಿ, ಕಾರ್ ಊತ, ಬಿಪಿ ಜಾಸ್ತಿ.","ಮರ್ದ್ ಅಲರ್ಜಿ, ಪೊಟ್ಟೆಡ್ ಗಾಯ, ಗರ್ಭಿಣಿ 30ನೇ ವಾರೊರ್ದ್ ಬೊಕ್ಕ ದೆತೊನರೆ ಬಲ್ಲಿ.",ಹಾರ್ಟ್ ಅಟ್ಯಾಕ್ ಬೊಕ್ಕ ಪೊಟ್ಟೆಡ್ ರಕ್ತಸ್ರಾವದ ಅಪಾಯ ಉಂಡು. ದೀರ್ಘಕಾಲ ದೆತೊಂಡ್ರೆ ಕಿಡ್ನಿ ಹಾನಿ ಆಪೆರೆ ಸಾದ್ಯ ಉಂಡು.,Increases bleeding risk with warfarin — INR should be monitored closely. Reduces the effect of blood pressure medicines (ACE inhibitors/ARBs) and can strain the kidneys. Raises methotrexate levels and toxicity risk. Probenecid (a gout medicine) raises naproxen levels. Can raise lithium to toxic levels. (Source: FDA label; RxNav),FDA DailyMed; DrugBank DB00788 — ತುಳು,tulu
methotrexate,Methotrexate,arthritis,ಮೆಥೊಟ್ರೆಕ್ಸೇಟ್,ಮೂಳೆ ಸಂಧಿ ಬೇನೆ,DMARD / ಫೋಲೇಟ್ ವಿರೋಧಿ,ಮೆಥೊಟ್ರೆಕ್ಸೇಟ್,ಉಂದು ಸಂಧಿ ಬೇನೆ (ಆರ್ಥ್ರೈಟಿಸ್) ಕಂಟ್ರೋಲ್ ಮಲ್ಪೆರೆ ಕೊರ್ಪುನ ಮುಖ್ಯ ಮರ್ದ್. ವಾರಕ್ಕ್ ಒಂಜಿ ಸರ್ತಿ ಮಾತ್ರ ದೆತೊನೊಡು.,"ಕಕ್ಕುನಾ (ವಾಂತಿ), ಬಾಯಿ ಗಾಯ, ಆಯಾಸ. ತೀವ್ರ: ಕರಲ್ ಹಾನಿ, ನೆತ್ತೆರ್ದ ಕಣ ಕಮ್ಮಿ ಆಪುನು.","ಬಂಜಿನ ಪೊಂಜೊಲು (ಬಾರೀ ಅಪಾಯ), ಸಾರಾಯಿ ಪರ್ಪುನಕುಲು, ಕರಲ್ ಬೊಕ್ಕ ಕಿಡ್ನಿ ತೊಂದರೆ ಉಪ್ಪುನಕುಲು ದೆತೊನರೆ ಬಲ್ಲಿ.",ವಾರಕ್ಕ್ ಒಂಜಿ ಸರ್ತಿ ಮಾತ್ರ ದೆತೊನೊಡು — ದಿನಪ್ರತಿ ದೆತೊಂಡ್ರೆ ಪ್ರಾಣಾಪಾಯ! ಕರಲ್ ಬೊಕ್ಕ ನೆತ್ತೆರ್ ತಪಾಸಣೆ ಮಲ್ಪಾವೊಡು. ಸಾರಾಯಿ ಪರ್ಪುನೆನ್ ಬುಡ್ಲೆ.,"NSAID painkillers (ibuprofen, diclofenac) reduce how well the kidneys clear methotrexate, which can cause potentially fatal toxicity — this combination is usually avoided or closely monitored. Certain antibiotics (trimethoprim/sulfamethoxazole) add to its toxic effects and should be avoided. Penicillin-type antibiotics slow its clearance. Acid-reflux medicines (proton pump inhibitors) may raise its levels. Alcohol increases liver damage risk. (Source: FDA label; RxNav; DrugBank)",FDA DailyMed; DrugBank DB00563 — ತುಳು,tulu
hydroxychloroquine,Hydroxychloroquine,arthritis,ಹೈಡ್ರಾಕ್ಸಿಕ್ಲೋರೋಕ್ವಿನ್ ಸಲ್ಫೇಟ್,ಮೂಳೆ ಸಂಧಿ ಬೇನೆ,DMARD / ಮಲೇರಿಯಾ ವಿರೋಧಿ,ಹೈಡ್ರಾಕ್ಸಿಕ್ಲೋರೋಕ್ವಿನ್ ಸಲ್ಫೇಟ್,ಈ ಮರ್ದ್ ಸಂಧಿ ಬೇನೆ (ಆರ್ಥ್ರೈಟಿಸ್) ಬೊಕ್ಕ ಲ್ಯೂಪಸ್ ಸೀಕ್ ಕೊರ್ಪುನ ಮರ್ದ್.,"ಕಕ್ಕುನಾ (ವಾಂತಿ), ಗೇಂಟಿ, ತರೆ ಬೇನೆ, ಮೈ ದದ್ದು. ತೀವ್ರ: ಕಣ್ಣ್ದ ಪರೆ (ರೆಟಿನಾ) ಹಾನಿ.",ಮರ್ದ್ ಅಲರ್ಜಿ ಉಪ್ಪುನಕ್ಲೆಗ್ ಬೊಕ್ಕ ದುಂಬೆ ಕಣ್ಣ್ದ ರೆಟಿನಾ ತೊಂದರೆ ಉಪ್ಪುನಕ್ಲೆಗ್ ದೆತೊನರೆ ಬಲ್ಲಿ.,ಕಣ್ಣ್ದ ರೆಟಿನಾ ಹಾನಿ ಆಪೆರೆ ಸಾದ್ಯ ಉಂಡು — ದೀರ್ಘಕಾಲ ದೆತೊನುನಕುಲು ನಿಯಮಿತ ಕಣ್ಣ್ದ ತಪಾಸಣೆ ಮಲ್ಪಾವೊಡು.,"Combining with other medicines that affect heart rhythm (certain antibiotics like azithromycin and fluoroquinolones, and anti-arrhythmia drugs) can add up to a dangerous, potentially fatal heart rhythm problem. It can raise digoxin (a heart medicine) levels. It can strengthen the blood-sugar-lowering effect of diabetes medicines. It can raise cyclosporine levels. (Source: FDA label; DrugBank)",FDA DailyMed; DrugBank DB01611 — ತುಳು,tulu
celecoxib,Celecoxib,arthritis,ಸೆಲೆಕಾಕ್ಸಿಬ್,ಮೂಳೆ ಸಂಧಿ ಬೇನೆ,NSAID (COX-2 ಆಯ್ಕೆದ ಇನ್ಹಿಬಿಟರ್),ಸೆಲೆಕಾಕ್ಸಿಬ್,ಉಂದು ಸೀಕ್ ನಿವಾರಕ ಮರ್ದ್ — ಬೇರೆ ಮರ್ದ್ಲೆಗ್ ಹೋಲಿಸಾಯೆರ್ಡ ಪೊಟ್ಟೆದ ತೊಂದರೆ ಉಂದೆಟ್ ಕಮ್ಮಿ.,"ಬಂಜಿ ಬೇನೆ, ಅಜೀರ್ಣ, ಗೇಂಟಿ, ತರೆ ಬೇನೆ, ಬಿಪಿ ಜಾಸ್ತಿ, ಕಾರ್ ಊತ.","ಸಲ್ಫಾ ಮರ್ದ್ ಅಲರ್ಜಿ, ಪೊಟ್ಟೆಡ್ ರಕ್ತಸ್ರಾವ, ಗರ್ಭದ ಕೊನೆ 3 ತಿಂಗೊಲುಡ್ ದೆತೊನರೆ ಬಲ್ಲಿ.",ಹಾರ್ಟ್ ಅಟ್ಯಾಕ್ ಬೊಕ್ಕ ಸ್ಟ್ರೋಕ್ ಅಪಾಯ ಉಂಡು.,Can increase the blood-thinning effect of warfarin — INR should be monitored. Reduces the effectiveness of blood pressure medicines (ACE inhibitors/ARBs). Raises lithium levels by about 17%. Fluconazole (an antifungal medicine) roughly doubles celecoxib levels — a lower starting dose is used together. Raises methotrexate toxicity risk. (Source: FDA label; RxNav),FDA DailyMed; DrugBank DB00482 — ತುಳು,tulu
sulfasalazine,Sulfasalazine,arthritis,ಸಲ್ಫಾಸಲಾಝಿನ್,ಮೂಳೆ ಸಂಧಿ ಬೇನೆ,DMARD / ಅಮಿನೋಸಲಿಸಿಲೇಟ್,ಸಲ್ಫಾಸಲಾಝಿನ್,ಈ ಮರ್ದ್ ಸಂಧಿ ಬೇನೆ ಬೊಕ್ಕ ಬೆರಿ ಎಲು ಸಂಧಿ ಬೇನೆ ಕೊರ್ಪುನ ಮರ್ದ್.,"ಕಕ್ಕುನಾ (ವಾಂತಿ), ತೆನಸ್ ಇಷ್ಟ ಆಪಂದಿಪ್ಪುನು, ತರೆ ಬೇನೆ, ಮೈ ದದ್ದು. ಉಚ್ಚೆ ಮಂಜಲ್-ಕಿತ್ತಳೆ ಬಣ್ಣ ಆಪುನು.",ಸಲ್ಫಾ ಮರ್ದ್ ಅಲರ್ಜಿ ಉಪ್ಪುನಕ್ಲೆಗ್ ಬೊಕ್ಕ ಉಚ್ಚೆ ಮಾರ್ಗದ ತಡೆ ಉಪ್ಪುನಕ್ಲೆಗ್ ದೆತೊನರೆ ಬಲ್ಲಿ.,ನೆತ್ತೆರ್ದ ಕಣ ಕಮ್ಮಿ ಆಪುನ ಅಪಾಯ — ನೆತ್ತೆರ್ ಬೊಕ್ಕ ಕರಲ್ ತಪಾಸಣೆ ಮಲ್ಪಾವೊಡು.,"Combined with methotrexate (another arthritis medicine), the risk of side effects from both increases — regular blood and liver tests are needed. It reduces absorption of digoxin (a heart medicine) by about 25%. It blocks absorption of folic acid, so a folic acid supplement is usually needed. It can strengthen the effect of blood thinners like warfarin. (Source: FDA label; DrugBank)",FDA DailyMed; DrugBank DB00795 — ತುಳು,tulu
prednisolone,Prednisolone,arthritis,ಪ್ರೆಡ್ನಿಸೊಲೋನ್,ಮೂಳೆ ಸಂಧಿ ಬೇನೆ,ಕಾರ್ಟಿಕೋಸ್ಟೆರಾಯ್ಡ್,ಪ್ರೆಡ್ನಿಸೊಲೋನ್,ಉಂದು ತೀವ್ರ ಉರಿ ಬೊಕ್ಕ ಸೀಕ್ ಕಂಟ್ರೋಲ್ ಮಲ್ಪೆರೆ ಕೊರ್ಪುನ ಸ್ಟೆರಾಯ್ಡ್ ಮರ್ದ್.,"ಅಲ್ಪಕಾಲ: ನಿದ್ರೆ ತೊಂದರೆ, ಕೋಪ/ಮನಸ್ಸ್ ಬದಲಾವಣೆ, ಹಸಿವು ಜಾಸ್ತಿ, ಸಕ್ಕರೆ/ಬಿಪಿ ಜಾಸ್ತಿ. ದೀರ್ಘಕಾಲ: ಎಲು ದೌರ್ಬಲ್ಯ, ತೂಕ ಜಾಸ್ತಿ.",ಫಂಗಸ್ ಸೋಂಕು ಉಪ್ಪುನಕ್ಲೆಗ್ ಬೊಕ್ಕ ಮರ್ದ್ ಅಲರ್ಜಿ ಉಪ್ಪುನಕ್ಲೆಗ್ ದೆತೊನರೆ ಬಲ್ಲಿ.,ತಟ್ಟನೆ ಮರ್ದ್ ನಿಲ್ಪಾವಡ — ಪ್ರಾಣಾಪಾಯ ಆಪೆರೆ ಸಾದ್ಯ ಉಂಡು. ಎಲು ರಕ್ಷಣೆಗ್ ಕ್ಯಾಲ್ಸಿಯಂ ದೆತೊನ್ಲೆ.,"Combined with NSAID painkillers, the risk of stomach ulcers and bleeding increases — a stomach-protecting medicine is often added. It works against diabetes medicines, raising blood sugar. Live vaccines should not be given while on immune-suppressing steroid doses. The antibiotic rifampin makes prednisolone less effective. It can cause unpredictable changes in warfarin's blood-thinning effect, so INR needs monitoring. (Source: FDA label; RxNav)",FDA DailyMed; DrugBank DB00860 — ತುಳು,tulu
leflunomide,Leflunomide,arthritis,ಲೆಫ್ಲುನೊಮೈಡ್,ಮೂಳೆ ಸಂಧಿ ಬೇನೆ,DMARD / ಪირიಮಿಡಿನ್ ಸಂಶ್ಲೇಷಣೆ ತಡೆ,ಲೆಫ್ಲುನೊಮೈಡ್,ಈ ಮರ್ದ್ ಸಂಧಿ ಬೇನೆ ಉರಿ ಬೊಕ್ಕ ನೋವು ಕಮ್ಮಿ ಮಲ್ಪುಂಡು.,"ಗೇಂಟಿ, ಕಕ್ಕುನಾ (ವಾಂತಿ), ಕೂದಲು ಉದುರುನು, ಮೈ ದದ್ದು, ಕರಲ್ ಕಿಣ್ವ ಜಾಸ್ತಿ, ಬಿಪಿ ಜಾಸ್ತಿ.",ಬಂಜಿನ ಪೊಂಜೊಲು (ಬಾರೀ ಅಪಾಯ) ಬೊಕ್ಕ ಕರಲ್ ತೊಂದರೆ ಉಪ್ಪುನಕುಲು ದೆತೊನರೆ ಬಲ್ಲಿ.,ಬಂಜಿ ಉಂತಾವೆರೆ ಆಸೆ ಉಂಡೆರ್ಡ 2 ವರ್ಷ ಕಾಯೊಡು. ಕರಲ್ ತಪಾಸಣೆ ಮಲ್ಪಾವೊಡು.,Combining with methotrexate significantly raises the risk of liver damage — liver tests need close monitoring. It increases the blood-thinning effect of warfarin — INR should be watched closely. It should not be combined with teriflunomide (a related medicine). Cholestyramine or activated charcoal can be used to help clear the drug from the body faster if needed. (Source: FDA label; DrugBank),FDA DailyMed; DrugBank DB00860 — ತುಳು,tulu
colchicine,Colchicine,arthritis,ಕಾಲ್ಚಿಸಿನ್,ಮೂಳೆ ಸಂಧಿ ಬೇನೆ,ಗೌಟ್ ವಿರೋಧಿ / ಉರಿ ನಿವಾರಕ,ಕಾಲ್ಚಿಸಿನ್,ಈ ಮರ್ದ್ ತೀವ್ರ ಗೌಟ್ (ಸಂಧಿ ನೋವು) ಬನ್ನಗ ಕೊರ್ಪುನ ಮರ್ದ್.,"ಗೇಂಟಿ, ಕಕ್ಕುನಾ (ವಾಂತಿ), ಬಂಜಿ ಬೇನೆ.",ಕಿಡ್ನಿ ಅತ್ತಂಡ ಕರಲ್ ತೊಂದರೆ ಉಪ್ಪುನಕ್ಲೆಗ್ ಈ ಮರ್ದ್ ದೆತೊನರೆ ಬಲ್ಲಿ.,ಜಾಸ್ತಿ ಡೋಸ್ ದೆತೊಂಡ್ರೆ ಪ್ರಾಣಾಪಾಯ — ಡಾಕ್ಟ್ರೆ ಸಲಹೆ ಮೀರೊಡಾಪುಜಿ.,"Certain strong antibiotics and antifungals (clarithromycin, ketoconazole) and the HIV medicine ritonavir dramatically raise colchicine levels, which can be fatal — the dose is usually reduced or the combination avoided. Cyclosporine and ranolazine also raise colchicine levels. Cholesterol medicines called statins add to the risk of muscle damage. It can raise digoxin levels. (Source: FDA label; RxNav)",FDA DailyMed; DrugBank DB01394 — ತುಳು,tulu
