language,query,medicine,intent
en,How do I take Naproxen?,Naproxen,dosage
tulu,Insulin Glargine ದೆಂದ್?,Insulin Glargine,medicine_info
en,When should Sitagliptin not be used?,Sitagliptin,contraindications
en,What medicines can interact with Losartan?,Losartan,interactions
tulu,Amlodipine ದ ಬಗ್ಗೆ ಮಾಹಿತಿ ಕೊರ್ಲೆ.,Amlodipine,medicine_info
en,When should Diclofenac not be used?,Diclofenac,contraindications
en,Are there any warnings about Enalapril?,Enalapril,warnings
en,Can Sulfasalazine cause any side effects?,Sulfasalazine,side_effects
en,What problems can Ibuprofen cause?,Ibuprofen,side_effects
en,What are the side effects of Chlorthalidone?,Chlorthalidone,side_effects
en,Can Dapagliflozin interact with other drugs?,Dapagliflozin,interactions
kn,Celecoxib ಎಂದರೇನು?,Celecoxib,medicine_info
en,Who should avoid Glipizide?,Glipizide,contraindications
kn,Clonidine ಬಗ್ಗೆ ಯಾವ ಎಚ್ಚರಿಕೆಗಳನ್ನು ತಿಳಿದುಕೊಳ್ಳಬೇಕು?,Clonidine,warnings
kn,Prednisolone ಎಂದರೇನು?,Prednisolone,medicine_info
en,Can Enalapril interact with other drugs?,Enalapril,interactions
tulu,Prednisolone ದ ಬಗ್ಗೆ ಮಾಹಿತಿ ಕೊರ್ಲೆ.,Prednisolone,medicine_info
tulu,ಎಂಚಿನ ಮರ್ದ್‌ಲು Methotrexate ಬೊಕ್ಕ ಪರಸ್ಪರ ಕ್ರಿಯೆ ಮಲ್ಪುಂಡು?,Methotrexate,interactions
kn,Metformin ಅನ್ನು ಯಾವುದಕ್ಕಾಗಿ ಬಳಸುತ್ತಾರೆ?,Metformin,uses
tulu,Chlorthalidone ದೆತೊನುವಾಗ ಎಂಚಿನ ಎಚ್ಚರಿಕೆ ಕೊರ್ಲೆ?,Chlorthalidone,warnings
en,What warnings should I know about Atenolol?,Atenolol,warnings
kn,Empagliflozin ಅನ್ನು ಯಾವಾಗ ಬಳಸಬಾರದು?,Empagliflozin,contraindications
en,Who should not take Colchicine?,Colchicine,contraindications
en,Are there any warnings about Acarbose?,Acarbose,warnings
en,Does Amlodipine interact with other medicines?,Amlodipine,interactions
tulu,Vildagliptin ಬಗ್ಗೆ ಎಂಕ್ ಏನ್ ಗೊತ್ತ್ ಆಪುನ?,Vildagliptin,medicine_info
tulu,Hydrochlorothiazide ಯಾನ್ ಎಂಚ ದೆತೊನ್ಬೇಕು?,Hydrochlorothiazide,dosage
en,Who should not take Metformin?,Metformin,contraindications
tulu,Hydroxychloroquine ಯಾನ್ ಯಾರೆ ದೆತೊನ್ಬಾರದು?,Hydroxychloroquine,contraindications
en,What conditions is Chlorthalidone used for?,Chlorthalidone,uses
en,Does Sitagliptin interact with other medicines?,Sitagliptin,interactions
kn,Vildagliptin ನ ಅಡ್ಡ ಪರಿಣಾಮಗಳು ಯಾವುವು?,Vildagliptin,side_effects
tulu,Acarbose ಬಗ್ಗೆ ಎಚ್ಚರಿಕೆ ಉಂಡಾ?,Acarbose,warnings
kn,Hydrochlorothiazide ಏಕೆ ಬಳಸಲಾಗುತ್ತದೆ?,Hydrochlorothiazide,uses
en,What problems can Insulin Glargine cause?,Insulin Glargine,side_effects
kn,Hydrochlorothiazide ಅನ್ನು ಯಾರು ತೆಗೆದುಕೊಳ್ಳಬಾರದು?,Hydrochlorothiazide,contraindications
kn,Pioglitazone ಇತರ ಔಷಧಿಗಳೊಂದಿಗೆ ಪ್ರತಿಕ್ರಿಯಿಸಬಹುದೇ?,Pioglitazone,interactions
kn,Hydroxychloroquine ಬಗ್ಗೆ ನಾನು ಏನು ತಿಳಿದುಕೊಳ್ಳಬೇಕು?,Hydroxychloroquine,medicine_info
tulu,Chlorthalidone ಬಗ್ಗೆ ಎಂಚಿನ ಎಚ್ಚರಿಕೆ ಉಂಡು?,Chlorthalidone,warnings
en,Who should not take Amlodipine?,Amlodipine,contraindications
tulu,Metformin ಯಾನ್ ಎಂಚ ಉಪಯೋಗ ಮಲ್ಪುಲೆ?,Metformin,dosage
tulu,Carvedilol ಯಾನ್ ಯಾನ್ ಸಮಯಡ್ ದೆತೊನ್ಬಾರದು?,Carvedilol,contraindications
tulu,Carvedilol ದೆತೊನುವಾಗ ಎಂಚಿನ ಎಚ್ಚರಿಕೆ ಕೊರ್ಲೆ?,Carvedilol,warnings
tulu,Insulin Glargine ದೆತೊನುವಾಗ ಎಂಚಿನ ಎಚ್ಚರಿಕೆ ಕೊರ್ಲೆ?,Insulin Glargine,warnings
kn,Prednisolone ನ ಅಡ್ಡ ಪರಿಣಾಮಗಳು ಯಾವುವು?,Prednisolone,side_effects
kn,Glimepiride ಅನ್ನು ಯಾವುದಕ್ಕಾಗಿ ಬಳಸುತ್ತಾರೆ?,Glimepiride,uses
tulu,Metformin ದೆತೊನುವಾಗ ಎಂಚಿನ ಎಚ್ಚರಿಕೆ ಕೊರ್ಲೆ?,Metformin,warnings
kn,Acarbose ಅನ್ನು ಹೇಗೆ ತೆಗೆದುಕೊಳ್ಳಬೇಕು?,Acarbose,dosage
en,What is the dosage information for Insulin Glargine?,Insulin Glargine,dosage
tulu,Acarbose ದೆಂದ್?,Acarbose,medicine_info
en,Why is Celecoxib used?,Celecoxib,uses
tulu,Chlorthalidone ಬಗ್ಗೆ ಎಚ್ಚರಿಕೆ ಉಂಡಾ?,Chlorthalidone,warnings
en,How should Enalapril be taken?,Enalapril,dosage
en,What should I be careful about when taking Atenolol?,Atenolol,warnings
kn,Amlodipine ಏಕೆ ಬಳಸಲಾಗುತ್ತದೆ?,Amlodipine,uses
kn,ಯಾವ ಔಷಧಿಗಳು Dapagliflozin ಜೊತೆ ಪರಸ್ಪರ ಕ್ರಿಯೆ ಮಾಡಬಹುದು?,Dapagliflozin,interactions
tulu,Colchicine ಯಾನ್ ಎಂಚ ಉಪಯೋಗ ಮಲ್ಪುಲೆ?,Colchicine,dosage
en,Can Carvedilol cause any side effects?,Carvedilol,side_effects
kn,Chlorthalidone ಅನ್ನು ಯಾವಾಗ ಬಳಸಬಾರದು?,Chlorthalidone,contraindications
en,Who should avoid Amlodipine?,Amlodipine,contraindications
en,Who should not take Glimepiride?,Glimepiride,contraindications
kn,Atenolol ಬಗ್ಗೆ ಮಾಹಿತಿ ನೀಡಿ.,Atenolol,medicine_info
tulu,Empagliflozin ಬಗ್ಗೆ ಎಂಚಿನ ಎಚ್ಚರಿಕೆ ಉಂಡು?,Empagliflozin,warnings
tulu,Hydroxychloroquine ಯಾನ್ ಎತ್ಕ್ ಉಪಯೋಗ ಆಪುಂಡು?,Hydroxychloroquine,uses
kn,Sitagliptin ಬಗ್ಗೆ ಮಾಹಿತಿ ನೀಡಿ.,Sitagliptin,medicine_info
tulu,Atenolol ದೆತೊನುವಾಗ ಎಂಚಿನ ಎಚ್ಚರಿಕೆ ಕೊರ್ಲೆ?,Atenolol,warnings
tulu,Celecoxib ಯಾನ್ ಎಂಚ ಉಪಯೋಗ ಮಲ್ಪುಲೆ?,Celecoxib,dosage
kn,Empagliflozin ಅನ್ನು ಹೇಗೆ ತೆಗೆದುಕೊಳ್ಳಬೇಕು?,Empagliflozin,dosage
kn,Acarbose ನಿಂದ ಯಾವ ಸಮಸ್ಯೆಗಳು ಉಂಟಾಗಬಹುದು?,Acarbose,side_effects
tulu,Losartan ಯಾನ್ ಎತ್ ಕಾಯಿಲೆಗ್ ಉಪಯೋಗ ಆಪುಂಡು?,Losartan,uses
kn,Naproxen ಅನ್ನು ಯಾವುದಕ್ಕಾಗಿ ಬಳಸುತ್ತಾರೆ?,Naproxen,uses
en,What is the dosage information for Empagliflozin?,Empagliflozin,dosage
tulu,Metformin ದೆಂದ್?,Metformin,medicine_info
en,Can Methotrexate cause any side effects?,Methotrexate,side_effects
tulu,Metformin ಬೇತೆ ಮರ್ದ್‌ದೊಟ್ಟುಗು ಪ್ರತಿಕ್ರಿಯೆ ಮಲ್ಪುಂಡಾ?,Metformin,interactions
en,What problems can Metformin cause?,Metformin,side_effects
en,Why is Chlorthalidone used?,Chlorthalidone,uses
en,How should Telmisartan be taken?,Telmisartan,dosage
kn,Sulfasalazine ಏಕೆ ಬಳಸಲಾಗುತ್ತದೆ?,Sulfasalazine,uses
tulu,Chlorthalidone ಯಾನ್ ಎತ್ಕ್ ಉಪಯೋಗ ಆಪುಂಡು?,Chlorthalidone,uses
kn,Losartan ನಿಂದ ಯಾವ ಸಮಸ್ಯೆಗಳು ಉಂಟಾಗಬಹುದು?,Losartan,side_effects
kn,Colchicine ಅನ್ನು ಹೇಗೆ ತೆಗೆದುಕೊಳ್ಳಬೇಕು?,Colchicine,dosage
en,What should I be careful about when taking Leflunomide?,Leflunomide,warnings
en,Who should avoid Vildagliptin?,Vildagliptin,contraindications
en,What conditions is Glimepiride used for?,Glimepiride,uses
en,Can Vildagliptin interact with other drugs?,Vildagliptin,interactions
en,Why is Pioglitazone used?,Pioglitazone,uses
en,Tell me about Dapagliflozin.,Dapagliflozin,medicine_info
en,Who should not take Naproxen?,Naproxen,contraindications
tulu,Hydrochlorothiazide ದ ಅಡ್ಡ ಪರಿಣಾಮೊಲು ಎಂಚಿನವು?,Hydrochlorothiazide,side_effects
kn,Diclofenac ನ ಅಡ್ಡ ಪರಿಣಾಮಗಳು ಯಾವುವು?,Diclofenac,side_effects
tulu,ಎಂಚಿನ ಮರ್ದ್‌ಲು Telmisartan ಬೊಕ್ಕ ಪರಸ್ಪರ ಕ್ರಿಯೆ ಮಲ್ಪುಂಡು?,Telmisartan,interactions
kn,Celecoxib ಯಾವ ಕಾಯಿಲೆಗೆ ಬಳಸಲಾಗುತ್ತದೆ?,Celecoxib,uses
tulu,Colchicine ದ ಬಗ್ಗೆ ಮಾಹಿತಿ ಕೊರ್ಲೆ.,Colchicine,medicine_info
tulu,Ramipril ಯಾನ್ ಎಂಚ ದೆತೊನ್ಬೇಕು?,Ramipril,dosage
kn,Dapagliflozin ನ ಅಡ್ಡ ಪರಿಣಾಮಗಳು ಯಾವುವು?,Dapagliflozin,side_effects
tulu,Celecoxib ಯಾನ್ ಯಾಕೆ ಉಪಯೋಗ ಮಲ್ಪುಂಡು?,Celecoxib,uses
en,What is Diclofenac?,Diclofenac,medicine_info
kn,Sitagliptin ಇತರ ಔಷಧಿಗಳೊಂದಿಗೆ ಪರಸ್ಪರ ಕ್ರಿಯೆ ಮಾಡುತ್ತದೆಯೇ?,Sitagliptin,interactions
en,What is Hydrochlorothiazide used for?,Hydrochlorothiazide,uses
en,Who should not take Sitagliptin?,Sitagliptin,contraindications
kn,Methotrexate ಇತರ ಔಷಧಿಗಳೊಂದಿಗೆ ಪರಸ್ಪರ ಕ್ರಿಯೆ ಮಾಡುತ್ತದೆಯೇ?,Methotrexate,interactions
kn,Dapagliflozin ನ ಡೋಸೇಜ್ ಮಾಹಿತಿ ಏನು?,Dapagliflozin,dosage
kn,Prednisolone ನ ಡೋಸೇಜ್ ಮಾಹಿತಿ ಏನು?,Prednisolone,dosage
tulu,Telmisartan ಯಾನ್ ಎಂಚ ಉಪಯೋಗ ಮಲ್ಪುಲೆ?,Telmisartan,dosage
tulu,Hydroxychloroquine ದಿಂದ ಅಡ್ಡ ಪರಿಣಾಮ ಆಪುಂಡಾ?,Hydroxychloroquine,side_effects
en,What is Ramipril used for?,Ramipril,uses
kn,Pioglitazone ಎಂದರೇನು?,Pioglitazone,medicine_info
en,When should Sulfasalazine not be used?,Sulfasalazine,contraindications
tulu,Metformin ಬಗ್ಗೆ ಎಚ್ಚರಿಕೆ ಉಂಡಾ?,Metformin,warnings
tulu,Pioglitazone ಬಗ್ಗೆ ಎಂಕ್ ಏನ್ ಗೊತ್ತ್ ಆಪುನ?,Pioglitazone,medicine_info
kn,Telmisartan ಯಾವ ಕಾಯಿಲೆಗೆ ಬಳಸಲಾಗುತ್ತದೆ?,Telmisartan,uses
tulu,Enalapril ಯಾನ್ ಎತ್ ಕಾಯಿಲೆಗ್ ಉಪಯೋಗ ಆಪುಂಡು?,Enalapril,uses
tulu,Vildagliptin ದಿಂದ ಅಡ್ಡ ಪರಿಣಾಮ ಆಪುಂಡಾ?,Vildagliptin,side_effects
tulu,Atenolol ಯಾನ್ ಎಂಚ ಉಪಯೋಗ ಮಲ್ಪುಲೆ?,Atenolol,dosage
tulu,Vildagliptin ದೆಂದ್?,Vildagliptin,medicine_info
en,What warnings should I know about Diclofenac?,Diclofenac,warnings
kn,Sitagliptin ನ ಅಡ್ಡ ಪರಿಣಾಮಗಳು ಯಾವುವು?,Sitagliptin,side_effects
tulu,Methotrexate ಯಾನ್ ಯಾರೆ ದೆತೊನ್ಬಾರದು?,Methotrexate,contraindications
en,When should Acarbose not be used?,Acarbose,contraindications
tulu,Leflunomide ಬಗ್ಗೆ ಎಚ್ಚರಿಕೆ ಉಂಡಾ?,Leflunomide,warnings
tulu,Diclofenac ಬೊಕ್ಕ ಬೇತೆ ಮರ್ದ್‌ಲು ಒಟ್ಟುಗು ಪರಸ್ಪರ ಕ್ರಿಯೆ ಮಲ್ಪುಂಡಾ?,Diclofenac,interactions
tulu,Hydrochlorothiazide ಯಾನ್ ಯಾರೆ ದೆತೊನ್ಬಾರದು?,Hydrochlorothiazide,contraindications
kn,Carvedilol ನಿಂದ ಯಾವ ಸಮಸ್ಯೆಗಳು ಉಂಟಾಗಬಹುದು?,Carvedilol,side_effects
kn,Acarbose ಬಗ್ಗೆ ಮಾಹಿತಿ ನೀಡಿ.,Acarbose,medicine_info
en,What are the side effects of Atenolol?,Atenolol,side_effects
en,What warnings should I know about Losartan?,Losartan,warnings
kn,Prednisolone ಅಡ್ಡ ಪರಿಣಾಮಗಳನ್ನು ಉಂಟುಮಾಡಬಹುದೇ?,Prednisolone,side_effects
en,Who should avoid Sulfasalazine?,Sulfasalazine,contraindications
en,Who should not take Telmisartan?,Telmisartan,contraindications
tulu,ಯಾರೆ Pioglitazone ಯಾನ್ ತಪ್ಪಿಸಾಯೆರೆ?,Pioglitazone,contraindications
en,What problems can Ramipril cause?,Ramipril,side_effects
kn,Ibuprofen ನ ಡೋಸೇಜ್ ಮಾಹಿತಿ ಏನು?,Ibuprofen,dosage
en,What medicines can interact with Hydrochlorothiazide?,Hydrochlorothiazide,interactions
tulu,Dapagliflozin ದ ಅಡ್ಡ ಪರಿಣಾಮೊಲು ಎಂಚಿನವು?,Dapagliflozin,side_effects
en,Who should not take Glipizide?,Glipizide,contraindications
tulu,Enalapril ದ ಬಗ್ಗೆ ಮಾಹಿತಿ ಕೊರ್ಲೆ.,Enalapril,medicine_info
kn,Ramipril ನಿಂದ ಯಾವ ಸಮಸ್ಯೆಗಳು ಉಂಟಾಗಬಹುದು?,Ramipril,side_effects
kn,Telmisartan ಅನ್ನು ಯಾರು ತೆಗೆದುಕೊಳ್ಳಬಾರದು?,Telmisartan,contraindications
kn,Chlorthalidone ನಿಂದ ಯಾವ ಸಮಸ್ಯೆಗಳು ಉಂಟಾಗಬಹುದು?,Chlorthalidone,side_effects
en,Does Pioglitazone interact with other medicines?,Pioglitazone,interactions
kn,Glimepiride ಅನ್ನು ಯಾವಾಗ ಬಳಸಬಾರದು?,Glimepiride,contraindications
kn,ಯಾರು Colchicine ಅನ್ನು ತಪ್ಪಿಸಬೇಕು?,Colchicine,contraindications
tulu,Colchicine ದೆಂದ್?,Colchicine,medicine_info
kn,Dapagliflozin ಅಡ್ಡ ಪರಿಣಾಮಗಳನ್ನು ಉಂಟುಮಾಡಬಹುದೇ?,Dapagliflozin,side_effects
kn,Insulin Glargine ನ ಅಡ್ಡ ಪರಿಣಾಮಗಳು ಯಾವುವು?,Insulin Glargine,side_effects
en,What are the side effects of Enalapril?,Enalapril,side_effects
en,Can Amlodipine cause any side effects?,Amlodipine,side_effects
tulu,ಎಂಚಿನ ಮರ್ದ್‌ಲು Sitagliptin ಬೊಕ್ಕ ಪರಸ್ಪರ ಕ್ರಿಯೆ ಮಲ್ಪುಂಡು?,Sitagliptin,interactions
en,How should Sitagliptin be taken?,Sitagliptin,dosage
tulu,Hydroxychloroquine ಯಾನ್ ಯಾಕೆ ಉಪಯೋಗ ಮಲ್ಪುಂಡು?,Hydroxychloroquine,uses
en,What is the dosage information for Naproxen?,Naproxen,dosage
kn,ಯಾವ ಔಷಧಿಗಳು Naproxen ಜೊತೆ ಪರಸ್ಪರ ಕ್ರಿಯೆ ಮಾಡಬಹುದು?,Naproxen,interactions
en,What medicines can interact with Diclofenac?,Diclofenac,interactions
en,What problems can Celecoxib cause?,Celecoxib,side_effects
tulu,Ramipril ಬಗ್ಗೆ ಎಂಕ್ ಏನ್ ಗೊತ್ತ್ ಆಪುನ?,Ramipril,medicine_info
kn,Colchicine ನ ಅಡ್ಡ ಪರಿಣಾಮಗಳು ಯಾವುವು?,Colchicine,side_effects
en,What should I be careful about when taking Naproxen?,Naproxen,warnings
tulu,Acarbose ದ ಡೋಸೇಜ್ ಮಾಹಿತಿ ಎಂಚಿನದು?,Acarbose,dosage
en,Tell me about Methotrexate.,Methotrexate,medicine_info
en,What problems can Prednisolone cause?,Prednisolone,side_effects
tulu,Vildagliptin ದ ಅಡ್ಡ ಪರಿಣಾಮೊಲು ಎಂಚಿನವು?,Vildagliptin,side_effects
tulu,Hydroxychloroquine ದೆಂದ್?,Hydroxychloroquine,medicine_info
kn,Insulin Glargine ಇತರ ಔಷಧಿಗಳೊಂದಿಗೆ ಪರಸ್ಪರ ಕ್ರಿಯೆ ಮಾಡುತ್ತದೆಯೇ?,Insulin Glargine,interactions
tulu,Sitagliptin ಯಾನ್ ಎಂಚ ದೆತೊನ್ಬೇಕು?,Sitagliptin,dosage
tulu,Methotrexate ಬಗ್ಗೆ ಎಂಕ್ ಏನ್ ಗೊತ್ತ್ ಆಪುನ?,Methotrexate,medicine_info
kn,Dapagliflozin ಎಂದರೇನು?,Dapagliflozin,medicine_info
en,What is the dosage information for Pioglitazone?,Pioglitazone,dosage
tulu,Vildagliptin ಬೇತೆ ಮರ್ದ್‌ದೊಟ್ಟುಗು ಪ್ರತಿಕ್ರಿಯೆ ಮಲ್ಪುಂಡಾ?,Vildagliptin,interactions
tulu,Pioglitazone ದೆಂದ್?,Pioglitazone,medicine_info
en,How do I take Hydroxychloroquine?,Hydroxychloroquine,dosage
kn,Pioglitazone ತೆಗೆದುಕೊಳ್ಳುವಾಗ ನಾನು ಯಾವುದರ ಬಗ್ಗೆ ಎಚ್ಚರಿಕೆಯಿಂದ ಇರಬೇಕು?,Pioglitazone,warnings
kn,Celecoxib ನ ಅಡ್ಡ ಪರಿಣಾಮಗಳು ಯಾವುವು?,Celecoxib,side_effects
en,What medicines can interact with Vildagliptin?,Vildagliptin,interactions
tulu,Clonidine ದ ಬಗ್ಗೆ ಮಾಹಿತಿ ಕೊರ್ಲೆ.,Clonidine,medicine_info
en,What medicines can interact with Glimepiride?,Glimepiride,interactions
kn,Hydroxychloroquine ಬಗ್ಗೆ ಯಾವ ಎಚ್ಚರಿಕೆಗಳನ್ನು ತಿಳಿದುಕೊಳ್ಳಬೇಕು?,Hydroxychloroquine,warnings
tulu,Diclofenac ಯಾನ್ ಯಾನ್ ಸಮಯಡ್ ದೆತೊನ್ಬಾರದು?,Diclofenac,contraindications
kn,Sulfasalazine ಅನ್ನು ಯಾರು ತೆಗೆದುಕೊಳ್ಳಬಾರದು?,Sulfasalazine,contraindications
en,When should Carvedilol not be used?,Carvedilol,contraindications
tulu,Vildagliptin ಬೊಕ್ಕ ಬೇತೆ ಮರ್ದ್‌ಲು ಒಟ್ಟುಗು ಪರಸ್ಪರ ಕ್ರಿಯೆ ಮಲ್ಪುಂಡಾ?,Vildagliptin,interactions
en,Tell me about Colchicine.,Colchicine,medicine_info
kn,Insulin Glargine ಇತರ ಔಷಧಿಗಳೊಂದಿಗೆ ಪ್ರತಿಕ್ರಿಯಿಸಬಹುದೇ?,Insulin Glargine,interactions
tulu,Losartan ದಿಂದ ಎಂಚಿನ ಸಮಸ್ಯೆ ಆಪುಂಡು?,Losartan,side_effects
kn,Enalapril ಇತರ ಔಷಧಿಗಳೊಂದಿಗೆ ಪರಸ್ಪರ ಕ್ರಿಯೆ ಮಾಡುತ್ತದೆಯೇ?,Enalapril,interactions
en,Are there any warnings about Amlodipine?,Amlodipine,warnings
kn,Losartan ಬಗ್ಗೆ ನಾನು ಏನು ತಿಳಿದುಕೊಳ್ಳಬೇಕು?,Losartan,medicine_info
tulu,Amlodipine ಯಾನ್ ಯಾನ್ ಸಮಯಡ್ ದೆತೊನ್ಬಾರದು?,Amlodipine,contraindications
kn,ಯಾರು Naproxen ಅನ್ನು ತಪ್ಪಿಸಬೇಕು?,Naproxen,contraindications
kn,Diclofenac ಬಗ್ಗೆ ಯಾವ ಎಚ್ಚರಿಕೆಗಳನ್ನು ತಿಳಿದುಕೊಳ್ಳಬೇಕು?,Diclofenac,warnings
tulu,Clonidine ಯಾನ್ ಯಾಕೆ ಉಪಯೋಗ ಮಲ್ಪುಂಡು?,Clonidine,uses
en,What conditions is Carvedilol used for?,Carvedilol,uses
en,Can Glipizide cause any side effects?,Glipizide,side_effects
kn,Sitagliptin ಅನ್ನು ಹೇಗೆ ಬಳಸಬೇಕು?,Sitagliptin,dosage
kn,Celecoxib ನ ಡೋಸೇಜ್ ಮಾಹಿತಿ ಏನು?,Celecoxib,dosage
en,Why is Methotrexate used?,Methotrexate,uses
kn,Glipizide ಅಡ್ಡ ಪರಿಣಾಮಗಳನ್ನು ಉಂಟುಮಾಡಬಹುದೇ?,Glipizide,side_effects
tulu,ಎಂಚಿನ ಮರ್ದ್‌ಲು Ramipril ಬೊಕ್ಕ ಪರಸ್ಪರ ಕ್ರಿಯೆ ಮಲ್ಪುಂಡು?,Ramipril,interactions
tulu,Naproxen ಯಾನ್ ಎತ್ಕ್ ಉಪಯೋಗ ಆಪುಂಡು?,Naproxen,uses
kn,ಯಾವ ಔಷಧಿಗಳು Acarbose ಜೊತೆ ಪರಸ್ಪರ ಕ್ರಿಯೆ ಮಾಡಬಹುದು?,Acarbose,interactions
tulu,Naproxen ಯಾನ್ ಎಂಚ ದೆತೊನ್ಬೇಕು?,Naproxen,dosage
tulu,Enalapril ದ ಅಡ್ಡ ಪರಿಣಾಮೊಲು ಎಂಚಿನವು?,Enalapril,side_effects
tulu,Glimepiride ಯಾನ್ ಎಂಚ ಉಪಯೋಗ ಮಲ್ಪುಲೆ?,Glimepiride,dosage
en,What warnings should I know about Methotrexate?,Methotrexate,warnings
tulu,Glimepiride ಬಗ್ಗೆ ಎಂಚಿನ ಎಚ್ಚರಿಕೆ ಉಂಡು?,Glimepiride,warnings
en,What do I need to know about Clonidine?,Clonidine,medicine_info
kn,Vildagliptin ಅನ್ನು ಹೇಗೆ ಬಳಸಬೇಕು?,Vildagliptin,dosage
kn,Ibuprofen ಯಾವ ಕಾಯಿಲೆಗೆ ಬಳಸಲಾಗುತ್ತದೆ?,Ibuprofen,uses
en,Can Naproxen cause any side effects?,Naproxen,side_effects
kn,Diclofenac ಅನ್ನು ಯಾವುದಕ್ಕಾಗಿ ಬಳಸುತ್ತಾರೆ?,Diclofenac,uses
kn,Vildagliptin ಅನ್ನು ಹೇಗೆ ತೆಗೆದುಕೊಳ್ಳಬೇಕು?,Vildagliptin,dosage
tulu,Telmisartan ಬಗ್ಗೆ ಎಂಚಿನ ಎಚ್ಚರಿಕೆ ಉಂಡು?,Telmisartan,warnings
kn,Ramipril ಅನ್ನು ಯಾವುದಕ್ಕಾಗಿ ಬಳಸುತ್ತಾರೆ?,Ramipril,uses
en,What warnings should I know about Colchicine?,Colchicine,warnings
en,Does Acarbose interact with other medicines?,Acarbose,interactions
tulu,Amlodipine ಬಗ್ಗೆ ಎಂಕ್ ಏನ್ ಗೊತ್ತ್ ಆಪುನ?,Amlodipine,medicine_info
kn,Atenolol ಯಾವ ಕಾಯಿಲೆಗೆ ಬಳಸಲಾಗುತ್ತದೆ?,Atenolol,uses
tulu,Glimepiride ಬೊಕ್ಕ ಬೇತೆ ಮರ್ದ್‌ಲು ಒಟ್ಟುಗು ಪರಸ್ಪರ ಕ್ರಿಯೆ ಮಲ್ಪುಂಡಾ?,Glimepiride,interactions
tulu,Amlodipine ಯಾನ್ ಎತ್ಕ್ ಉಪಯೋಗ ಆಪುಂಡು?,Amlodipine,uses
tulu,Telmisartan ಯಾನ್ ಯಾಕೆ ಉಪಯೋಗ ಮಲ್ಪುಂಡು?,Telmisartan,uses
en,What are the side effects of Metformin?,Metformin,side_effects
en,Does Diclofenac interact with other medicines?,Diclofenac,interactions
tulu,Ibuprofen ಬಗ್ಗೆ ಎಂಕ್ ಏನ್ ಗೊತ್ತ್ ಆಪುನ?,Ibuprofen,medicine_info
en,How should Insulin Glargine be taken?,Insulin Glargine,dosage
kn,Hydroxychloroquine ಎಂದರೇನು?,Hydroxychloroquine,medicine_info
en,What is Ramipril?,Ramipril,medicine_info
tulu,Amlodipine ದ ಡೋಸೇಜ್ ಮಾಹಿತಿ ಎಂಚಿನದು?,Amlodipine,dosage
kn,Celecoxib ಬಗ್ಗೆ ನಾನು ಏನು ತಿಳಿದುಕೊಳ್ಳಬೇಕು?,Celecoxib,medicine_info
kn,Hydrochlorothiazide ಬಗ್ಗೆ ನಾನು ಏನು ತಿಳಿದುಕೊಳ್ಳಬೇಕು?,Hydrochlorothiazide,medicine_info
tulu,Losartan ಬಗ್ಗೆ ಎಂಚಿನ ಎಚ್ಚರಿಕೆ ಉಂಡು?,Losartan,warnings
tulu,Methotrexate ದ ಡೋಸೇಜ್ ಮಾಹಿತಿ ಎಂಚಿನದು?,Methotrexate,dosage
kn,Hydrochlorothiazide ಬಗ್ಗೆ ಯಾವುದೇ ಎಚ್ಚರಿಕೆಗಳಿವೆಯೇ?,Hydrochlorothiazide,warnings
tulu,Chlorthalidone ಯಾನ್ ಯಾನ್ ಸಮಯಡ್ ದೆತೊನ್ಬಾರದು?,Chlorthalidone,contraindications
en,Can Hydroxychloroquine cause any side effects?,Hydroxychloroquine,side_effects
tulu,Acarbose ಯಾನ್ ಎಂಚ ದೆತೊನ್ಬೇಕು?,Acarbose,dosage
en,What should I be careful about when taking Clonidine?,Clonidine,warnings
en,Does Hydrochlorothiazide interact with other medicines?,Hydrochlorothiazide,interactions
kn,Amlodipine ನ ಅಡ್ಡ ಪರಿಣಾಮಗಳು ಯಾವುವು?,Amlodipine,side_effects
en,Who should avoid Chlorthalidone?,Chlorthalidone,contraindications
kn,Metformin ಅನ್ನು ಯಾವಾಗ ಬಳಸಬಾರದು?,Metformin,contraindications
en,What problems can Acarbose cause?,Acarbose,side_effects
en,How should Clonidine be taken?,Clonidine,dosage
en,What should I be careful about when taking Losartan?,Losartan,warnings
tulu,Sitagliptin ಯಾನ್ ಯಾಕೆ ಉಪಯೋಗ ಮಲ್ಪುಂಡು?,Sitagliptin,uses
tulu,Clonidine ಬಗ್ಗೆ ಎಂಕ್ ಏನ್ ಗೊತ್ತ್ ಆಪುನ?,Clonidine,medicine_info
en,Who should not take Prednisolone?,Prednisolone,contraindications
kn,Acarbose ಅನ್ನು ಯಾರು ತೆಗೆದುಕೊಳ್ಳಬಾರದು?,Acarbose,contraindications
tulu,Telmisartan ಬಗ್ಗೆ ಎಂಕ್ ಏನ್ ಗೊತ್ತ್ ಆಪುನ?,Telmisartan,medicine_info
kn,Sulfasalazine ನಿಂದ ಯಾವ ಸಮಸ್ಯೆಗಳು ಉಂಟಾಗಬಹುದು?,Sulfasalazine,side_effects
en,Tell me about Glipizide.,Glipizide,medicine_info
kn,Carvedilol ತೆಗೆದುಕೊಳ್ಳುವಾಗ ನಾನು ಯಾವುದರ ಬಗ್ಗೆ ಎಚ್ಚರಿಕೆಯಿಂದ ಇರಬೇಕು?,Carvedilol,warnings
en,Can Atenolol interact with other drugs?,Atenolol,interactions
en,Are there any warnings about Sulfasalazine?,Sulfasalazine,warnings
tulu,Leflunomide ಯಾನ್ ಯಾಕೆ ಉಪಯೋಗ ಮಲ್ಪುಂಡು?,Leflunomide,uses
en,What are the side effects of Prednisolone?,Prednisolone,side_effects
kn,Pioglitazone ನ ಅಡ್ಡ ಪರಿಣಾಮಗಳು ಯಾವುವು?,Pioglitazone,side_effects
kn,Vildagliptin ಯಾವ ಕಾಯಿಲೆಗೆ ಬಳಸಲಾಗುತ್ತದೆ?,Vildagliptin,uses
en,What problems can Amlodipine cause?,Amlodipine,side_effects
en,Who should not take Atenolol?,Atenolol,contraindications
kn,Telmisartan ನಿಂದ ಯಾವ ಸಮಸ್ಯೆಗಳು ಉಂಟಾಗಬಹುದು?,Telmisartan,side_effects
tulu,Naproxen ದೆಂದ್?,Naproxen,medicine_info
tulu,Acarbose ಬಗ್ಗೆ ಎಂಕ್ ಏನ್ ಗೊತ್ತ್ ಆಪುನ?,Acarbose,medicine_info
en,Tell me about Atenolol.,Atenolol,medicine_info
tulu,Glimepiride ದ ಬಗ್ಗೆ ಮಾಹಿತಿ ಕೊರ್ಲೆ.,Glimepiride,medicine_info
kn,Pioglitazone ಅನ್ನು ಹೇಗೆ ತೆಗೆದುಕೊಳ್ಳಬೇಕು?,Pioglitazone,dosage
kn,Chlorthalidone ಅಡ್ಡ ಪರಿಣಾಮಗಳನ್ನು ಉಂಟುಮಾಡಬಹುದೇ?,Chlorthalidone,side_effects
tulu,Prednisolone ದಿಂದ ಅಡ್ಡ ಪರಿಣಾಮ ಆಪುಂಡಾ?,Prednisolone,side_effects
kn,ಯಾವ ಔಷಧಿಗಳು Pioglitazone ಜೊತೆ ಪರಸ್ಪರ ಕ್ರಿಯೆ ಮಾಡಬಹುದು?,Pioglitazone,interactions
kn,Pioglitazone ಯಾವ ಕಾಯಿಲೆಗೆ ಬಳಸಲಾಗುತ್ತದೆ?,Pioglitazone,uses
tulu,Enalapril ಬಗ್ಗೆ ಎಂಕ್ ಏನ್ ಗೊತ್ತ್ ಆಪುನ?,Enalapril,medicine_info
kn,Amlodipine ಎಂದರೇನು?,Amlodipine,medicine_info
tulu,Carvedilol ಯಾನ್ ಎಂಚ ಉಪಯೋಗ ಮಲ್ಪುಲೆ?,Carvedilol,dosage
kn,Hydrochlorothiazide ನ ಅಡ್ಡ ಪರಿಣಾಮಗಳು ಯಾವುವು?,Hydrochlorothiazide,side_effects
en,Tell me about Amlodipine.,Amlodipine,medicine_info
tulu,Amlodipine ಬಗ್ಗೆ ಎಂಚಿನ ಎಚ್ಚರಿಕೆ ಉಂಡು?,Amlodipine,warnings
kn,Carvedilol ಬಗ್ಗೆ ನಾನು ಏನು ತಿಳಿದುಕೊಳ್ಳಬೇಕು?,Carvedilol,medicine_info
kn,Glipizide ಎಂದರೇನು?,Glipizide,medicine_info
tulu,Losartan ಯಾನ್ ಎಂಚ ಉಪಯೋಗ ಮಲ್ಪುಲೆ?,Losartan,dosage
en,Tell me about Glimepiride.,Glimepiride,medicine_info
tulu,Carvedilol ದ ಬಗ್ಗೆ ಮಾಹಿತಿ ಕೊರ್ಲೆ.,Carvedilol,medicine_info
en,When should Atenolol not be used?,Atenolol,contraindications
en,Why is Glimepiride used?,Glimepiride,uses
en,Can Telmisartan interact with other drugs?,Telmisartan,interactions
kn,Sitagliptin ಅನ್ನು ಯಾರು ತೆಗೆದುಕೊಳ್ಳಬಾರದು?,Sitagliptin,contraindications
tulu,Atenolol ಯಾನ್ ಎಂಚ ದೆತೊನ್ಬೇಕು?,Atenolol,dosage
kn,Vildagliptin ತೆಗೆದುಕೊಳ್ಳುವಾಗ ನಾನು ಯಾವುದರ ಬಗ್ಗೆ ಎಚ್ಚರಿಕೆಯಿಂದ ಇರಬೇಕು?,Vildagliptin,warnings
kn,Metformin ನಿಂದ ಯಾವ ಸಮಸ್ಯೆಗಳು ಉಂಟಾಗಬಹುದು?,Metformin,side_effects
en,What is Insulin Glargine?,Insulin Glargine,medicine_info
kn,ಯಾರು Enalapril ಅನ್ನು ತಪ್ಪಿಸಬೇಕು?,Enalapril,contraindications
en,What medicines can interact with Amlodipine?,Amlodipine,interactions
kn,Glipizide ಬಗ್ಗೆ ಯಾವುದೇ ಎಚ್ಚರಿಕೆಗಳಿವೆಯೇ?,Glipizide,warnings
tulu,Leflunomide ಬಗ್ಗೆ ಎಂಚಿನ ಎಚ್ಚರಿಕೆ ಉಂಡು?,Leflunomide,warnings
kn,Celecoxib ಅನ್ನು ಯಾರು ತೆಗೆದುಕೊಳ್ಳಬಾರದು?,Celecoxib,contraindications
tulu,Colchicine ಯಾನ್ ಎಂಚ ದೆತೊನ್ಬೇಕು?,Colchicine,dosage
kn,Methotrexate ಬಗ್ಗೆ ಮಾಹಿತಿ ನೀಡಿ.,Methotrexate,medicine_info
en,Can Ramipril interact with other drugs?,Ramipril,interactions
en,What medicines can interact with Insulin Glargine?,Insulin Glargine,interactions
en,What are the side effects of Diclofenac?,Diclofenac,side_effects
kn,ಯಾರು Diclofenac ಅನ್ನು ತಪ್ಪಿಸಬೇಕು?,Diclofenac,contraindications
tulu,Losartan ಬೇತೆ ಮರ್ದ್‌ದೊಟ್ಟುಗು ಪ್ರತಿಕ್ರಿಯೆ ಮಲ್ಪುಂಡಾ?,Losartan,interactions
kn,Hydrochlorothiazide ಅನ್ನು ಯಾವುದಕ್ಕಾಗಿ ಬಳಸುತ್ತಾರೆ?,Hydrochlorothiazide,uses
en,How do I take Methotrexate?,Methotrexate,dosage
kn,ಯಾರು Dapagliflozin ಅನ್ನು ತಪ್ಪಿಸಬೇಕು?,Dapagliflozin,contraindications
en,What is Vildagliptin used for?,Vildagliptin,uses
en,Who should not take Empagliflozin?,Empagliflozin,contraindications
kn,Pioglitazone ನ ಡೋಸೇಜ್ ಮಾಹಿತಿ ಏನು?,Pioglitazone,dosage
en,Does Vildagliptin interact with other medicines?,Vildagliptin,interactions
tulu,ಯಾರೆ Chlorthalidone ಯಾನ್ ತಪ್ಪಿಸಾಯೆರೆ?,Chlorthalidone,contraindications
tulu,Prednisolone ಬಗ್ಗೆ ಎಚ್ಚರಿಕೆ ಉಂಡಾ?,Prednisolone,warnings
kn,Leflunomide ಅನ್ನು ಯಾವಾಗ ಬಳಸಬಾರದು?,Leflunomide,contraindications
tulu,Carvedilol ದಿಂದ ಅಡ್ಡ ಪರಿಣಾಮ ಆಪುಂಡಾ?,Carvedilol,side_effects
kn,Methotrexate ಅನ್ನು ಯಾರು ತೆಗೆದುಕೊಳ್ಳಬಾರದು?,Methotrexate,contraindications
en,Can Pioglitazone cause any side effects?,Pioglitazone,side_effects
en,Why is Leflunomide used?,Leflunomide,uses
kn,Naproxen ನ ಅಡ್ಡ ಪರಿಣಾಮಗಳು ಯಾವುವು?,Naproxen,side_effects
tulu,Empagliflozin ಯಾನ್ ಯಾಕೆ ಉಪಯೋಗ ಮಲ್ಪುಂಡು?,Empagliflozin,uses
tulu,Naproxen ದಿಂದ ಎಂಚಿನ ಸಮಸ್ಯೆ ಆಪುಂಡು?,Naproxen,side_effects
kn,Pioglitazone ನಿಂದ ಯಾವ ಸಮಸ್ಯೆಗಳು ಉಂಟಾಗಬಹುದು?,Pioglitazone,side_effects
kn,Glimepiride ಯಾವ ಕಾಯಿಲೆಗೆ ಬಳಸಲಾಗುತ್ತದೆ?,Glimepiride,uses
tulu,Carvedilol ಯಾನ್ ಯಾಕೆ ಉಪಯೋಗ ಮಲ್ಪುಂಡು?,Carvedilol,uses
en,Who should not take Pioglitazone?,Pioglitazone,contraindications
en,What do I need to know about Naproxen?,Naproxen,medicine_info
en,Are there any warnings about Ramipril?,Ramipril,warnings
kn,Methotrexate ಬಗ್ಗೆ ನಾನು ಏನು ತಿಳಿದುಕೊಳ್ಳಬೇಕು?,Methotrexate,medicine_info
tulu,Ramipril ಯಾನ್ ಎಂಚ ಉಪಯೋಗ ಮಲ್ಪುಲೆ?,Ramipril,dosage
en,When should Ibuprofen not be used?,Ibuprofen,contraindications
kn,Leflunomide ಎಂದರೇನು?,Leflunomide,medicine_info
kn,Leflunomide ಇತರ ಔಷಧಿಗಳೊಂದಿಗೆ ಪ್ರತಿಕ್ರಿಯಿಸಬಹುದೇ?,Leflunomide,interactions
en,What is Sulfasalazine?,Sulfasalazine,medicine_info
en,How should Ibuprofen be taken?,Ibuprofen,dosage
en,What is Hydroxychloroquine used for?,Hydroxychloroquine,uses
kn,ಯಾರು Empagliflozin ಅನ್ನು ತಪ್ಪಿಸಬೇಕು?,Empagliflozin,contraindications
kn,Methotrexate ಎಂದರೇನು?,Methotrexate,medicine_info
en,What is the dosage information for Vildagliptin?,Vildagliptin,dosage
tulu,Carvedilol ಯಾನ್ ಎತ್ ಕಾಯಿಲೆಗ್ ಉಪಯೋಗ ಆಪುಂಡು?,Carvedilol,uses
en,What is Losartan?,Losartan,medicine_info
kn,Naproxen ಇತರ ಔಷಧಿಗಳೊಂದಿಗೆ ಪ್ರತಿಕ್ರಿಯಿಸಬಹುದೇ?,Naproxen,interactions
tulu,Sulfasalazine ಯಾನ್ ಎಂಚ ದೆತೊನ್ಬೇಕು?,Sulfasalazine,dosage
kn,Hydroxychloroquine ಅನ್ನು ಯಾರು ತೆಗೆದುಕೊಳ್ಳಬಾರದು?,Hydroxychloroquine,contraindications
kn,Pioglitazone ಏಕೆ ಬಳಸಲಾಗುತ್ತದೆ?,Pioglitazone,uses
kn,Enalapril ಯಾವ ಕಾಯಿಲೆಗೆ ಬಳಸಲಾಗುತ್ತದೆ?,Enalapril,uses
kn,Amlodipine ಅನ್ನು ಹೇಗೆ ತೆಗೆದುಕೊಳ್ಳಬೇಕು?,Amlodipine,dosage
en,Can Prednisolone cause any side effects?,Prednisolone,side_effects
kn,Ibuprofen ಅನ್ನು ಹೇಗೆ ತೆಗೆದುಕೊಳ್ಳಬೇಕು?,Ibuprofen,dosage
kn,Sitagliptin ಬಗ್ಗೆ ಯಾವುದೇ ಎಚ್ಚರಿಕೆಗಳಿವೆಯೇ?,Sitagliptin,warnings
en,How do I take Clonidine?,Clonidine,dosage
tulu,Insulin Glargine ಯಾನ್ ಯಾಕೆ ಉಪಯೋಗ ಮಲ್ಪುಂಡು?,Insulin Glargine,uses
kn,Carvedilol ಅನ್ನು ಹೇಗೆ ಬಳಸಬೇಕು?,Carvedilol,dosage
tulu,Leflunomide ದೆಂದ್?,Leflunomide,medicine_info
kn,Enalapril ಬಗ್ಗೆ ಯಾವ ಎಚ್ಚರಿಕೆಗಳನ್ನು ತಿಳಿದುಕೊಳ್ಳಬೇಕು?,Enalapril,warnings
en,Are there any warnings about Diclofenac?,Diclofenac,warnings
tulu,Prednisolone ದ ಡೋಸೇಜ್ ಮಾಹಿತಿ ಎಂಚಿನದು?,Prednisolone,dosage
en,Can Atenolol cause any side effects?,Atenolol,side_effects
tulu,ಯಾರೆ Glipizide ಯಾನ್ ತಪ್ಪಿಸಾಯೆರೆ?,Glipizide,contraindications
kn,Empagliflozin ಅಡ್ಡ ಪರಿಣಾಮಗಳನ್ನು ಉಂಟುಮಾಡಬಹುದೇ?,Empagliflozin,side_effects
en,What is the dosage information for Carvedilol?,Carvedilol,dosage
kn,Empagliflozin ಬಗ್ಗೆ ಯಾವ ಎಚ್ಚರಿಕೆಗಳನ್ನು ತಿಳಿದುಕೊಳ್ಳಬೇಕು?,Empagliflozin,warnings
en,What conditions is Prednisolone used for?,Prednisolone,uses
tulu,Pioglitazone ದ ಡೋಸೇಜ್ ಮಾಹಿತಿ ಎಂಚಿನದು?,Pioglitazone,dosage
en,When should Colchicine not be used?,Colchicine,contraindications
en,Does Celecoxib interact with other medicines?,Celecoxib,interactions
tulu,Ramipril ದೆತೊನುವಾಗ ಎಂಚಿನ ಎಚ್ಚರಿಕೆ ಕೊರ್ಲೆ?,Ramipril,warnings
kn,Diclofenac ಬಗ್ಗೆ ಯಾವುದೇ ಎಚ್ಚರಿಕೆಗಳಿವೆಯೇ?,Diclofenac,warnings
kn,Chlorthalidone ಬಗ್ಗೆ ಯಾವುದೇ ಎಚ್ಚರಿಕೆಗಳಿವೆಯೇ?,Chlorthalidone,warnings
en,What is Glipizide used for?,Glipizide,uses
en,What is Carvedilol?,Carvedilol,medicine_info
en,How do I take Ramipril?,Ramipril,dosage
tulu,Ibuprofen ಯಾನ್ ಯಾನ್ ಸಮಯಡ್ ದೆತೊನ್ಬಾರದು?,Ibuprofen,contraindications
en,What warnings should I know about Enalapril?,Enalapril,warnings
en,Does Insulin Glargine interact with other medicines?,Insulin Glargine,interactions
kn,Hydroxychloroquine ಅನ್ನು ಯಾವುದಕ್ಕಾಗಿ ಬಳಸುತ್ತಾರೆ?,Hydroxychloroquine,uses
kn,Dapagliflozin ಅನ್ನು ಹೇಗೆ ತೆಗೆದುಕೊಳ್ಳಬೇಕು?,Dapagliflozin,dosage
kn,Carvedilol ನ ಡೋಸೇಜ್ ಮಾಹಿತಿ ಏನು?,Carvedilol,dosage
kn,Diclofenac ಅನ್ನು ಹೇಗೆ ಬಳಸಬೇಕು?,Diclofenac,dosage
tulu,Amlodipine ಯಾನ್ ಯಾರೆ ದೆತೊನ್ಬಾರದು?,Amlodipine,contraindications
en,What is Diclofenac used for?,Diclofenac,uses
en,How should Hydrochlorothiazide be taken?,Hydrochlorothiazide,dosage
tulu,Atenolol ಯಾನ್ ಎತ್ಕ್ ಉಪಯೋಗ ಆಪುಂಡು?,Atenolol,uses
tulu,Clonidine ಯಾನ್ ಎಂಚ ದೆತೊನ್ಬೇಕು?,Clonidine,dosage
en,Can Sulfasalazine interact with other drugs?,Sulfasalazine,interactions
en,Who should avoid Atenolol?,Atenolol,contraindications
tulu,Atenolol ಬೊಕ್ಕ ಬೇತೆ ಮರ್ದ್‌ಲು ಒಟ್ಟುಗು ಪರಸ್ಪರ ಕ್ರಿಯೆ ಮಲ್ಪುಂಡಾ?,Atenolol,interactions
tulu,Sulfasalazine ದಿಂದ ಅಡ್ಡ ಪರಿಣಾಮ ಆಪುಂಡಾ?,Sulfasalazine,side_effects
tulu,Clonidine ಬಗ್ಗೆ ಎಂಚಿನ ಎಚ್ಚರಿಕೆ ಉಂಡು?,Clonidine,warnings
kn,Atenolol ನ ಡೋಸೇಜ್ ಮಾಹಿತಿ ಏನು?,Atenolol,dosage
kn,Amlodipine ಬಗ್ಗೆ ಮಾಹಿತಿ ನೀಡಿ.,Amlodipine,medicine_info
en,When should Empagliflozin not be used?,Empagliflozin,contraindications
kn,Sulfasalazine ಅನ್ನು ಯಾವಾಗ ಬಳಸಬಾರದು?,Sulfasalazine,contraindications
tulu,Dapagliflozin ಯಾನ್ ಯಾಕೆ ಉಪಯೋಗ ಮಲ್ಪುಂಡು?,Dapagliflozin,uses
en,How do I take Leflunomide?,Leflunomide,dosage
en,What is Pioglitazone?,Pioglitazone,medicine_info
en,Tell me about Acarbose.,Acarbose,medicine_info
en,Are there any warnings about Atenolol?,Atenolol,warnings
en,What do I need to know about Ibuprofen?,Ibuprofen,medicine_info
en,How should Glipizide be taken?,Glipizide,dosage
kn,Enalapril ತೆಗೆದುಕೊಳ್ಳುವಾಗ ನಾನು ಯಾವುದರ ಬಗ್ಗೆ ಎಚ್ಚರಿಕೆಯಿಂದ ಇರಬೇಕು?,Enalapril,warnings
en,Can Celecoxib interact with other drugs?,Celecoxib,interactions
en,What are the side effects of Glipizide?,Glipizide,side_effects
en,What do I need to know about Carvedilol?,Carvedilol,medicine_info
en,What are the side effects of Clonidine?,Clonidine,side_effects
tulu,Leflunomide ಬೊಕ್ಕ ಬೇತೆ ಮರ್ದ್‌ಲು ಒಟ್ಟುಗು ಪರಸ್ಪರ ಕ್ರಿಯೆ ಮಲ್ಪುಂಡಾ?,Leflunomide,interactions
tulu,Pioglitazone ಬಗ್ಗೆ ಎಚ್ಚರಿಕೆ ಉಂಡಾ?,Pioglitazone,warnings
kn,Insulin Glargine ನಿಂದ ಯಾವ ಸಮಸ್ಯೆಗಳು ಉಂಟಾಗಬಹುದು?,Insulin Glargine,side_effects
tulu,Ibuprofen ಯಾನ್ ಯಾರೆ ದೆತೊನ್ಬಾರದು?,Ibuprofen,contraindications
tulu,Leflunomide ಯಾನ್ ಎತ್ ಕಾಯಿಲೆಗ್ ಉಪಯೋಗ ಆಪುಂಡು?,Leflunomide,uses
kn,Clonidine ಇತರ ಔಷಧಿಗಳೊಂದಿಗೆ ಪ್ರತಿಕ್ರಿಯಿಸಬಹುದೇ?,Clonidine,interactions
kn,Vildagliptin ನ ಡೋಸೇಜ್ ಮಾಹಿತಿ ಏನು?,Vildagliptin,dosage
en,Are there any warnings about Glipizide?,Glipizide,warnings
kn,Acarbose ಬಗ್ಗೆ ಯಾವ ಎಚ್ಚರಿಕೆಗಳನ್ನು ತಿಳಿದುಕೊಳ್ಳಬೇಕು?,Acarbose,warnings
en,Are there any warnings about Telmisartan?,Telmisartan,warnings
tulu,Hydroxychloroquine ಯಾನ್ ಎಂಚ ಉಪಯೋಗ ಮಲ್ಪುಲೆ?,Hydroxychloroquine,dosage
kn,Metformin ಅನ್ನು ಯಾರು ತೆಗೆದುಕೊಳ್ಳಬಾರದು?,Metformin,contraindications
kn,ಯಾವ ಔಷಧಿಗಳು Ibuprofen ಜೊತೆ ಪರಸ್ಪರ ಕ್ರಿಯೆ ಮಾಡಬಹುದು?,Ibuprofen,interactions
en,What is Telmisartan used for?,Telmisartan,uses
en,When should Methotrexate not be used?,Methotrexate,contraindications
tulu,Glipizide ದೆಂದ್?,Glipizide,medicine_info
en,What medicines can interact with Ramipril?,Ramipril,interactions
tulu,Prednisolone ಯಾನ್ ಯಾನ್ ಸಮಯಡ್ ದೆತೊನ್ಬಾರದು?,Prednisolone,contraindications
tulu,Chlorthalidone ದಿಂದ ಅಡ್ಡ ಪರಿಣಾಮ ಆಪುಂಡಾ?,Chlorthalidone,side_effects
tulu,Chlorthalidone ಯಾನ್ ಯಾಕೆ ಉಪಯೋಗ ಮಲ್ಪುಂಡು?,Chlorthalidone,uses
en,When should Telmisartan not be used?,Telmisartan,contraindications
tulu,Glipizide ಯಾನ್ ಎಂಚ ಉಪಯೋಗ ಮಲ್ಪುಲೆ?,Glipizide,dosage
tulu,Insulin Glargine ಬೊಕ್ಕ ಬೇತೆ ಮರ್ದ್‌ಲು ಒಟ್ಟುಗು ಪರಸ್ಪರ ಕ್ರಿಯೆ ಮಲ್ಪುಂಡಾ?,Insulin Glargine,interactions
en,Does Prednisolone interact with other medicines?,Prednisolone,interactions
tulu,Glipizide ದ ಅಡ್ಡ ಪರಿಣಾಮೊಲು ಎಂಚಿನವು?,Glipizide,side_effects
tulu,Clonidine ದೆಂದ್?,Clonidine,medicine_info
en,What warnings should I know about Metformin?,Metformin,warnings
kn,Empagliflozin ನ ಅಡ್ಡ ಪರಿಣಾಮಗಳು ಯಾವುವು?,Empagliflozin,side_effects
en,What conditions is Vildagliptin used for?,Vildagliptin,uses
kn,Chlorthalidone ಯಾವ ಕಾಯಿಲೆಗೆ ಬಳಸಲಾಗುತ್ತದೆ?,Chlorthalidone,uses
kn,Sulfasalazine ಬಗ್ಗೆ ನಾನು ಏನು ತಿಳಿದುಕೊಳ್ಳಬೇಕು?,Sulfasalazine,medicine_info
en,What do I need to know about Acarbose?,Acarbose,medicine_info
tulu,Celecoxib ಬೊಕ್ಕ ಬೇತೆ ಮರ್ದ್‌ಲು ಒಟ್ಟುಗು ಪರಸ್ಪರ ಕ್ರಿಯೆ ಮಲ್ಪುಂಡಾ?,Celecoxib,interactions
en,What medicines can interact with Colchicine?,Colchicine,interactions
kn,Clonidine ನ ಡೋಸೇಜ್ ಮಾಹಿತಿ ಏನು?,Clonidine,dosage
tulu,ಎಂಚಿನ ಮರ್ದ್‌ಲು Diclofenac ಬೊಕ್ಕ ಪರಸ್ಪರ ಕ್ರಿಯೆ ಮಲ್ಪುಂಡು?,Diclofenac,interactions
en,What are the side effects of Ramipril?,Ramipril,side_effects
en,What is Leflunomide?,Leflunomide,medicine_info
tulu,Insulin Glargine ಬಗ್ಗೆ ಎಂಕ್ ಏನ್ ಗೊತ್ತ್ ಆಪುನ?,Insulin Glargine,medicine_info
en,How do I take Hydrochlorothiazide?,Hydrochlorothiazide,dosage
kn,Hydroxychloroquine ಬಗ್ಗೆ ಮಾಹಿತಿ ನೀಡಿ.,Hydroxychloroquine,medicine_info
tulu,Glimepiride ದಿಂದ ಅಡ್ಡ ಪರಿಣಾಮ ಆಪುಂಡಾ?,Glimepiride,side_effects
kn,Glimepiride ಎಂದರೇನು?,Glimepiride,medicine_info
en,What medicines can interact with Empagliflozin?,Empagliflozin,interactions
kn,Ramipril ಎಂದರೇನು?,Ramipril,medicine_info
en,What medicines can interact with Naproxen?,Naproxen,interactions
en,What do I need to know about Sitagliptin?,Sitagliptin,medicine_info
kn,Empagliflozin ತೆಗೆದುಕೊಳ್ಳುವಾಗ ನಾನು ಯಾವುದರ ಬಗ್ಗೆ ಎಚ್ಚರಿಕೆಯಿಂದ ಇರಬೇಕು?,Empagliflozin,warnings
kn,Empagliflozin ಇತರ ಔಷಧಿಗಳೊಂದಿಗೆ ಪರಸ್ಪರ ಕ್ರಿಯೆ ಮಾಡುತ್ತದೆಯೇ?,Empagliflozin,interactions
kn,Telmisartan ಅನ್ನು ಹೇಗೆ ಬಳಸಬೇಕು?,Telmisartan,dosage
tulu,Sulfasalazine ಯಾನ್ ಯಾರೆ ದೆತೊನ್ಬಾರದು?,Sulfasalazine,contraindications
tulu,Leflunomide ದೆತೊನುವಾಗ ಎಂಚಿನ ಎಚ್ಚರಿಕೆ ಕೊರ್ಲೆ?,Leflunomide,warnings
kn,Carvedilol ನ ಅಡ್ಡ ಪರಿಣಾಮಗಳು ಯಾವುವು?,Carvedilol,side_effects
en,Who should not take Acarbose?,Acarbose,contraindications
en,Who should not take Hydrochlorothiazide?,Hydrochlorothiazide,contraindications
en,Does Glimepiride interact with other medicines?,Glimepiride,interactions
kn,Naproxen ಅನ್ನು ಹೇಗೆ ತೆಗೆದುಕೊಳ್ಳಬೇಕು?,Naproxen,dosage
en,What conditions is Methotrexate used for?,Methotrexate,uses
tulu,Colchicine ಬಗ್ಗೆ ಎಂಚಿನ ಎಚ್ಚರಿಕೆ ಉಂಡು?,Colchicine,warnings
en,What is Telmisartan?,Telmisartan,medicine_info
en,What do I need to know about Enalapril?,Enalapril,medicine_info
tulu,Sulfasalazine ಬಗ್ಗೆ ಎಚ್ಚರಿಕೆ ಉಂಡಾ?,Sulfasalazine,warnings
kn,Vildagliptin ಇತರ ಔಷಧಿಗಳೊಂದಿಗೆ ಪ್ರತಿಕ್ರಿಯಿಸಬಹುದೇ?,Vildagliptin,interactions
tulu,Pioglitazone ಯಾನ್ ಎಂಚ ಉಪಯೋಗ ಮಲ್ಪುಲೆ?,Pioglitazone,dosage
kn,Losartan ಇತರ ಔಷಧಿಗಳೊಂದಿಗೆ ಪರಸ್ಪರ ಕ್ರಿಯೆ ಮಾಡುತ್ತದೆಯೇ?,Losartan,interactions
en,What should I be careful about when taking Carvedilol?,Carvedilol,warnings
kn,Metformin ಯಾವ ಕಾಯಿಲೆಗೆ ಬಳಸಲಾಗುತ್ತದೆ?,Metformin,uses
en,Does Metformin interact with other medicines?,Metformin,interactions
tulu,Dapagliflozin ದೆಂದ್?,Dapagliflozin,medicine_info
tulu,Pioglitazone ಯಾನ್ ಯಾನ್ ಸಮಯಡ್ ದೆತೊನ್ಬಾರದು?,Pioglitazone,contraindications
kn,Clonidine ಅನ್ನು ಹೇಗೆ ಬಳಸಬೇಕು?,Clonidine,dosage
kn,Losartan ಯಾವ ಕಾಯಿಲೆಗೆ ಬಳಸಲಾಗುತ್ತದೆ?,Losartan,uses
en,What is Metformin used for?,Metformin,uses
en,Are there any warnings about Vildagliptin?,Vildagliptin,warnings
tulu,Celecoxib ಯಾನ್ ಯಾರೆ ದೆತೊನ್ಬಾರದು?,Celecoxib,contraindications
tulu,Glipizide ಬಗ್ಗೆ ಎಚ್ಚರಿಕೆ ಉಂಡಾ?,Glipizide,warnings
tulu,ಎಂಚಿನ ಮರ್ದ್‌ಲು Celecoxib ಬೊಕ್ಕ ಪರಸ್ಪರ ಕ್ರಿಯೆ ಮಲ್ಪುಂಡು?,Celecoxib,interactions
tulu,Sulfasalazine ದ ಅಡ್ಡ ಪರಿಣಾಮೊಲು ಎಂಚಿನವು?,Sulfasalazine,side_effects
kn,Telmisartan ಇತರ ಔಷಧಿಗಳೊಂದಿಗೆ ಪ್ರತಿಕ್ರಿಯಿಸಬಹುದೇ?,Telmisartan,interactions
tulu,Celecoxib ದ ಡೋಸೇಜ್ ಮಾಹಿತಿ ಎಂಚಿನದು?,Celecoxib,dosage
en,Are there any warnings about Hydroxychloroquine?,Hydroxychloroquine,warnings
en,What conditions is Ibuprofen used for?,Ibuprofen,uses
en,Tell me about Ramipril.,Ramipril,medicine_info
en,What warnings should I know about Sitagliptin?,Sitagliptin,warnings
kn,Glipizide ಇತರ ಔಷಧಿಗಳೊಂದಿಗೆ ಪ್ರತಿಕ್ರಿಯಿಸಬಹುದೇ?,Glipizide,interactions
en,What medicines can interact with Celecoxib?,Celecoxib,interactions
kn,Naproxen ಬಗ್ಗೆ ಯಾವ ಎಚ್ಚರಿಕೆಗಳನ್ನು ತಿಳಿದುಕೊಳ್ಳಬೇಕು?,Naproxen,warnings
tulu,Diclofenac ಬಗ್ಗೆ ಎಚ್ಚರಿಕೆ ಉಂಡಾ?,Diclofenac,warnings
kn,Losartan ಅನ್ನು ಯಾವುದಕ್ಕಾಗಿ ಬಳಸುತ್ತಾರೆ?,Losartan,uses
kn,Hydrochlorothiazide ಎಂದರೇನು?,Hydrochlorothiazide,medicine_info
kn,Sulfasalazine ಬಗ್ಗೆ ಮಾಹಿತಿ ನೀಡಿ.,Sulfasalazine,medicine_info
en,What is Empagliflozin used for?,Empagliflozin,uses
kn,Ramipril ಬಗ್ಗೆ ಯಾವುದೇ ಎಚ್ಚರಿಕೆಗಳಿವೆಯೇ?,Ramipril,warnings
kn,Sulfasalazine ಬಗ್ಗೆ ಯಾವುದೇ ಎಚ್ಚರಿಕೆಗಳಿವೆಯೇ?,Sulfasalazine,warnings
tulu,Sitagliptin ಯಾನ್ ಎತ್ಕ್ ಉಪಯೋಗ ಆಪುಂಡು?,Sitagliptin,uses
kn,Clonidine ಇತರ ಔಷಧಿಗಳೊಂದಿಗೆ ಪರಸ್ಪರ ಕ್ರಿಯೆ ಮಾಡುತ್ತದೆಯೇ?,Clonidine,interactions
en,Who should not take Losartan?,Losartan,contraindications
en,What problems can Sulfasalazine cause?,Sulfasalazine,side_effects
tulu,Ramipril ದಿಂದ ಎಂಚಿನ ಸಮಸ್ಯೆ ಆಪುಂಡು?,Ramipril,side_effects
tulu,Colchicine ದಿಂದ ಎಂಚಿನ ಸಮಸ್ಯೆ ಆಪುಂಡು?,Colchicine,side_effects
en,Tell me about Sulfasalazine.,Sulfasalazine,medicine_info
en,When should Hydrochlorothiazide not be used?,Hydrochlorothiazide,contraindications
tulu,Diclofenac ದ ಡೋಸೇಜ್ ಮಾಹಿತಿ ಎಂಚಿನದು?,Diclofenac,dosage
tulu,Telmisartan ದ ಅಡ್ಡ ಪರಿಣಾಮೊಲು ಎಂಚಿನವು?,Telmisartan,side_effects
en,What conditions is Metformin used for?,Metformin,uses
kn,Glimepiride ಅನ್ನು ಹೇಗೆ ತೆಗೆದುಕೊಳ್ಳಬೇಕು?,Glimepiride,dosage
kn,ಯಾವ ಔಷಧಿಗಳು Telmisartan ಜೊತೆ ಪರಸ್ಪರ ಕ್ರಿಯೆ ಮಾಡಬಹುದು?,Telmisartan,interactions
en,What do I need to know about Hydrochlorothiazide?,Hydrochlorothiazide,medicine_info
en,Can Prednisolone interact with other drugs?,Prednisolone,interactions
tulu,Amlodipine ದಿಂದ ಎಂಚಿನ ಸಮಸ್ಯೆ ಆಪುಂಡು?,Amlodipine,side_effects
en,What warnings should I know about Vildagliptin?,Vildagliptin,warnings
tulu,Telmisartan ಯಾನ್ ಎತ್ಕ್ ಉಪಯೋಗ ಆಪುಂಡು?,Telmisartan,uses
kn,Atenolol ಇತರ ಔಷಧಿಗಳೊಂದಿಗೆ ಪರಸ್ಪರ ಕ್ರಿಯೆ ಮಾಡುತ್ತದೆಯೇ?,Atenolol,interactions
kn,ಯಾರು Telmisartan ಅನ್ನು ತಪ್ಪಿಸಬೇಕು?,Telmisartan,contraindications
en,When should Glipizide not be used?,Glipizide,contraindications
kn,Insulin Glargine ಏಕೆ ಬಳಸಲಾಗುತ್ತದೆ?,Insulin Glargine,uses
kn,Dapagliflozin ಯಾವ ಕಾಯಿಲೆಗೆ ಬಳಸಲಾಗುತ್ತದೆ?,Dapagliflozin,uses
tulu,ಯಾರೆ Enalapril ಯಾನ್ ತಪ್ಪಿಸಾಯೆರೆ?,Enalapril,contraindications
kn,Glipizide ಬಗ್ಗೆ ಮಾಹಿತಿ ನೀಡಿ.,Glipizide,medicine_info
en,Are there any warnings about Losartan?,Losartan,warnings
en,Who should not take Sulfasalazine?,Sulfasalazine,contraindications
kn,Naproxen ಅಡ್ಡ ಪರಿಣಾಮಗಳನ್ನು ಉಂಟುಮಾಡಬಹುದೇ?,Naproxen,side_effects
en,Tell me about Chlorthalidone.,Chlorthalidone,medicine_info
en,What is Glimepiride used for?,Glimepiride,uses
tulu,Sulfasalazine ದೆತೊನುವಾಗ ಎಂಚಿನ ಎಚ್ಚರಿಕೆ ಕೊರ್ಲೆ?,Sulfasalazine,warnings
kn,ಯಾರು Glimepiride ಅನ್ನು ತಪ್ಪಿಸಬೇಕು?,Glimepiride,contraindications
tulu,Telmisartan ದಿಂದ ಎಂಚಿನ ಸಮಸ್ಯೆ ಆಪುಂಡು?,Telmisartan,side_effects
en,What warnings should I know about Carvedilol?,Carvedilol,warnings
en,Does Naproxen interact with other medicines?,Naproxen,interactions
kn,Metformin ಬಗ್ಗೆ ನಾನು ಏನು ತಿಳಿದುಕೊಳ್ಳಬೇಕು?,Metformin,medicine_info
tulu,Chlorthalidone ಬೇತೆ ಮರ್ದ್‌ದೊಟ್ಟುಗು ಪ್ರತಿಕ್ರಿಯೆ ಮಲ್ಪುಂಡಾ?,Chlorthalidone,interactions
en,When should Leflunomide not be used?,Leflunomide,contraindications
tulu,Sulfasalazine ಯಾನ್ ಎತ್ಕ್ ಉಪಯೋಗ ಆಪುಂಡು?,Sulfasalazine,uses
tulu,Ibuprofen ಬೇತೆ ಮರ್ದ್‌ದೊಟ್ಟುಗು ಪ್ರತಿಕ್ರಿಯೆ ಮಲ್ಪುಂಡಾ?,Ibuprofen,interactions
en,What are the side effects of Leflunomide?,Leflunomide,side_effects
tulu,ಯಾರೆ Dapagliflozin ಯಾನ್ ತಪ್ಪಿಸಾಯೆರೆ?,Dapagliflozin,contraindications
kn,Naproxen ಅನ್ನು ಯಾವಾಗ ಬಳಸಬಾರದು?,Naproxen,contraindications
tulu,Methotrexate ದೆಂದ್?,Methotrexate,medicine_info
en,What do I need to know about Celecoxib?,Celecoxib,medicine_info
tulu,Insulin Glargine ಬಗ್ಗೆ ಎಂಚಿನ ಎಚ್ಚರಿಕೆ ಉಂಡು?,Insulin Glargine,warnings
en,Can Metformin cause any side effects?,Metformin,side_effects
tulu,Pioglitazone ದಿಂದ ಎಂಚಿನ ಸಮಸ್ಯೆ ಆಪುಂಡು?,Pioglitazone,side_effects
kn,Dapagliflozin ಇತರ ಔಷಧಿಗಳೊಂದಿಗೆ ಪರಸ್ಪರ ಕ್ರಿಯೆ ಮಾಡುತ್ತದೆಯೇ?,Dapagliflozin,interactions
en,What conditions is Clonidine used for?,Clonidine,uses
tulu,Ramipril ಯಾನ್ ಎತ್ಕ್ ಉಪಯೋಗ ಆಪುಂಡು?,Ramipril,uses
kn,Sulfasalazine ಎಂದರೇನು?,Sulfasalazine,medicine_info
tulu,Hydrochlorothiazide ಬಗ್ಗೆ ಎಂಚಿನ ಎಚ್ಚರಿಕೆ ಉಂಡು?,Hydrochlorothiazide,warnings
kn,Chlorthalidone ನ ಅಡ್ಡ ಪರಿಣಾಮಗಳು ಯಾವುವು?,Chlorthalidone,side_effects
kn,Acarbose ಇತರ ಔಷಧಿಗಳೊಂದಿಗೆ ಪ್ರತಿಕ್ರಿಯಿಸಬಹುದೇ?,Acarbose,interactions
kn,ಯಾರು Pioglitazone ಅನ್ನು ತಪ್ಪಿಸಬೇಕು?,Pioglitazone,contraindications
tulu,Methotrexate ಯಾನ್ ಯಾನ್ ಸಮಯಡ್ ದೆತೊನ್ಬಾರದು?,Methotrexate,contraindications
en,Who should avoid Sitagliptin?,Sitagliptin,contraindications
tulu,Carvedilol ಬೇತೆ ಮರ್ದ್‌ದೊಟ್ಟುಗು ಪ್ರತಿಕ್ರಿಯೆ ಮಲ್ಪುಂಡಾ?,Carvedilol,interactions
kn,Empagliflozin ಬಗ್ಗೆ ಮಾಹಿತಿ ನೀಡಿ.,Empagliflozin,medicine_info
kn,Telmisartan ಬಗ್ಗೆ ಯಾವುದೇ ಎಚ್ಚರಿಕೆಗಳಿವೆಯೇ?,Telmisartan,warnings
tulu,Glimepiride ದಿಂದ ಎಂಚಿನ ಸಮಸ್ಯೆ ಆಪುಂಡು?,Glimepiride,side_effects
en,What conditions is Losartan used for?,Losartan,uses
en,Can Hydroxychloroquine interact with other drugs?,Hydroxychloroquine,interactions
en,Who should not take Ramipril?,Ramipril,contraindications
en,What is Atenolol used for?,Atenolol,uses
kn,Prednisolone ನಿಂದ ಯಾವ ಸಮಸ್ಯೆಗಳು ಉಂಟಾಗಬಹುದು?,Prednisolone,side_effects
kn,Colchicine ಅನ್ನು ಯಾವಾಗ ಬಳಸಬಾರದು?,Colchicine,contraindications
kn,Vildagliptin ಏಕೆ ಬಳಸಲಾಗುತ್ತದೆ?,Vildagliptin,uses
kn,Celecoxib ಅನ್ನು ಯಾವುದಕ್ಕಾಗಿ ಬಳಸುತ್ತಾರೆ?,Celecoxib,uses
en,Who should avoid Naproxen?,Naproxen,contraindications
kn,Empagliflozin ಏಕೆ ಬಳಸಲಾಗುತ್ತದೆ?,Empagliflozin,uses
en,What is Metformin?,Metformin,medicine_info
en,What are the side effects of Losartan?,Losartan,side_effects
en,What problems can Glipizide cause?,Glipizide,side_effects
tulu,Telmisartan ಯಾನ್ ಎತ್ ಕಾಯಿಲೆಗ್ ಉಪಯೋಗ ಆಪುಂಡು?,Telmisartan,uses
tulu,Empagliflozin ದಿಂದ ಅಡ್ಡ ಪರಿಣಾಮ ಆಪುಂಡಾ?,Empagliflozin,side_effects
en,How should Leflunomide be taken?,Leflunomide,dosage
en,How should Diclofenac be taken?,Diclofenac,dosage
kn,Ramipril ಯಾವ ಕಾಯಿಲೆಗೆ ಬಳಸಲಾಗುತ್ತದೆ?,Ramipril,uses
kn,Celecoxib ಬಗ್ಗೆ ಮಾಹಿತಿ ನೀಡಿ.,Celecoxib,medicine_info
kn,Acarbose ಎಂದರೇನು?,Acarbose,medicine_info
en,Who should not take Methotrexate?,Methotrexate,contraindications
kn,Losartan ಅನ್ನು ಯಾರು ತೆಗೆದುಕೊಳ್ಳಬಾರದು?,Losartan,contraindications
tulu,Prednisolone ದಿಂದ ಎಂಚಿನ ಸಮಸ್ಯೆ ಆಪುಂಡು?,Prednisolone,side_effects
kn,Leflunomide ಅನ್ನು ಹೇಗೆ ತೆಗೆದುಕೊಳ್ಳಬೇಕು?,Leflunomide,dosage
kn,ಯಾವ ಔಷಧಿಗಳು Glimepiride ಜೊತೆ ಪರಸ್ಪರ ಕ್ರಿಯೆ ಮಾಡಬಹುದು?,Glimepiride,interactions
tulu,Diclofenac ದೆಂದ್?,Diclofenac,medicine_info
kn,ಯಾರು Prednisolone ಅನ್ನು ತಪ್ಪಿಸಬೇಕು?,Prednisolone,contraindications
en,What medicines can interact with Methotrexate?,Methotrexate,interactions
en,Why is Insulin Glargine used?,Insulin Glargine,uses
kn,Celecoxib ಬಗ್ಗೆ ಯಾವುದೇ ಎಚ್ಚರಿಕೆಗಳಿವೆಯೇ?,Celecoxib,warnings
tulu,Diclofenac ಬಗ್ಗೆ ಎಂಚಿನ ಎಚ್ಚರಿಕೆ ಉಂಡು?,Diclofenac,warnings
tulu,Amlodipine ಯಾನ್ ಎತ್ ಕಾಯಿಲೆಗ್ ಉಪಯೋಗ ಆಪುಂಡು?,Amlodipine,uses
tulu,Glipizide ಯಾನ್ ಎತ್ ಕಾಯಿಲೆಗ್ ಉಪಯೋಗ ಆಪುಂಡು?,Glipizide,uses
kn,ಯಾವ ಔಷಧಿಗಳು Metformin ಜೊತೆ ಪರಸ್ಪರ ಕ್ರಿಯೆ ಮಾಡಬಹುದು?,Metformin,interactions
en,Can Sitagliptin cause any side effects?,Sitagliptin,side_effects
en,What problems can Hydroxychloroquine cause?,Hydroxychloroquine,side_effects
tulu,Amlodipine ಯಾನ್ ಎಂಚ ದೆತೊನ್ಬೇಕು?,Amlodipine,dosage
en,What medicines can interact with Pioglitazone?,Pioglitazone,interactions
tulu,Carvedilol ದೆಂದ್?,Carvedilol,medicine_info
tulu,ಎಂಚಿನ ಮರ್ದ್‌ಲು Sulfasalazine ಬೊಕ್ಕ ಪರಸ್ಪರ ಕ್ರಿಯೆ ಮಲ್ಪುಂಡು?,Sulfasalazine,interactions
tulu,Sulfasalazine ಬಗ್ಗೆ ಎಂಕ್ ಏನ್ ಗೊತ್ತ್ ಆಪುನ?,Sulfasalazine,medicine_info
tulu,Ibuprofen ಯಾನ್ ಯಾಕೆ ಉಪಯೋಗ ಮಲ್ಪುಂಡು?,Ibuprofen,uses
en,What conditions is Telmisartan used for?,Telmisartan,uses
tulu,Glipizide ದಿಂದ ಎಂಚಿನ ಸಮಸ್ಯೆ ಆಪುಂಡು?,Glipizide,side_effects
kn,Atenolol ಅನ್ನು ಹೇಗೆ ತೆಗೆದುಕೊಳ್ಳಬೇಕು?,Atenolol,dosage
en,How do I take Colchicine?,Colchicine,dosage
kn,Clonidine ಅನ್ನು ಯಾವುದಕ್ಕಾಗಿ ಬಳಸುತ್ತಾರೆ?,Clonidine,uses
en,What is the dosage information for Clonidine?,Clonidine,dosage
tulu,ಯಾರೆ Sitagliptin ಯಾನ್ ತಪ್ಪಿಸಾಯೆರೆ?,Sitagliptin,contraindications
kn,Carvedilol ಅಡ್ಡ ಪರಿಣಾಮಗಳನ್ನು ಉಂಟುಮಾಡಬಹುದೇ?,Carvedilol,side_effects
tulu,Vildagliptin ದೆತೊನುವಾಗ ಎಂಚಿನ ಎಚ್ಚರಿಕೆ ಕೊರ್ಲೆ?,Vildagliptin,warnings
tulu,Clonidine ಯಾನ್ ಯಾನ್ ಸಮಯಡ್ ದೆತೊನ್ಬಾರದು?,Clonidine,contraindications
en,How do I take Dapagliflozin?,Dapagliflozin,dosage
en,What should I be careful about when taking Telmisartan?,Telmisartan,warnings
kn,Amlodipine ನಿಂದ ಯಾವ ಸಮಸ್ಯೆಗಳು ಉಂಟಾಗಬಹುದು?,Amlodipine,side_effects
en,What medicines can interact with Glipizide?,Glipizide,interactions
en,What warnings should I know about Leflunomide?,Leflunomide,warnings
tulu,Naproxen ಬೊಕ್ಕ ಬೇತೆ ಮರ್ದ್‌ಲು ಒಟ್ಟುಗು ಪರಸ್ಪರ ಕ್ರಿಯೆ ಮಲ್ಪುಂಡಾ?,Naproxen,interactions
tulu,Insulin Glargine ದಿಂದ ಅಡ್ಡ ಪರಿಣಾಮ ಆಪುಂಡಾ?,Insulin Glargine,side_effects
kn,Colchicine ಇತರ ಔಷಧಿಗಳೊಂದಿಗೆ ಪರಸ್ಪರ ಕ್ರಿಯೆ ಮಾಡುತ್ತದೆಯೇ?,Colchicine,interactions
kn,Metformin ಎಂದರೇನು?,Metformin,medicine_info
tulu,ಯಾರೆ Leflunomide ಯಾನ್ ತಪ್ಪಿಸಾಯೆರೆ?,Leflunomide,contraindications
en,What medicines can interact with Atenolol?,Atenolol,interactions
kn,Acarbose ಅನ್ನು ಯಾವಾಗ ಬಳಸಬಾರದು?,Acarbose,contraindications
tulu,ಎಂಚಿನ ಮರ್ದ್‌ಲು Colchicine ಬೊಕ್ಕ ಪರಸ್ಪರ ಕ್ರಿಯೆ ಮಲ್ಪುಂಡು?,Colchicine,interactions
en,What do I need to know about Glipizide?,Glipizide,medicine_info
kn,ಯಾವ ಔಷಧಿಗಳು Sulfasalazine ಜೊತೆ ಪರಸ್ಪರ ಕ್ರಿಯೆ ಮಾಡಬಹುದು?,Sulfasalazine,interactions
kn,Sitagliptin ಇತರ ಔಷಧಿಗಳೊಂದಿಗೆ ಪ್ರತಿಕ್ರಿಯಿಸಬಹುದೇ?,Sitagliptin,interactions
kn,Amlodipine ಬಗ್ಗೆ ಯಾವುದೇ ಎಚ್ಚರಿಕೆಗಳಿವೆಯೇ?,Amlodipine,warnings
kn,Clonidine ಅನ್ನು ಯಾವಾಗ ಬಳಸಬಾರದು?,Clonidine,contraindications
kn,Hydrochlorothiazide ಇತರ ಔಷಧಿಗಳೊಂದಿಗೆ ಪ್ರತಿಕ್ರಿಯಿಸಬಹುದೇ?,Hydrochlorothiazide,interactions
en,Can Pioglitazone interact with other drugs?,Pioglitazone,interactions
kn,Leflunomide ಯಾವ ಕಾಯಿಲೆಗೆ ಬಳಸಲಾಗುತ್ತದೆ?,Leflunomide,uses
kn,Hydrochlorothiazide ನ ಡೋಸೇಜ್ ಮಾಹಿತಿ ಏನು?,Hydrochlorothiazide,dosage
kn,Amlodipine ಇತರ ಔಷಧಿಗಳೊಂದಿಗೆ ಪರಸ್ಪರ ಕ್ರಿಯೆ ಮಾಡುತ್ತದೆಯೇ?,Amlodipine,interactions
tulu,Prednisolone ದೆತೊನುವಾಗ ಎಂಚಿನ ಎಚ್ಚರಿಕೆ ಕೊರ್ಲೆ?,Prednisolone,warnings
kn,Clonidine ಅನ್ನು ಹೇಗೆ ತೆಗೆದುಕೊಳ್ಳಬೇಕು?,Clonidine,dosage
en,Does Methotrexate interact with other medicines?,Methotrexate,interactions
kn,Glipizide ಅನ್ನು ಯಾವುದಕ್ಕಾಗಿ ಬಳಸುತ್ತಾರೆ?,Glipizide,uses
tulu,Hydrochlorothiazide ದ ಡೋಸೇಜ್ ಮಾಹಿತಿ ಎಂಚಿನದು?,Hydrochlorothiazide,dosage
tulu,Telmisartan ದಿಂದ ಅಡ್ಡ ಪರಿಣಾಮ ಆಪುಂಡಾ?,Telmisartan,side_effects
tulu,Prednisolone ಬೇತೆ ಮರ್ದ್‌ದೊಟ್ಟುಗು ಪ್ರತಿಕ್ರಿಯೆ ಮಲ್ಪುಂಡಾ?,Prednisolone,interactions
kn,Colchicine ಯಾವ ಕಾಯಿಲೆಗೆ ಬಳಸಲಾಗುತ್ತದೆ?,Colchicine,uses
kn,Hydroxychloroquine ಅನ್ನು ಯಾವಾಗ ಬಳಸಬಾರದು?,Hydroxychloroquine,contraindications
kn,Atenolol ಅನ್ನು ಹೇಗೆ ಬಳಸಬೇಕು?,Atenolol,dosage
tulu,Acarbose ಯಾನ್ ಎತ್ಕ್ ಉಪಯೋಗ ಆಪುಂಡು?,Acarbose,uses
kn,Amlodipine ಅನ್ನು ಯಾರು ತೆಗೆದುಕೊಳ್ಳಬಾರದು?,Amlodipine,contraindications
kn,ಯಾವ ಔಷಧಿಗಳು Glipizide ಜೊತೆ ಪರಸ್ಪರ ಕ್ರಿಯೆ ಮಾಡಬಹುದು?,Glipizide,interactions
tulu,Leflunomide ಯಾನ್ ಎಂಚ ದೆತೊನ್ಬೇಕು?,Leflunomide,dosage
en,Can Naproxen interact with other drugs?,Naproxen,interactions
kn,Methotrexate ಅನ್ನು ಹೇಗೆ ಬಳಸಬೇಕು?,Methotrexate,dosage
tulu,Hydroxychloroquine ಬಗ್ಗೆ ಎಚ್ಚರಿಕೆ ಉಂಡಾ?,Hydroxychloroquine,warnings
kn,Losartan ಅನ್ನು ಹೇಗೆ ತೆಗೆದುಕೊಳ್ಳಬೇಕು?,Losartan,dosage
en,What are the side effects of Sulfasalazine?,Sulfasalazine,side_effects
kn,Dapagliflozin ಅನ್ನು ಯಾವುದಕ್ಕಾಗಿ ಬಳಸುತ್ತಾರೆ?,Dapagliflozin,uses
kn,ಯಾವ ಔಷಧಿಗಳು Leflunomide ಜೊತೆ ಪರಸ್ಪರ ಕ್ರಿಯೆ ಮಾಡಬಹುದು?,Leflunomide,interactions
kn,Leflunomide ಇತರ ಔಷಧಿಗಳೊಂದಿಗೆ ಪರಸ್ಪರ ಕ್ರಿಯೆ ಮಾಡುತ್ತದೆಯೇ?,Leflunomide,interactions
kn,Glimepiride ನ ಡೋಸೇಜ್ ಮಾಹಿತಿ ಏನು?,Glimepiride,dosage
en,Can Leflunomide cause any side effects?,Leflunomide,side_effects
tulu,Hydrochlorothiazide ದಿಂದ ಎಂಚಿನ ಸಮಸ್ಯೆ ಆಪುಂಡು?,Hydrochlorothiazide,side_effects
en,How should Sulfasalazine be taken?,Sulfasalazine,dosage
en,Who should avoid Pioglitazone?,Pioglitazone,contraindications
en,Can Celecoxib cause any side effects?,Celecoxib,side_effects
kn,Glimepiride ತೆಗೆದುಕೊಳ್ಳುವಾಗ ನಾನು ಯಾವುದರ ಬಗ್ಗೆ ಎಚ್ಚರಿಕೆಯಿಂದ ಇರಬೇಕು?,Glimepiride,warnings
kn,Vildagliptin ನಿಂದ ಯಾವ ಸಮಸ್ಯೆಗಳು ಉಂಟಾಗಬಹುದು?,Vildagliptin,side_effects
kn,Vildagliptin ಅನ್ನು ಯಾವಾಗ ಬಳಸಬಾರದು?,Vildagliptin,contraindications
en,Why is Metformin used?,Metformin,uses
tulu,Celecoxib ದ ಅಡ್ಡ ಪರಿಣಾಮೊಲು ಎಂಚಿನವು?,Celecoxib,side_effects
kn,Sulfasalazine ಅಡ್ಡ ಪರಿಣಾಮಗಳನ್ನು ಉಂಟುಮಾಡಬಹುದೇ?,Sulfasalazine,side_effects
tulu,ಯಾರೆ Acarbose ಯಾನ್ ತಪ್ಪಿಸಾಯೆರೆ?,Acarbose,contraindications
kn,Carvedilol ಬಗ್ಗೆ ಯಾವುದೇ ಎಚ್ಚರಿಕೆಗಳಿವೆಯೇ?,Carvedilol,warnings
tulu,Ibuprofen ದಿಂದ ಅಡ್ಡ ಪರಿಣಾಮ ಆಪುಂಡಾ?,Ibuprofen,side_effects
tulu,Celecoxib ಬಗ್ಗೆ ಎಂಕ್ ಏನ್ ಗೊತ್ತ್ ಆಪುನ?,Celecoxib,medicine_info
kn,Amlodipine ಯಾವ ಕಾಯಿಲೆಗೆ ಬಳಸಲಾಗುತ್ತದೆ?,Amlodipine,uses
kn,Celecoxib ಅನ್ನು ಯಾವಾಗ ಬಳಸಬಾರದು?,Celecoxib,contraindications
kn,ಯಾವ ಔಷಧಿಗಳು Insulin Glargine ಜೊತೆ ಪರಸ್ಪರ ಕ್ರಿಯೆ ಮಾಡಬಹುದು?,Insulin Glargine,interactions
tulu,Ibuprofen ದ ಅಡ್ಡ ಪರಿಣಾಮೊಲು ಎಂಚಿನವು?,Ibuprofen,side_effects
tulu,Ramipril ಯಾನ್ ಯಾರೆ ದೆತೊನ್ಬಾರದು?,Ramipril,contraindications
kn,Enalapril ಬಗ್ಗೆ ಮಾಹಿತಿ ನೀಡಿ.,Enalapril,medicine_info
en,How do I take Diclofenac?,Diclofenac,dosage
en,How do I take Carvedilol?,Carvedilol,dosage
kn,Sulfasalazine ನ ಅಡ್ಡ ಪರಿಣಾಮಗಳು ಯಾವುವು?,Sulfasalazine,side_effects
en,How should Pioglitazone be taken?,Pioglitazone,dosage
tulu,Chlorthalidone ದೆಂದ್?,Chlorthalidone,medicine_info
kn,Prednisolone ಯಾವ ಕಾಯಿಲೆಗೆ ಬಳಸಲಾಗುತ್ತದೆ?,Prednisolone,uses
en,Who should not take Vildagliptin?,Vildagliptin,contraindications
kn,Ibuprofen ಇತರ ಔಷಧಿಗಳೊಂದಿಗೆ ಪ್ರತಿಕ್ರಿಯಿಸಬಹುದೇ?,Ibuprofen,interactions
en,What is Acarbose?,Acarbose,medicine_info
tulu,Methotrexate ಯಾನ್ ಎತ್ಕ್ ಉಪಯೋಗ ಆಪುಂಡು?,Methotrexate,uses
en,What conditions is Diclofenac used for?,Diclofenac,uses
en,Does Hydroxychloroquine interact with other medicines?,Hydroxychloroquine,interactions
en,How do I take Amlodipine?,Amlodipine,dosage
tulu,Glipizide ಯಾನ್ ಎತ್ಕ್ ಉಪಯೋಗ ಆಪುಂಡು?,Glipizide,uses
en,Are there any warnings about Hydrochlorothiazide?,Hydrochlorothiazide,warnings
tulu,Telmisartan ದ ಡೋಸೇಜ್ ಮಾಹಿತಿ ಎಂಚಿನದು?,Telmisartan,dosage
kn,Methotrexate ನ ಡೋಸೇಜ್ ಮಾಹಿತಿ ಏನು?,Methotrexate,dosage
tulu,Celecoxib ದೆಂದ್?,Celecoxib,medicine_info
tulu,Dapagliflozin ದ ಬಗ್ಗೆ ಮಾಹಿತಿ ಕೊರ್ಲೆ.,Dapagliflozin,medicine_info
kn,Atenolol ಇತರ ಔಷಧಿಗಳೊಂದಿಗೆ ಪ್ರತಿಕ್ರಿಯಿಸಬಹುದೇ?,Atenolol,interactions
kn,Colchicine ಅಡ್ಡ ಪರಿಣಾಮಗಳನ್ನು ಉಂಟುಮಾಡಬಹುದೇ?,Colchicine,side_effects
kn,Metformin ನ ಅಡ್ಡ ಪರಿಣಾಮಗಳು ಯಾವುವು?,Metformin,side_effects
tulu,Dapagliflozin ಬೇತೆ ಮರ್ದ್‌ದೊಟ್ಟುಗು ಪ್ರತಿಕ್ರಿಯೆ ಮಲ್ಪುಂಡಾ?,Dapagliflozin,interactions
kn,ಯಾವ ಔಷಧಿಗಳು Atenolol ಜೊತೆ ಪರಸ್ಪರ ಕ್ರಿಯೆ ಮಾಡಬಹುದು?,Atenolol,interactions
en,What is Clonidine used for?,Clonidine,uses
kn,Insulin Glargine ಅಡ್ಡ ಪರಿಣಾಮಗಳನ್ನು ಉಂಟುಮಾಡಬಹುದೇ?,Insulin Glargine,side_effects
en,What is the dosage information for Chlorthalidone?,Chlorthalidone,dosage
kn,Metformin ತೆಗೆದುಕೊಳ್ಳುವಾಗ ನಾನು ಯಾವುದರ ಬಗ್ಗೆ ಎಚ್ಚರಿಕೆಯಿಂದ ಇರಬೇಕು?,Metformin,warnings
kn,Prednisolone ಅನ್ನು ಯಾರು ತೆಗೆದುಕೊಳ್ಳಬಾರದು?,Prednisolone,contraindications
en,What is the dosage information for Prednisolone?,Prednisolone,dosage
en,How do I take Acarbose?,Acarbose,dosage
kn,Metformin ಏಕೆ ಬಳಸಲಾಗುತ್ತದೆ?,Metformin,uses
tulu,Pioglitazone ಯಾನ್ ಎಂಚ ದೆತೊನ್ಬೇಕು?,Pioglitazone,dosage
tulu,Carvedilol ಯಾನ್ ಎತ್ಕ್ ಉಪಯೋಗ ಆಪುಂಡು?,Carvedilol,uses
en,Can Dapagliflozin cause any side effects?,Dapagliflozin,side_effects
en,Who should avoid Ramipril?,Ramipril,contraindications
kn,Acarbose ಅನ್ನು ಯಾವುದಕ್ಕಾಗಿ ಬಳಸುತ್ತಾರೆ?,Acarbose,uses
tulu,Enalapril ದೆಂದ್?,Enalapril,medicine_info
kn,Naproxen ಬಗ್ಗೆ ಯಾವುದೇ ಎಚ್ಚರಿಕೆಗಳಿವೆಯೇ?,Naproxen,warnings
tulu,ಎಂಚಿನ ಮರ್ದ್‌ಲು Vildagliptin ಬೊಕ್ಕ ಪರಸ್ಪರ ಕ್ರಿಯೆ ಮಲ್ಪುಂಡು?,Vildagliptin,interactions
en,Can Losartan interact with other drugs?,Losartan,interactions
tulu,Metformin ದ ಡೋಸೇಜ್ ಮಾಹಿತಿ ಎಂಚಿನದು?,Metformin,dosage
kn,Empagliflozin ಬಗ್ಗೆ ನಾನು ಏನು ತಿಳಿದುಕೊಳ್ಳಬೇಕು?,Empagliflozin,medicine_info
tulu,Colchicine ದ ಅಡ್ಡ ಪರಿಣಾಮೊಲು ಎಂಚಿನವು?,Colchicine,side_effects
tulu,ಯಾರೆ Telmisartan ಯಾನ್ ತಪ್ಪಿಸಾಯೆರೆ?,Telmisartan,contraindications
tulu,Methotrexate ದಿಂದ ಅಡ್ಡ ಪರಿಣಾಮ ಆಪುಂಡಾ?,Methotrexate,side_effects
kn,Glimepiride ಬಗ್ಗೆ ನಾನು ಏನು ತಿಳಿದುಕೊಳ್ಳಬೇಕು?,Glimepiride,medicine_info
tulu,Telmisartan ದೆತೊನುವಾಗ ಎಂಚಿನ ಎಚ್ಚರಿಕೆ ಕೊರ್ಲೆ?,Telmisartan,warnings
en,What is Amlodipine?,Amlodipine,medicine_info
kn,Colchicine ಅನ್ನು ಯಾರು ತೆಗೆದುಕೊಳ್ಳಬಾರದು?,Colchicine,contraindications
kn,Diclofenac ನ ಡೋಸೇಜ್ ಮಾಹಿತಿ ಏನು?,Diclofenac,dosage
tulu,Hydrochlorothiazide ದೆಂದ್?,Hydrochlorothiazide,medicine_info
kn,Telmisartan ಏಕೆ ಬಳಸಲಾಗುತ್ತದೆ?,Telmisartan,uses
kn,Prednisolone ಬಗ್ಗೆ ಮಾಹಿತಿ ನೀಡಿ.,Prednisolone,medicine_info
en,Who should avoid Colchicine?,Colchicine,contraindications
en,Can Insulin Glargine interact with other drugs?,Insulin Glargine,interactions
en,When should Losartan not be used?,Losartan,contraindications
en,Can Glipizide interact with other drugs?,Glipizide,interactions
kn,Ibuprofen ಎಂದರೇನು?,Ibuprofen,medicine_info
en,Are there any warnings about Metformin?,Metformin,warnings
en,Does Ramipril interact with other medicines?,Ramipril,interactions
kn,Telmisartan ಬಗ್ಗೆ ಯಾವ ಎಚ್ಚರಿಕೆಗಳನ್ನು ತಿಳಿದುಕೊಳ್ಳಬೇಕು?,Telmisartan,warnings
kn,Empagliflozin ಅನ್ನು ಯಾರು ತೆಗೆದುಕೊಳ್ಳಬಾರದು?,Empagliflozin,contraindications
kn,Hydrochlorothiazide ಬಗ್ಗೆ ಮಾಹಿತಿ ನೀಡಿ.,Hydrochlorothiazide,medicine_info
kn,Chlorthalidone ಬಗ್ಗೆ ನಾನು ಏನು ತಿಳಿದುಕೊಳ್ಳಬೇಕು?,Chlorthalidone,medicine_info
tulu,Naproxen ಯಾನ್ ಎಂಚ ಉಪಯೋಗ ಮಲ್ಪುಲೆ?,Naproxen,dosage
kn,Ramipril ಏಕೆ ಬಳಸಲಾಗುತ್ತದೆ?,Ramipril,uses
en,What is the dosage information for Metformin?,Metformin,dosage
kn,ಯಾವ ಔಷಧಿಗಳು Chlorthalidone ಜೊತೆ ಪರಸ್ಪರ ಕ್ರಿಯೆ ಮಾಡಬಹುದು?,Chlorthalidone,interactions
kn,Prednisolone ತೆಗೆದುಕೊಳ್ಳುವಾಗ ನಾನು ಯಾವುದರ ಬಗ್ಗೆ ಎಚ್ಚರಿಕೆಯಿಂದ ಇರಬೇಕು?,Prednisolone,warnings
tulu,Colchicine ಬೊಕ್ಕ ಬೇತೆ ಮರ್ದ್‌ಲು ಒಟ್ಟುಗು ಪರಸ್ಪರ ಕ್ರಿಯೆ ಮಲ್ಪುಂಡಾ?,Colchicine,interactions
en,Who should not take Clonidine?,Clonidine,contraindications
kn,Colchicine ಬಗ್ಗೆ ಮಾಹಿತಿ ನೀಡಿ.,Colchicine,medicine_info
kn,Losartan ಅನ್ನು ಹೇಗೆ ಬಳಸಬೇಕು?,Losartan,dosage
en,Who should avoid Ibuprofen?,Ibuprofen,contraindications
en,What is Acarbose used for?,Acarbose,uses
en,What should I be careful about when taking Insulin Glargine?,Insulin Glargine,warnings
en,Why is Sulfasalazine used?,Sulfasalazine,uses
tulu,Ramipril ಬೇತೆ ಮರ್ದ್‌ದೊಟ್ಟುಗು ಪ್ರತಿಕ್ರಿಯೆ ಮಲ್ಪುಂಡಾ?,Ramipril,interactions
tulu,Hydrochlorothiazide ದೆತೊನುವಾಗ ಎಂಚಿನ ಎಚ್ಚರಿಕೆ ಕೊರ್ಲೆ?,Hydrochlorothiazide,warnings
en,Does Carvedilol interact with other medicines?,Carvedilol,interactions
tulu,Prednisolone ಯಾನ್ ಎಂಚ ಉಪಯೋಗ ಮಲ್ಪುಲೆ?,Prednisolone,dosage
kn,ಯಾರು Chlorthalidone ಅನ್ನು ತಪ್ಪಿಸಬೇಕು?,Chlorthalidone,contraindications
en,What are the side effects of Amlodipine?,Amlodipine,side_effects
kn,Chlorthalidone ಅನ್ನು ಹೇಗೆ ತೆಗೆದುಕೊಳ್ಳಬೇಕು?,Chlorthalidone,dosage
en,What is Chlorthalidone?,Chlorthalidone,medicine_info
kn,Naproxen ಯಾವ ಕಾಯಿಲೆಗೆ ಬಳಸಲಾಗುತ್ತದೆ?,Naproxen,uses
en,What warnings should I know about Hydroxychloroquine?,Hydroxychloroquine,warnings
kn,Leflunomide ಬಗ್ಗೆ ಯಾವುದೇ ಎಚ್ಚರಿಕೆಗಳಿವೆಯೇ?,Leflunomide,warnings
en,Who should avoid Carvedilol?,Carvedilol,contraindications
en,How should Methotrexate be taken?,Methotrexate,dosage
tulu,Clonidine ಬಗ್ಗೆ ಎಚ್ಚರಿಕೆ ಉಂಡಾ?,Clonidine,warnings
kn,Enalapril ಬಗ್ಗೆ ನಾನು ಏನು ತಿಳಿದುಕೊಳ್ಳಬೇಕು?,Enalapril,medicine_info
tulu,Prednisolone ಬಗ್ಗೆ ಎಂಚಿನ ಎಚ್ಚರಿಕೆ ಉಂಡು?,Prednisolone,warnings
tulu,Diclofenac ಯಾನ್ ಎಂಚ ದೆತೊನ್ಬೇಕು?,Diclofenac,dosage
tulu,ಯಾರೆ Ibuprofen ಯಾನ್ ತಪ್ಪಿಸಾಯೆರೆ?,Ibuprofen,contraindications
kn,Ibuprofen ಬಗ್ಗೆ ಯಾವುದೇ ಎಚ್ಚರಿಕೆಗಳಿವೆಯೇ?,Ibuprofen,warnings
en,What warnings should I know about Glimepiride?,Glimepiride,warnings
kn,Atenolol ಅನ್ನು ಯಾವುದಕ್ಕಾಗಿ ಬಳಸುತ್ತಾರೆ?,Atenolol,uses
en,What do I need to know about Glimepiride?,Glimepiride,medicine_info
kn,Hydrochlorothiazide ಯಾವ ಕಾಯಿಲೆಗೆ ಬಳಸಲಾಗುತ್ತದೆ?,Hydrochlorothiazide,uses
en,How do I take Chlorthalidone?,Chlorthalidone,dosage
tulu,Carvedilol ದ ಡೋಸೇಜ್ ಮಾಹಿತಿ ಎಂಚಿನದು?,Carvedilol,dosage
kn,Atenolol ಅಡ್ಡ ಪರಿಣಾಮಗಳನ್ನು ಉಂಟುಮಾಡಬಹುದೇ?,Atenolol,side_effects
kn,Sitagliptin ಯಾವ ಕಾಯಿಲೆಗೆ ಬಳಸಲಾಗುತ್ತದೆ?,Sitagliptin,uses
kn,Clonidine ತೆಗೆದುಕೊಳ್ಳುವಾಗ ನಾನು ಯಾವುದರ ಬಗ್ಗೆ ಎಚ್ಚರಿಕೆಯಿಂದ ಇರಬೇಕು?,Clonidine,warnings
tulu,Glimepiride ಯಾನ್ ಯಾಕೆ ಉಪಯೋಗ ಮಲ್ಪುಂಡು?,Glimepiride,uses
kn,Celecoxib ಇತರ ಔಷಧಿಗಳೊಂದಿಗೆ ಪ್ರತಿಕ್ರಿಯಿಸಬಹುದೇ?,Celecoxib,interactions
en,Can Methotrexate interact with other drugs?,Methotrexate,interactions
en,What conditions is Sulfasalazine used for?,Sulfasalazine,uses
en,What is the dosage information for Diclofenac?,Diclofenac,dosage
en,What is the dosage information for Hydrochlorothiazide?,Hydrochlorothiazide,dosage
en,What is Colchicine?,Colchicine,medicine_info
tulu,Insulin Glargine ಯಾನ್ ಯಾನ್ ಸಮಯಡ್ ದೆತೊನ್ಬಾರದು?,Insulin Glargine,contraindications
en,Tell me about Hydroxychloroquine.,Hydroxychloroquine,medicine_info
en,Why is Enalapril used?,Enalapril,uses
en,What is the dosage information for Losartan?,Losartan,dosage
en,Who should not take Celecoxib?,Celecoxib,contraindications
en,What is Ibuprofen used for?,Ibuprofen,uses
en,When should Celecoxib not be used?,Celecoxib,contraindications
tulu,Metformin ದ ಅಡ್ಡ ಪರಿಣಾಮೊಲು ಎಂಚಿನವು?,Metformin,side_effects
tulu,Ibuprofen ಯಾನ್ ಎಂಚ ಉಪಯೋಗ ಮಲ್ಪುಲೆ?,Ibuprofen,dosage
tulu,Hydrochlorothiazide ಯಾನ್ ಯಾನ್ ಸಮಯಡ್ ದೆತೊನ್ಬಾರದು?,Hydrochlorothiazide,contraindications
tulu,Naproxen ದ ಡೋಸೇಜ್ ಮಾಹಿತಿ ಎಂಚಿನದು?,Naproxen,dosage
kn,ಯಾವ ಔಷಧಿಗಳು Diclofenac ಜೊತೆ ಪರಸ್ಪರ ಕ್ರಿಯೆ ಮಾಡಬಹುದು?,Diclofenac,interactions
tulu,Insulin Glargine ಬೇತೆ ಮರ್ದ್‌ದೊಟ್ಟುಗು ಪ್ರತಿಕ್ರಿಯೆ ಮಲ್ಪುಂಡಾ?,Insulin Glargine,interactions
kn,ಯಾವ ಔಷಧಿಗಳು Hydrochlorothiazide ಜೊತೆ ಪರಸ್ಪರ ಕ್ರಿಯೆ ಮಾಡಬಹುದು?,Hydrochlorothiazide,interactions
en,What conditions is Sitagliptin used for?,Sitagliptin,uses
kn,Chlorthalidone ಇತರ ಔಷಧಿಗಳೊಂದಿಗೆ ಪ್ರತಿಕ್ರಿಯಿಸಬಹುದೇ?,Chlorthalidone,interactions
en,Tell me about Clonidine.,Clonidine,medicine_info
en,What warnings should I know about Dapagliflozin?,Dapagliflozin,warnings
en,When should Vildagliptin not be used?,Vildagliptin,contraindications
en,How do I take Pioglitazone?,Pioglitazone,dosage
tulu,Dapagliflozin ದೆತೊನುವಾಗ ಎಂಚಿನ ಎಚ್ಚರಿಕೆ ಕೊರ್ಲೆ?,Dapagliflozin,warnings
kn,Clonidine ಅಡ್ಡ ಪರಿಣಾಮಗಳನ್ನು ಉಂಟುಮಾಡಬಹುದೇ?,Clonidine,side_effects
kn,Insulin Glargine ಅನ್ನು ಹೇಗೆ ತೆಗೆದುಕೊಳ್ಳಬೇಕು?,Insulin Glargine,dosage
kn,Dapagliflozin ಅನ್ನು ಯಾವಾಗ ಬಳಸಬಾರದು?,Dapagliflozin,contraindications
en,What is Naproxen?,Naproxen,medicine_info
kn,Telmisartan ಅನ್ನು ಯಾವುದಕ್ಕಾಗಿ ಬಳಸುತ್ತಾರೆ?,Telmisartan,uses
kn,Leflunomide ಅನ್ನು ಯಾವುದಕ್ಕಾಗಿ ಬಳಸುತ್ತಾರೆ?,Leflunomide,uses
tulu,Glimepiride ಯಾನ್ ಯಾನ್ ಸಮಯಡ್ ದೆತೊನ್ಬಾರದು?,Glimepiride,contraindications
kn,ಯಾರು Vildagliptin ಅನ್ನು ತಪ್ಪಿಸಬೇಕು?,Vildagliptin,contraindications
kn,Pioglitazone ಅನ್ನು ಯಾವುದಕ್ಕಾಗಿ ಬಳಸುತ್ತಾರೆ?,Pioglitazone,uses
en,What should I be careful about when taking Celecoxib?,Celecoxib,warnings
kn,Clonidine ಯಾವ ಕಾಯಿಲೆಗೆ ಬಳಸಲಾಗುತ್ತದೆ?,Clonidine,uses
tulu,Ramipril ಯಾನ್ ಯಾಕೆ ಉಪಯೋಗ ಮಲ್ಪುಂಡು?,Ramipril,uses
kn,Chlorthalidone ಅನ್ನು ಯಾರು ತೆಗೆದುಕೊಳ್ಳಬಾರದು?,Chlorthalidone,contraindications
tulu,Chlorthalidone ಯಾನ್ ಯಾರೆ ದೆತೊನ್ಬಾರದು?,Chlorthalidone,contraindications
en,What is Clonidine?,Clonidine,medicine_info
tulu,ಎಂಚಿನ ಮರ್ದ್‌ಲು Glipizide ಬೊಕ್ಕ ಪರಸ್ಪರ ಕ್ರಿಯೆ ಮಲ್ಪುಂಡು?,Glipizide,interactions
tulu,ಯಾರೆ Naproxen ಯಾನ್ ತಪ್ಪಿಸಾಯೆರೆ?,Naproxen,contraindications
en,What is Glipizide?,Glipizide,medicine_info
en,Can Colchicine interact with other drugs?,Colchicine,interactions
tulu,Empagliflozin ದಿಂದ ಎಂಚಿನ ಸಮಸ್ಯೆ ಆಪುಂಡು?,Empagliflozin,side_effects
en,What is Sitagliptin?,Sitagliptin,medicine_info
tulu,ಯಾರೆ Glimepiride ಯಾನ್ ತಪ್ಪಿಸಾಯೆರೆ?,Glimepiride,contraindications
kn,Ramipril ನ ಡೋಸೇಜ್ ಮಾಹಿತಿ ಏನು?,Ramipril,dosage
tulu,Glipizide ದ ಡೋಸೇಜ್ ಮಾಹಿತಿ ಎಂಚಿನದು?,Glipizide,dosage
tulu,Hydroxychloroquine ದ ಅಡ್ಡ ಪರಿಣಾಮೊಲು ಎಂಚಿನವು?,Hydroxychloroquine,side_effects
tulu,Diclofenac ಯಾನ್ ಎತ್ ಕಾಯಿಲೆಗ್ ಉಪಯೋಗ ಆಪುಂಡು?,Diclofenac,uses
kn,Glimepiride ಅನ್ನು ಹೇಗೆ ಬಳಸಬೇಕು?,Glimepiride,dosage
tulu,ಯಾರೆ Hydrochlorothiazide ಯಾನ್ ತಪ್ಪಿಸಾಯೆರೆ?,Hydrochlorothiazide,contraindications
tulu,Pioglitazone ಬಗ್ಗೆ ಎಂಚಿನ ಎಚ್ಚರಿಕೆ ಉಂಡು?,Pioglitazone,warnings
kn,Losartan ಏಕೆ ಬಳಸಲಾಗುತ್ತದೆ?,Losartan,uses
tulu,Ibuprofen ಬಗ್ಗೆ ಎಚ್ಚರಿಕೆ ಉಂಡಾ?,Ibuprofen,warnings
en,Tell me about Leflunomide.,Leflunomide,medicine_info
kn,Carvedilol ಎಂದರೇನು?,Carvedilol,medicine_info
tulu,Hydroxychloroquine ಬೇತೆ ಮರ್ದ್‌ದೊಟ್ಟುಗು ಪ್ರತಿಕ್ರಿಯೆ ಮಲ್ಪುಂಡಾ?,Hydroxychloroquine,interactions
en,When should Glimepiride not be used?,Glimepiride,contraindications
tulu,Empagliflozin ಬೊಕ್ಕ ಬೇತೆ ಮರ್ದ್‌ಲು ಒಟ್ಟುಗು ಪರಸ್ಪರ ಕ್ರಿಯೆ ಮಲ್ಪುಂಡಾ?,Empagliflozin,interactions
en,What is Empagliflozin?,Empagliflozin,medicine_info
kn,Telmisartan ಅನ್ನು ಯಾವಾಗ ಬಳಸಬಾರದು?,Telmisartan,contraindications
en,What is the dosage information for Ramipril?,Ramipril,dosage
en,What is the dosage information for Leflunomide?,Leflunomide,dosage
kn,ಯಾವ ಔಷಧಿಗಳು Empagliflozin ಜೊತೆ ಪರಸ್ಪರ ಕ್ರಿಯೆ ಮಾಡಬಹುದು?,Empagliflozin,interactions
kn,Celecoxib ತೆಗೆದುಕೊಳ್ಳುವಾಗ ನಾನು ಯಾವುದರ ಬಗ್ಗೆ ಎಚ್ಚರಿಕೆಯಿಂದ ಇರಬೇಕು?,Celecoxib,warnings
kn,Ibuprofen ಏಕೆ ಬಳಸಲಾಗುತ್ತದೆ?,Ibuprofen,uses
en,What medicines can interact with Ibuprofen?,Ibuprofen,interactions
tulu,Clonidine ದ ಅಡ್ಡ ಪರಿಣಾಮೊಲು ಎಂಚಿನವು?,Clonidine,side_effects
en,What is Enalapril used for?,Enalapril,uses
kn,Amlodipine ಬಗ್ಗೆ ನಾನು ಏನು ತಿಳಿದುಕೊಳ್ಳಬೇಕು?,Amlodipine,medicine_info
kn,Prednisolone ಅನ್ನು ಹೇಗೆ ಬಳಸಬೇಕು?,Prednisolone,dosage
tulu,Colchicine ಯಾನ್ ಯಾರೆ ದೆತೊನ್ಬಾರದು?,Colchicine,contraindications
tulu,Naproxen ಯಾನ್ ಯಾರೆ ದೆತೊನ್ಬಾರದು?,Naproxen,contraindications
kn,Atenolol ನಿಂದ ಯಾವ ಸಮಸ್ಯೆಗಳು ಉಂಟಾಗಬಹುದು?,Atenolol,side_effects
kn,Acarbose ಯಾವ ಕಾಯಿಲೆಗೆ ಬಳಸಲಾಗುತ್ತದೆ?,Acarbose,uses
tulu,Methotrexate ದಿಂದ ಎಂಚಿನ ಸಮಸ್ಯೆ ಆಪುಂಡು?,Methotrexate,side_effects
kn,Ibuprofen ತೆಗೆದುಕೊಳ್ಳುವಾಗ ನಾನು ಯಾವುದರ ಬಗ್ಗೆ ಎಚ್ಚರಿಕೆಯಿಂದ ಇರಬೇಕು?,Ibuprofen,warnings
en,What is Amlodipine used for?,Amlodipine,uses
en,What is Atenolol?,Atenolol,medicine_info
tulu,Insulin Glargine ದಿಂದ ಎಂಚಿನ ಸಮಸ್ಯೆ ಆಪುಂಡು?,Insulin Glargine,side_effects
kn,ಯಾರು Atenolol ಅನ್ನು ತಪ್ಪಿಸಬೇಕು?,Atenolol,contraindications
kn,ಯಾರು Celecoxib ಅನ್ನು ತಪ್ಪಿಸಬೇಕು?,Celecoxib,contraindications
en,Tell me about Vildagliptin.,Vildagliptin,medicine_info
kn,Methotrexate ಅನ್ನು ಯಾವುದಕ್ಕಾಗಿ ಬಳಸುತ್ತಾರೆ?,Methotrexate,uses
tulu,Hydrochlorothiazide ಯಾನ್ ಎತ್ ಕಾಯಿಲೆಗ್ ಉಪಯೋಗ ಆಪುಂಡು?,Hydrochlorothiazide,uses
en,What are the side effects of Dapagliflozin?,Dapagliflozin,side_effects
tulu,Atenolol ಬೇತೆ ಮರ್ದ್‌ದೊಟ್ಟುಗು ಪ್ರತಿಕ್ರಿಯೆ ಮಲ್ಪುಂಡಾ?,Atenolol,interactions
tulu,Leflunomide ಯಾನ್ ಯಾನ್ ಸಮಯಡ್ ದೆತೊನ್ಬಾರದು?,Leflunomide,contraindications
tulu,Ramipril ದಿಂದ ಅಡ್ಡ ಪರಿಣಾಮ ಆಪುಂಡಾ?,Ramipril,side_effects
en,Why is Carvedilol used?,Carvedilol,uses
tulu,Losartan ಯಾನ್ ಎಂಚ ದೆತೊನ್ಬೇಕು?,Losartan,dosage
en,What warnings should I know about Amlodipine?,Amlodipine,warnings
tulu,Empagliflozin ದ ಡೋಸೇಜ್ ಮಾಹಿತಿ ಎಂಚಿನದು?,Empagliflozin,dosage
kn,ಯಾವ ಔಷಧಿಗಳು Clonidine ಜೊತೆ ಪರಸ್ಪರ ಕ್ರಿಯೆ ಮಾಡಬಹುದು?,Clonidine,interactions
kn,ಯಾವ ಔಷಧಿಗಳು Enalapril ಜೊತೆ ಪರಸ್ಪರ ಕ್ರಿಯೆ ಮಾಡಬಹುದು?,Enalapril,interactions
tulu,Atenolol ಯಾನ್ ಯಾರೆ ದೆತೊನ್ಬಾರದು?,Atenolol,contraindications
tulu,Losartan ಯಾನ್ ಯಾನ್ ಸಮಯಡ್ ದೆತೊನ್ಬಾರದು?,Losartan,contraindications
en,Why is Empagliflozin used?,Empagliflozin,uses
kn,Insulin Glargine ಬಗ್ಗೆ ಮಾಹಿತಿ ನೀಡಿ.,Insulin Glargine,medicine_info
tulu,ಯಾರೆ Sulfasalazine ಯಾನ್ ತಪ್ಪಿಸಾಯೆರೆ?,Sulfasalazine,contraindications
tulu,Acarbose ಯಾನ್ ಯಾಕೆ ಉಪಯೋಗ ಮಲ್ಪುಂಡು?,Acarbose,uses
tulu,Prednisolone ಯಾನ್ ಯಾಕೆ ಉಪಯೋಗ ಮಲ್ಪುಂಡು?,Prednisolone,uses
tulu,Glimepiride ಯಾನ್ ಎತ್ ಕಾಯಿಲೆಗ್ ಉಪಯೋಗ ಆಪುಂಡು?,Glimepiride,uses
en,Does Telmisartan interact with other medicines?,Telmisartan,interactions
kn,Metformin ಅನ್ನು ಹೇಗೆ ಬಳಸಬೇಕು?,Metformin,dosage
tulu,ಎಂಚಿನ ಮರ್ದ್‌ಲು Leflunomide ಬೊಕ್ಕ ಪರಸ್ಪರ ಕ್ರಿಯೆ ಮಲ್ಪುಂಡು?,Leflunomide,interactions
kn,Enalapril ನಿಂದ ಯಾವ ಸಮಸ್ಯೆಗಳು ಉಂಟಾಗಬಹುದು?,Enalapril,side_effects
tulu,Clonidine ಯಾನ್ ಯಾರೆ ದೆತೊನ್ಬಾರದು?,Clonidine,contraindications
kn,Diclofenac ನಿಂದ ಯಾವ ಸಮಸ್ಯೆಗಳು ಉಂಟಾಗಬಹುದು?,Diclofenac,side_effects
tulu,Clonidine ದ ಡೋಸೇಜ್ ಮಾಹಿತಿ ಎಂಚಿನದು?,Clonidine,dosage
en,What warnings should I know about Telmisartan?,Telmisartan,warnings
en,Can Losartan cause any side effects?,Losartan,side_effects
en,What problems can Diclofenac cause?,Diclofenac,side_effects
tulu,Sitagliptin ಬಗ್ಗೆ ಎಂಕ್ ಏನ್ ಗೊತ್ತ್ ಆಪುನ?,Sitagliptin,medicine_info
tulu,ಎಂಚಿನ ಮರ್ದ್‌ಲು Atenolol ಬೊಕ್ಕ ಪರಸ್ಪರ ಕ್ರಿಯೆ ಮಲ್ಪುಂಡು?,Atenolol,interactions
en,What is Hydrochlorothiazide?,Hydrochlorothiazide,medicine_info
en,Can Hydrochlorothiazide cause any side effects?,Hydrochlorothiazide,side_effects
en,Tell me about Celecoxib.,Celecoxib,medicine_info
en,Why is Naproxen used?,Naproxen,uses
kn,Hydroxychloroquine ಅನ್ನು ಹೇಗೆ ತೆಗೆದುಕೊಳ್ಳಬೇಕು?,Hydroxychloroquine,dosage
kn,ಯಾರು Ramipril ಅನ್ನು ತಪ್ಪಿಸಬೇಕು?,Ramipril,contraindications
en,How should Prednisolone be taken?,Prednisolone,dosage
en,What are the side effects of Colchicine?,Colchicine,side_effects
kn,Dapagliflozin ಅನ್ನು ಯಾರು ತೆಗೆದುಕೊಳ್ಳಬಾರದು?,Dapagliflozin,contraindications
en,What are the side effects of Ibuprofen?,Ibuprofen,side_effects
tulu,Prednisolone ದೆಂದ್?,Prednisolone,medicine_info
kn,Enalapril ಎಂದರೇನು?,Enalapril,medicine_info
tulu,Ibuprofen ದೆತೊನುವಾಗ ಎಂಚಿನ ಎಚ್ಚರಿಕೆ ಕೊರ್ಲೆ?,Ibuprofen,warnings
en,What should I be careful about when taking Chlorthalidone?,Chlorthalidone,warnings
en,What warnings should I know about Clonidine?,Clonidine,warnings
kn,Pioglitazone ಅನ್ನು ಯಾರು ತೆಗೆದುಕೊಳ್ಳಬಾರದು?,Pioglitazone,contraindications
kn,Pioglitazone ಅನ್ನು ಯಾವಾಗ ಬಳಸಬಾರದು?,Pioglitazone,contraindications
en,Are there any warnings about Chlorthalidone?,Chlorthalidone,warnings
en,What conditions is Acarbose used for?,Acarbose,uses
en,Can Leflunomide interact with other drugs?,Leflunomide,interactions
tulu,Vildagliptin ದ ಡೋಸೇಜ್ ಮಾಹಿತಿ ಎಂಚಿನದು?,Vildagliptin,dosage
tulu,Celecoxib ಯಾನ್ ಎತ್ಕ್ ಉಪಯೋಗ ಆಪುಂಡು?,Celecoxib,uses
kn,Telmisartan ಇತರ ಔಷಧಿಗಳೊಂದಿಗೆ ಪರಸ್ಪರ ಕ್ರಿಯೆ ಮಾಡುತ್ತದೆಯೇ?,Telmisartan,interactions
en,What do I need to know about Empagliflozin?,Empagliflozin,medicine_info
en,What conditions is Glipizide used for?,Glipizide,uses
kn,Hydroxychloroquine ಯಾವ ಕಾಯಿಲೆಗೆ ಬಳಸಲಾಗುತ್ತದೆ?,Hydroxychloroquine,uses
tulu,Sulfasalazine ದಿಂದ ಎಂಚಿನ ಸಮಸ್ಯೆ ಆಪುಂಡು?,Sulfasalazine,side_effects
tulu,Insulin Glargine ಯಾನ್ ಎಂಚ ದೆತೊನ್ಬೇಕು?,Insulin Glargine,dosage
en,What do I need to know about Ramipril?,Ramipril,medicine_info
en,Does Empagliflozin interact with other medicines?,Empagliflozin,interactions
kn,Glipizide ಅನ್ನು ಹೇಗೆ ತೆಗೆದುಕೊಳ್ಳಬೇಕು?,Glipizide,dosage
tulu,Hydrochlorothiazide ಯಾನ್ ಯಾಕೆ ಉಪಯೋಗ ಮಲ್ಪುಂಡು?,Hydrochlorothiazide,uses
tulu,Losartan ಬಗ್ಗೆ ಎಂಕ್ ಏನ್ ಗೊತ್ತ್ ಆಪುನ?,Losartan,medicine_info
tulu,Celecoxib ಯಾನ್ ಯಾನ್ ಸಮಯಡ್ ದೆತೊನ್ಬಾರದು?,Celecoxib,contraindications
en,Why is Hydroxychloroquine used?,Hydroxychloroquine,uses
en,Are there any warnings about Prednisolone?,Prednisolone,warnings
tulu,Sitagliptin ಬೊಕ್ಕ ಬೇತೆ ಮರ್ದ್‌ಲು ಒಟ್ಟುಗು ಪರಸ್ಪರ ಕ್ರಿಯೆ ಮಲ್ಪುಂಡಾ?,Sitagliptin,interactions
en,What conditions is Insulin Glargine used for?,Insulin Glargine,uses
tulu,Enalapril ಯಾನ್ ಯಾನ್ ಸಮಯಡ್ ದೆತೊನ್ಬಾರದು?,Enalapril,contraindications
kn,Naproxen ತೆಗೆದುಕೊಳ್ಳುವಾಗ ನಾನು ಯಾವುದರ ಬಗ್ಗೆ ಎಚ್ಚರಿಕೆಯಿಂದ ಇರಬೇಕು?,Naproxen,warnings
kn,Glipizide ಅನ್ನು ಯಾರು ತೆಗೆದುಕೊಳ್ಳಬಾರದು?,Glipizide,contraindications
kn,Colchicine ಬಗ್ಗೆ ಯಾವುದೇ ಎಚ್ಚರಿಕೆಗಳಿವೆಯೇ?,Colchicine,warnings
kn,Vildagliptin ಅಡ್ಡ ಪರಿಣಾಮಗಳನ್ನು ಉಂಟುಮಾಡಬಹುದೇ?,Vildagliptin,side_effects
en,Who should avoid Diclofenac?,Diclofenac,contraindications
tulu,Celecoxib ಯಾನ್ ಎಂಚ ದೆತೊನ್ಬೇಕು?,Celecoxib,dosage
en,How should Chlorthalidone be taken?,Chlorthalidone,dosage
tulu,Chlorthalidone ಯಾನ್ ಎಂಚ ದೆತೊನ್ಬೇಕು?,Chlorthalidone,dosage
tulu,Methotrexate ಬಗ್ಗೆ ಎಚ್ಚರಿಕೆ ಉಂಡಾ?,Methotrexate,warnings
en,What conditions is Ramipril used for?,Ramipril,uses
tulu,Acarbose ಬಗ್ಗೆ ಎಂಚಿನ ಎಚ್ಚರಿಕೆ ಉಂಡು?,Acarbose,warnings
tulu,Losartan ಯಾನ್ ಯಾರೆ ದೆತೊನ್ಬಾರದು?,Losartan,contraindications
tulu,Acarbose ಯಾನ್ ಯಾರೆ ದೆತೊನ್ಬಾರದು?,Acarbose,contraindications
kn,Telmisartan ಅಡ್ಡ ಪರಿಣಾಮಗಳನ್ನು ಉಂಟುಮಾಡಬಹುದೇ?,Telmisartan,side_effects
kn,Enalapril ನ ಅಡ್ಡ ಪರಿಣಾಮಗಳು ಯಾವುವು?,Enalapril,side_effects
kn,Prednisolone ಬಗ್ಗೆ ಯಾವುದೇ ಎಚ್ಚರಿಕೆಗಳಿವೆಯೇ?,Prednisolone,warnings
kn,Chlorthalidone ಏಕೆ ಬಳಸಲಾಗುತ್ತದೆ?,Chlorthalidone,uses
en,How should Celecoxib be taken?,Celecoxib,dosage
kn,Sulfasalazine ಬಗ್ಗೆ ಯಾವ ಎಚ್ಚರಿಕೆಗಳನ್ನು ತಿಳಿದುಕೊಳ್ಳಬೇಕು?,Sulfasalazine,warnings
en,Does Losartan interact with other medicines?,Losartan,interactions
tulu,Celecoxib ಬಗ್ಗೆ ಎಂಚಿನ ಎಚ್ಚರಿಕೆ ಉಂಡು?,Celecoxib,warnings
kn,Amlodipine ಬಗ್ಗೆ ಯಾವ ಎಚ್ಚರಿಕೆಗಳನ್ನು ತಿಳಿದುಕೊಳ್ಳಬೇಕು?,Amlodipine,warnings
tulu,ಎಂಚಿನ ಮರ್ದ್‌ಲು Insulin Glargine ಬೊಕ್ಕ ಪರಸ್ಪರ ಕ್ರಿಯೆ ಮಲ್ಪುಂಡು?,Insulin Glargine,interactions
kn,Sitagliptin ನಿಂದ ಯಾವ ಸಮಸ್ಯೆಗಳು ಉಂಟಾಗಬಹುದು?,Sitagliptin,side_effects
kn,Atenolol ಬಗ್ಗೆ ನಾನು ಏನು ತಿಳಿದುಕೊಳ್ಳಬೇಕು?,Atenolol,medicine_info
tulu,Glimepiride ಬಗ್ಗೆ ಎಚ್ಚರಿಕೆ ಉಂಡಾ?,Glimepiride,warnings
en,What is Glimepiride?,Glimepiride,medicine_info
tulu,Acarbose ದ ಬಗ್ಗೆ ಮಾಹಿತಿ ಕೊರ್ಲೆ.,Acarbose,medicine_info
en,Tell me about Prednisolone.,Prednisolone,medicine_info
tulu,Celecoxib ಯಾನ್ ಎತ್ ಕಾಯಿಲೆಗ್ ಉಪಯೋಗ ಆಪುಂಡು?,Celecoxib,uses
kn,Leflunomide ನಿಂದ ಯಾವ ಸಮಸ್ಯೆಗಳು ಉಂಟಾಗಬಹುದು?,Leflunomide,side_effects
tulu,Ramipril ಯಾನ್ ಎತ್ ಕಾಯಿಲೆಗ್ ಉಪಯೋಗ ಆಪುಂಡು?,Ramipril,uses
tulu,Atenolol ಬಗ್ಗೆ ಎಂಕ್ ಏನ್ ಗೊತ್ತ್ ಆಪುನ?,Atenolol,medicine_info
en,How should Vildagliptin be taken?,Vildagliptin,dosage
en,When should Amlodipine not be used?,Amlodipine,contraindications
kn,Sitagliptin ಅನ್ನು ಯಾವಾಗ ಬಳಸಬಾರದು?,Sitagliptin,contraindications
kn,Ramipril ಅನ್ನು ಯಾರು ತೆಗೆದುಕೊಳ್ಳಬಾರದು?,Ramipril,contraindications
tulu,Glimepiride ದ ಡೋಸೇಜ್ ಮಾಹಿತಿ ಎಂಚಿನದು?,Glimepiride,dosage
tulu,Colchicine ಯಾನ್ ಎತ್ಕ್ ಉಪಯೋಗ ಆಪುಂಡು?,Colchicine,uses
tulu,Sulfasalazine ಬೇತೆ ಮರ್ದ್‌ದೊಟ್ಟುಗು ಪ್ರತಿಕ್ರಿಯೆ ಮಲ್ಪುಂಡಾ?,Sulfasalazine,interactions
en,What is Prednisolone used for?,Prednisolone,uses
en,What is the dosage information for Telmisartan?,Telmisartan,dosage
en,Who should not take Insulin Glargine?,Insulin Glargine,contraindications
en,Can Diclofenac interact with other drugs?,Diclofenac,interactions
en,How do I take Celecoxib?,Celecoxib,dosage
kn,Acarbose ನ ಡೋಸೇಜ್ ಮಾಹಿತಿ ಏನು?,Acarbose,dosage
tulu,Clonidine ದಿಂದ ಅಡ್ಡ ಪರಿಣಾಮ ಆಪುಂಡಾ?,Clonidine,side_effects
kn,Acarbose ತೆಗೆದುಕೊಳ್ಳುವಾಗ ನಾನು ಯಾವುದರ ಬಗ್ಗೆ ಎಚ್ಚರಿಕೆಯಿಂದ ಇರಬೇಕು?,Acarbose,warnings
tulu,Pioglitazone ದ ಅಡ್ಡ ಪರಿಣಾಮೊಲು ಎಂಚಿನವು?,Pioglitazone,side_effects
tulu,Hydrochlorothiazide ಬೇತೆ ಮರ್ದ್‌ದೊಟ್ಟುಗು ಪ್ರತಿಕ್ರಿಯೆ ಮಲ್ಪುಂಡಾ?,Hydrochlorothiazide,interactions
tulu,Hydroxychloroquine ಯಾನ್ ಎತ್ ಕಾಯಿಲೆಗ್ ಉಪಯೋಗ ಆಪುಂಡು?,Hydroxychloroquine,uses
kn,Sitagliptin ಏಕೆ ಬಳಸಲಾಗುತ್ತದೆ?,Sitagliptin,uses
en,What should I be careful about when taking Dapagliflozin?,Dapagliflozin,warnings
kn,Ramipril ಬಗ್ಗೆ ಮಾಹಿತಿ ನೀಡಿ.,Ramipril,medicine_info
kn,Pioglitazone ಬಗ್ಗೆ ಮಾಹಿತಿ ನೀಡಿ.,Pioglitazone,medicine_info
en,Tell me about Sitagliptin.,Sitagliptin,medicine_info
tulu,ಎಂಚಿನ ಮರ್ದ್‌ಲು Chlorthalidone ಬೊಕ್ಕ ಪರಸ್ಪರ ಕ್ರಿಯೆ ಮಲ್ಪುಂಡು?,Chlorthalidone,interactions
tulu,Hydroxychloroquine ಯಾನ್ ಎಂಚ ದೆತೊನ್ಬೇಕು?,Hydroxychloroquine,dosage
tulu,Colchicine ಯಾನ್ ಯಾನ್ ಸಮಯಡ್ ದೆತೊನ್ಬಾರದು?,Colchicine,contraindications
kn,Colchicine ನ ಡೋಸೇಜ್ ಮಾಹಿತಿ ಏನು?,Colchicine,dosage
kn,ಯಾರು Metformin ಅನ್ನು ತಪ್ಪಿಸಬೇಕು?,Metformin,contraindications
kn,Atenolol ಅನ್ನು ಯಾರು ತೆಗೆದುಕೊಳ್ಳಬಾರದು?,Atenolol,contraindications
tulu,Atenolol ಬಗ್ಗೆ ಎಚ್ಚರಿಕೆ ಉಂಡಾ?,Atenolol,warnings
tulu,ಯಾರೆ Ramipril ಯಾನ್ ತಪ್ಪಿಸಾಯೆರೆ?,Ramipril,contraindications
tulu,Hydroxychloroquine ಬಗ್ಗೆ ಎಂಚಿನ ಎಚ್ಚರಿಕೆ ಉಂಡು?,Hydroxychloroquine,warnings
tulu,Insulin Glargine ಯಾನ್ ಎತ್ ಕಾಯಿಲೆಗ್ ಉಪಯೋಗ ಆಪುಂಡು?,Insulin Glargine,uses
en,What medicines can interact with Telmisartan?,Telmisartan,interactions
tulu,Vildagliptin ಯಾನ್ ಯಾನ್ ಸಮಯಡ್ ದೆತೊನ್ಬಾರದು?,Vildagliptin,contraindications
tulu,Prednisolone ಯಾನ್ ಎತ್ಕ್ ಉಪಯೋಗ ಆಪುಂಡು?,Prednisolone,uses
tulu,Glimepiride ದೆಂದ್?,Glimepiride,medicine_info
kn,Empagliflozin ಇತರ ಔಷಧಿಗಳೊಂದಿಗೆ ಪ್ರತಿಕ್ರಿಯಿಸಬಹುದೇ?,Empagliflozin,interactions
en,What conditions is Hydrochlorothiazide used for?,Hydrochlorothiazide,uses
tulu,Acarbose ಬೇತೆ ಮರ್ದ್‌ದೊಟ್ಟುಗು ಪ್ರತಿಕ್ರಿಯೆ ಮಲ್ಪುಂಡಾ?,Acarbose,interactions
en,What should I be careful about when taking Methotrexate?,Methotrexate,warnings
kn,Diclofenac ತೆಗೆದುಕೊಳ್ಳುವಾಗ ನಾನು ಯಾವುದರ ಬಗ್ಗೆ ಎಚ್ಚರಿಕೆಯಿಂದ ಇರಬೇಕು?,Diclofenac,warnings
en,Are there any warnings about Glimepiride?,Glimepiride,warnings
tulu,Ibuprofen ದ ಡೋಸೇಜ್ ಮಾಹಿತಿ ಎಂಚಿನದು?,Ibuprofen,dosage
tulu,Enalapril ಯಾನ್ ಯಾರೆ ದೆತೊನ್ಬಾರದು?,Enalapril,contraindications
en,What medicines can interact with Acarbose?,Acarbose,interactions
kn,Ibuprofen ಬಗ್ಗೆ ಯಾವ ಎಚ್ಚರಿಕೆಗಳನ್ನು ತಿಳಿದುಕೊಳ್ಳಬೇಕು?,Ibuprofen,warnings
en,What are the side effects of Celecoxib?,Celecoxib,side_effects
tulu,Enalapril ಬಗ್ಗೆ ಎಂಚಿನ ಎಚ್ಚರಿಕೆ ಉಂಡು?,Enalapril,warnings
tulu,ಯಾರೆ Vildagliptin ಯಾನ್ ತಪ್ಪಿಸಾಯೆರೆ?,Vildagliptin,contraindications
en,What warnings should I know about Naproxen?,Naproxen,warnings
tulu,Naproxen ಬಗ್ಗೆ ಎಂಕ್ ಏನ್ ಗೊತ್ತ್ ಆಪುನ?,Naproxen,medicine_info
en,Can Chlorthalidone interact with other drugs?,Chlorthalidone,interactions
en,Who should not take Hydroxychloroquine?,Hydroxychloroquine,contraindications
kn,Sulfasalazine ಅನ್ನು ಯಾವುದಕ್ಕಾಗಿ ಬಳಸುತ್ತಾರೆ?,Sulfasalazine,uses
tulu,Losartan ಬೊಕ್ಕ ಬೇತೆ ಮರ್ದ್‌ಲು ಒಟ್ಟುಗು ಪರಸ್ಪರ ಕ್ರಿಯೆ ಮಲ್ಪುಂಡಾ?,Losartan,interactions
tulu,ಎಂಚಿನ ಮರ್ದ್‌ಲು Amlodipine ಬೊಕ್ಕ ಪರಸ್ಪರ ಕ್ರಿಯೆ ಮಲ್ಪುಂಡು?,Amlodipine,interactions
kn,Vildagliptin ಬಗ್ಗೆ ನಾನು ಏನು ತಿಳಿದುಕೊಳ್ಳಬೇಕು?,Vildagliptin,medicine_info
en,What is Hydroxychloroquine?,Hydroxychloroquine,medicine_info
en,What conditions is Colchicine used for?,Colchicine,uses
en,What is Methotrexate used for?,Methotrexate,uses
kn,Prednisolone ಅನ್ನು ಯಾವಾಗ ಬಳಸಬಾರದು?,Prednisolone,contraindications
kn,Sitagliptin ಅನ್ನು ಹೇಗೆ ತೆಗೆದುಕೊಳ್ಳಬೇಕು?,Sitagliptin,dosage
tulu,Acarbose ದಿಂದ ಅಡ್ಡ ಪರಿಣಾಮ ಆಪುಂಡಾ?,Acarbose,side_effects
kn,Atenolol ತೆಗೆದುಕೊಳ್ಳುವಾಗ ನಾನು ಯಾವುದರ ಬಗ್ಗೆ ಎಚ್ಚರಿಕೆಯಿಂದ ಇರಬೇಕು?,Atenolol,warnings
tulu,Sitagliptin ಯಾನ್ ಯಾನ್ ಸಮಯಡ್ ದೆತೊನ್ಬಾರದು?,Sitagliptin,contraindications
en,What medicines can interact with Prednisolone?,Prednisolone,interactions
kn,Glimepiride ಅನ್ನು ಯಾರು ತೆಗೆದುಕೊಳ್ಳಬಾರದು?,Glimepiride,contraindications
tulu,Sulfasalazine ಯಾನ್ ಎಂಚ ಉಪಯೋಗ ಮಲ್ಪುಲೆ?,Sulfasalazine,dosage
kn,Metformin ಬಗ್ಗೆ ಮಾಹಿತಿ ನೀಡಿ.,Metformin,medicine_info
en,What is Naproxen used for?,Naproxen,uses
en,What is the dosage information for Glimepiride?,Glimepiride,dosage
en,Why is Ramipril used?,Ramipril,uses
tulu,Vildagliptin ಯಾನ್ ಯಾರೆ ದೆತೊನ್ಬಾರದು?,Vildagliptin,contraindications
kn,Clonidine ನ ಅಡ್ಡ ಪರಿಣಾಮಗಳು ಯಾವುವು?,Clonidine,side_effects
en,What is the dosage information for Celecoxib?,Celecoxib,dosage
kn,Ibuprofen ಬಗ್ಗೆ ಮಾಹಿತಿ ನೀಡಿ.,Ibuprofen,medicine_info
kn,Methotrexate ಅನ್ನು ಹೇಗೆ ತೆಗೆದುಕೊಳ್ಳಬೇಕು?,Methotrexate,dosage
kn,Diclofenac ಬಗ್ಗೆ ನಾನು ಏನು ತಿಳಿದುಕೊಳ್ಳಬೇಕು?,Diclofenac,medicine_info
en,Why is Clonidine used?,Clonidine,uses
tulu,Colchicine ಯಾನ್ ಎತ್ ಕಾಯಿಲೆಗ್ ಉಪಯೋಗ ಆಪುಂಡು?,Colchicine,uses
kn,Insulin Glargine ಅನ್ನು ಯಾವುದಕ್ಕಾಗಿ ಬಳಸುತ್ತಾರೆ?,Insulin Glargine,uses
en,Can Acarbose interact with other drugs?,Acarbose,interactions
tulu,Pioglitazone ಯಾನ್ ಎತ್ಕ್ ಉಪಯೋಗ ಆಪುಂಡು?,Pioglitazone,uses
en,How should Ramipril be taken?,Ramipril,dosage
kn,Hydrochlorothiazide ತೆಗೆದುಕೊಳ್ಳುವಾಗ ನಾನು ಯಾವುದರ ಬಗ್ಗೆ ಎಚ್ಚರಿಕೆಯಿಂದ ಇರಬೇಕು?,Hydrochlorothiazide,warnings
en,What should I be careful about when taking Hydroxychloroquine?,Hydroxychloroquine,warnings
kn,ಯಾವ ಔಷಧಿಗಳು Losartan ಜೊತೆ ಪರಸ್ಪರ ಕ್ರಿಯೆ ಮಾಡಬಹುದು?,Losartan,interactions
en,Why is Sitagliptin used?,Sitagliptin,uses
kn,Amlodipine ಅನ್ನು ಹೇಗೆ ಬಳಸಬೇಕು?,Amlodipine,dosage
tulu,Hydrochlorothiazide ಯಾನ್ ಎತ್ಕ್ ಉಪಯೋಗ ಆಪುಂಡು?,Hydrochlorothiazide,uses
kn,Clonidine ಬಗ್ಗೆ ನಾನು ಏನು ತಿಳಿದುಕೊಳ್ಳಬೇಕು?,Clonidine,medicine_info
tulu,Diclofenac ಯಾನ್ ಯಾರೆ ದೆತೊನ್ಬಾರದು?,Diclofenac,contraindications
tulu,Glimepiride ಬೇತೆ ಮರ್ದ್‌ದೊಟ್ಟುಗು ಪ್ರತಿಕ್ರಿಯೆ ಮಲ್ಪುಂಡಾ?,Glimepiride,interactions
en,Are there any warnings about Naproxen?,Naproxen,warnings
kn,ಯಾವ ಔಷಧಿಗಳು Prednisolone ಜೊತೆ ಪರಸ್ಪರ ಕ್ರಿಯೆ ಮಾಡಬಹುದು?,Prednisolone,interactions
en,What do I need to know about Sulfasalazine?,Sulfasalazine,medicine_info
tulu,Naproxen ದಿಂದ ಅಡ್ಡ ಪರಿಣಾಮ ಆಪುಂಡಾ?,Naproxen,side_effects
kn,Glimepiride ಇತರ ಔಷಧಿಗಳೊಂದಿಗೆ ಪರಸ್ಪರ ಕ್ರಿಯೆ ಮಾಡುತ್ತದೆಯೇ?,Glimepiride,interactions
en,Why is Telmisartan used?,Telmisartan,uses
en,What should I be careful about when taking Metformin?,Metformin,warnings
kn,Dapagliflozin ಬಗ್ಗೆ ಯಾವುದೇ ಎಚ್ಚರಿಕೆಗಳಿವೆಯೇ?,Dapagliflozin,warnings
kn,Celecoxib ನಿಂದ ಯಾವ ಸಮಸ್ಯೆಗಳು ಉಂಟಾಗಬಹುದು?,Celecoxib,side_effects
kn,Enalapril ಅನ್ನು ಯಾರು ತೆಗೆದುಕೊಳ್ಳಬಾರದು?,Enalapril,contraindications
en,How do I take Insulin Glargine?,Insulin Glargine,dosage
en,How should Carvedilol be taken?,Carvedilol,dosage
tulu,Acarbose ಬೊಕ್ಕ ಬೇತೆ ಮರ್ದ್‌ಲು ಒಟ್ಟುಗು ಪರಸ್ಪರ ಕ್ರಿಯೆ ಮಲ್ಪುಂಡಾ?,Acarbose,interactions
kn,ಯಾರು Methotrexate ಅನ್ನು ತಪ್ಪಿಸಬೇಕು?,Methotrexate,contraindications
tulu,Losartan ದೆಂದ್?,Losartan,medicine_info
kn,Leflunomide ತೆಗೆದುಕೊಳ್ಳುವಾಗ ನಾನು ಯಾವುದರ ಬಗ್ಗೆ ಎಚ್ಚರಿಕೆಯಿಂದ ಇರಬೇಕು?,Leflunomide,warnings
tulu,Atenolol ದಿಂದ ಎಂಚಿನ ಸಮಸ್ಯೆ ಆಪುಂಡು?,Atenolol,side_effects
en,Are there any warnings about Sitagliptin?,Sitagliptin,warnings
tulu,ಯಾರೆ Methotrexate ಯಾನ್ ತಪ್ಪಿಸಾಯೆರೆ?,Methotrexate,contraindications
kn,Enalapril ಅನ್ನು ಯಾವುದಕ್ಕಾಗಿ ಬಳಸುತ್ತಾರೆ?,Enalapril,uses
tulu,Hydrochlorothiazide ಬಗ್ಗೆ ಎಂಕ್ ಏನ್ ಗೊತ್ತ್ ಆಪುನ?,Hydrochlorothiazide,medicine_info
kn,Prednisolone ಅನ್ನು ಯಾವುದಕ್ಕಾಗಿ ಬಳಸುತ್ತಾರೆ?,Prednisolone,uses
tulu,ಎಂಚಿನ ಮರ್ದ್‌ಲು Glimepiride ಬೊಕ್ಕ ಪರಸ್ಪರ ಕ್ರಿಯೆ ಮಲ್ಪುಂಡು?,Glimepiride,interactions
en,What is Enalapril?,Enalapril,medicine_info
tulu,Glimepiride ಯಾನ್ ಎಂಚ ದೆತೊನ್ಬೇಕು?,Glimepiride,dosage
tulu,Carvedilol ದ ಅಡ್ಡ ಪರಿಣಾಮೊಲು ಎಂಚಿನವು?,Carvedilol,side_effects
kn,Amlodipine ಅಡ್ಡ ಪರಿಣಾಮಗಳನ್ನು ಉಂಟುಮಾಡಬಹುದೇ?,Amlodipine,side_effects
en,What is the dosage information for Glipizide?,Glipizide,dosage
en,Does Ibuprofen interact with other medicines?,Ibuprofen,interactions
tulu,Atenolol ದಿಂದ ಅಡ್ಡ ಪರಿಣಾಮ ಆಪುಂಡಾ?,Atenolol,side_effects
en,Tell me about Hydrochlorothiazide.,Hydrochlorothiazide,medicine_info
tulu,Naproxen ದ ಬಗ್ಗೆ ಮಾಹಿತಿ ಕೊರ್ಲೆ.,Naproxen,medicine_info
en,What do I need to know about Vildagliptin?,Vildagliptin,medicine_info
kn,Methotrexate ಯಾವ ಕಾಯಿಲೆಗೆ ಬಳಸಲಾಗುತ್ತದೆ?,Methotrexate,uses
tulu,Methotrexate ಬಗ್ಗೆ ಎಂಚಿನ ಎಚ್ಚರಿಕೆ ಉಂಡು?,Methotrexate,warnings
tulu,Ibuprofen ಯಾನ್ ಎತ್ ಕಾಯಿಲೆಗ್ ಉಪಯೋಗ ಆಪುಂಡು?,Ibuprofen,uses
kn,Telmisartan ಅನ್ನು ಹೇಗೆ ತೆಗೆದುಕೊಳ್ಳಬೇಕು?,Telmisartan,dosage
tulu,Empagliflozin ದೆಂದ್?,Empagliflozin,medicine_info
tulu,Glipizide ಬೇತೆ ಮರ್ದ್‌ದೊಟ್ಟುಗು ಪ್ರತಿಕ್ರಿಯೆ ಮಲ್ಪುಂಡಾ?,Glipizide,interactions
kn,Carvedilol ಬಗ್ಗೆ ಯಾವ ಎಚ್ಚರಿಕೆಗಳನ್ನು ತಿಳಿದುಕೊಳ್ಳಬೇಕು?,Carvedilol,warnings
tulu,Telmisartan ಯಾನ್ ಯಾನ್ ಸಮಯಡ್ ದೆತೊನ್ಬಾರದು?,Telmisartan,contraindications
tulu,Empagliflozin ಯಾನ್ ಎಂಚ ಉಪಯೋಗ ಮಲ್ಪುಲೆ?,Empagliflozin,dosage
en,How do I take Atenolol?,Atenolol,dosage
kn,Prednisolone ಅನ್ನು ಹೇಗೆ ತೆಗೆದುಕೊಳ್ಳಬೇಕು?,Prednisolone,dosage
kn,Metformin ಇತರ ಔಷಧಿಗಳೊಂದಿಗೆ ಪ್ರತಿಕ್ರಿಯಿಸಬಹುದೇ?,Metformin,interactions
en,When should Insulin Glargine not be used?,Insulin Glargine,contraindications
tulu,Hydroxychloroquine ಬೊಕ್ಕ ಬೇತೆ ಮರ್ದ್‌ಲು ಒಟ್ಟುಗು ಪರಸ್ಪರ ಕ್ರಿಯೆ ಮಲ್ಪುಂಡಾ?,Hydroxychloroquine,interactions
tulu,Chlorthalidone ದ ಅಡ್ಡ ಪರಿಣಾಮೊಲು ಎಂಚಿನವು?,Chlorthalidone,side_effects
tulu,Acarbose ಯಾನ್ ಎತ್ ಕಾಯಿಲೆಗ್ ಉಪಯೋಗ ಆಪುಂಡು?,Acarbose,uses
en,What do I need to know about Metformin?,Metformin,medicine_info
tulu,Leflunomide ಬೇತೆ ಮರ್ದ್‌ದೊಟ್ಟುಗು ಪ್ರತಿಕ್ರಿಯೆ ಮಲ್ಪುಂಡಾ?,Leflunomide,interactions
tulu,Glimepiride ದ ಅಡ್ಡ ಪರಿಣಾಮೊಲು ಎಂಚಿನವು?,Glimepiride,side_effects
tulu,Leflunomide ದ ಬಗ್ಗೆ ಮಾಹಿತಿ ಕೊರ್ಲೆ.,Leflunomide,medicine_info
en,Tell me about Carvedilol.,Carvedilol,medicine_info
tulu,Dapagliflozin ಬೊಕ್ಕ ಬೇತೆ ಮರ್ದ್‌ಲು ಒಟ್ಟುಗು ಪರಸ್ಪರ ಕ್ರಿಯೆ ಮಲ್ಪುಂಡಾ?,Dapagliflozin,interactions
kn,Atenolol ನ ಅಡ್ಡ ಪರಿಣಾಮಗಳು ಯಾವುವು?,Atenolol,side_effects
en,Are there any warnings about Leflunomide?,Leflunomide,warnings
tulu,ಎಂಚಿನ ಮರ್ದ್‌ಲು Acarbose ಬೊಕ್ಕ ಪರಸ್ಪರ ಕ್ರಿಯೆ ಮಲ್ಪುಂಡು?,Acarbose,interactions
kn,Ibuprofen ಬಗ್ಗೆ ನಾನು ಏನು ತಿಳಿದುಕೊಳ್ಳಬೇಕು?,Ibuprofen,medicine_info
tulu,Glipizide ಯಾನ್ ಯಾಕೆ ಉಪಯೋಗ ಮಲ್ಪುಂಡು?,Glipizide,uses
en,What are the side effects of Hydrochlorothiazide?,Hydrochlorothiazide,side_effects
tulu,Ibuprofen ದಿಂದ ಎಂಚಿನ ಸಮಸ್ಯೆ ಆಪುಂಡು?,Ibuprofen,side_effects
kn,Insulin Glargine ಎಂದರೇನು?,Insulin Glargine,medicine_info
tulu,Atenolol ಯಾನ್ ಯಾಕೆ ಉಪಯೋಗ ಮಲ್ಪುಂಡು?,Atenolol,uses
en,What should I be careful about when taking Pioglitazone?,Pioglitazone,warnings
tulu,Methotrexate ಬೇತೆ ಮರ್ದ್‌ದೊಟ್ಟುಗು ಪ್ರತಿಕ್ರಿಯೆ ಮಲ್ಪುಂಡಾ?,Methotrexate,interactions
kn,Naproxen ಬಗ್ಗೆ ನಾನು ಏನು ತಿಳಿದುಕೊಳ್ಳಬೇಕು?,Naproxen,medicine_info
tulu,Clonidine ದೆತೊನುವಾಗ ಎಂಚಿನ ಎಚ್ಚರಿಕೆ ಕೊರ್ಲೆ?,Clonidine,warnings
kn,Diclofenac ಬಗ್ಗೆ ಮಾಹಿತಿ ನೀಡಿ.,Diclofenac,medicine_info
tulu,ಯಾರೆ Empagliflozin ಯಾನ್ ತಪ್ಪಿಸಾಯೆರೆ?,Empagliflozin,contraindications
kn,Acarbose ಅಡ್ಡ ಪರಿಣಾಮಗಳನ್ನು ಉಂಟುಮಾಡಬಹುದೇ?,Acarbose,side_effects
en,Are there any warnings about Carvedilol?,Carvedilol,warnings
kn,Celecoxib ಬಗ್ಗೆ ಯಾವ ಎಚ್ಚರಿಕೆಗಳನ್ನು ತಿಳಿದುಕೊಳ್ಳಬೇಕು?,Celecoxib,warnings
en,Why is Hydrochlorothiazide used?,Hydrochlorothiazide,uses
tulu,Diclofenac ದ ಬಗ್ಗೆ ಮಾಹಿತಿ ಕೊರ್ಲೆ.,Diclofenac,medicine_info
tulu,Telmisartan ದೆಂದ್?,Telmisartan,medicine_info
en,Tell me about Insulin Glargine.,Insulin Glargine,medicine_info
en,What are the side effects of Acarbose?,Acarbose,side_effects
tulu,Glipizide ದಿಂದ ಅಡ್ಡ ಪರಿಣಾಮ ಆಪುಂಡಾ?,Glipizide,side_effects
tulu,Metformin ಬಗ್ಗೆ ಎಂಚಿನ ಎಚ್ಚರಿಕೆ ಉಂಡು?,Metformin,warnings
tulu,Enalapril ಯಾನ್ ಎಂಚ ಉಪಯೋಗ ಮಲ್ಪುಲೆ?,Enalapril,dosage
kn,Hydrochlorothiazide ಅನ್ನು ಹೇಗೆ ಬಳಸಬೇಕು?,Hydrochlorothiazide,dosage
en,What problems can Methotrexate cause?,Methotrexate,side_effects
en,What is Prednisolone?,Prednisolone,medicine_info
kn,Ramipril ಅನ್ನು ಯಾವಾಗ ಬಳಸಬಾರದು?,Ramipril,contraindications
kn,Pioglitazone ಬಗ್ಗೆ ಯಾವ ಎಚ್ಚರಿಕೆಗಳನ್ನು ತಿಳಿದುಕೊಳ್ಳಬೇಕು?,Pioglitazone,warnings
kn,Diclofenac ಇತರ ಔಷಧಿಗಳೊಂದಿಗೆ ಪ್ರತಿಕ್ರಿಯಿಸಬಹುದೇ?,Diclofenac,interactions
tulu,Sulfasalazine ಯಾನ್ ಯಾಕೆ ಉಪಯೋಗ ಮಲ್ಪುಂಡು?,Sulfasalazine,uses
kn,Prednisolone ಏಕೆ ಬಳಸಲಾಗುತ್ತದೆ?,Prednisolone,uses
en,Who should not take Enalapril?,Enalapril,contraindications
kn,Chlorthalidone ನ ಡೋಸೇಜ್ ಮಾಹಿತಿ ಏನು?,Chlorthalidone,dosage
tulu,Celecoxib ದ ಬಗ್ಗೆ ಮಾಹಿತಿ ಕೊರ್ಲೆ.,Celecoxib,medicine_info
en,What should I be careful about when taking Sulfasalazine?,Sulfasalazine,warnings
kn,Empagliflozin ಅನ್ನು ಹೇಗೆ ಬಳಸಬೇಕು?,Empagliflozin,dosage
en,Can Sitagliptin interact with other drugs?,Sitagliptin,interactions
tulu,Insulin Glargine ಬಗ್ಗೆ ಎಚ್ಚರಿಕೆ ಉಂಡಾ?,Insulin Glargine,warnings
tulu,ಯಾರೆ Prednisolone ಯಾನ್ ತಪ್ಪಿಸಾಯೆರೆ?,Prednisolone,contraindications
tulu,Colchicine ಬಗ್ಗೆ ಎಚ್ಚರಿಕೆ ಉಂಡಾ?,Colchicine,warnings
en,What should I be careful about when taking Glipizide?,Glipizide,warnings
tulu,Pioglitazone ಬೊಕ್ಕ ಬೇತೆ ಮರ್ದ್‌ಲು ಒಟ್ಟುಗು ಪರಸ್ಪರ ಕ್ರಿಯೆ ಮಲ್ಪುಂಡಾ?,Pioglitazone,interactions
en,How should Atenolol be taken?,Atenolol,dosage
en,What are the side effects of Methotrexate?,Methotrexate,side_effects
kn,Enalapril ಅನ್ನು ಹೇಗೆ ಬಳಸಬೇಕು?,Enalapril,dosage
tulu,Dapagliflozin ಯಾನ್ ಎತ್ಕ್ ಉಪಯೋಗ ಆಪುಂಡು?,Dapagliflozin,uses
kn,Dapagliflozin ಬಗ್ಗೆ ಮಾಹಿತಿ ನೀಡಿ.,Dapagliflozin,medicine_info
tulu,Methotrexate ಬೊಕ್ಕ ಬೇತೆ ಮರ್ದ್‌ಲು ಒಟ್ಟುಗು ಪರಸ್ಪರ ಕ್ರಿಯೆ ಮಲ್ಪುಂಡಾ?,Methotrexate,interactions
en,What problems can Chlorthalidone cause?,Chlorthalidone,side_effects
en,Who should not take Carvedilol?,Carvedilol,contraindications
tulu,Vildagliptin ಬಗ್ಗೆ ಎಂಚಿನ ಎಚ್ಚರಿಕೆ ಉಂಡು?,Vildagliptin,warnings
tulu,ಯಾರೆ Carvedilol ಯಾನ್ ತಪ್ಪಿಸಾಯೆರೆ?,Carvedilol,contraindications
en,When should Clonidine not be used?,Clonidine,contraindications
kn,Ramipril ಬಗ್ಗೆ ನಾನು ಏನು ತಿಳಿದುಕೊಳ್ಳಬೇಕು?,Ramipril,medicine_info
en,Does Glipizide interact with other medicines?,Glipizide,interactions
en,Can Empagliflozin interact with other drugs?,Empagliflozin,interactions
en,Why is Prednisolone used?,Prednisolone,uses
tulu,Insulin Glargine ಯಾನ್ ಎತ್ಕ್ ಉಪಯೋಗ ಆಪುಂಡು?,Insulin Glargine,uses
kn,Hydroxychloroquine ಬಗ್ಗೆ ಯಾವುದೇ ಎಚ್ಚರಿಕೆಗಳಿವೆಯೇ?,Hydroxychloroquine,warnings
tulu,Sitagliptin ದಿಂದ ಅಡ್ಡ ಪರಿಣಾಮ ಆಪುಂಡಾ?,Sitagliptin,side_effects
kn,Methotrexate ಅನ್ನು ಯಾವಾಗ ಬಳಸಬಾರದು?,Methotrexate,contraindications
kn,ಯಾವ ಔಷಧಿಗಳು Sitagliptin ಜೊತೆ ಪರಸ್ಪರ ಕ್ರಿಯೆ ಮಾಡಬಹುದು?,Sitagliptin,interactions
tulu,Chlorthalidone ಬೊಕ್ಕ ಬೇತೆ ಮರ್ದ್‌ಲು ಒಟ್ಟುಗು ಪರಸ್ಪರ ಕ್ರಿಯೆ ಮಲ್ಪುಂಡಾ?,Chlorthalidone,interactions
en,Why is Amlodipine used?,Amlodipine,uses
tulu,Atenolol ದ ಡೋಸೇಜ್ ಮಾಹಿತಿ ಎಂಚಿನದು?,Atenolol,dosage
kn,Leflunomide ನ ಡೋಸೇಜ್ ಮಾಹಿತಿ ಏನು?,Leflunomide,dosage
en,What is the dosage information for Dapagliflozin?,Dapagliflozin,dosage
en,Can Ibuprofen cause any side effects?,Ibuprofen,side_effects
tulu,Vildagliptin ಯಾನ್ ಯಾಕೆ ಉಪಯೋಗ ಮಲ್ಪುಂಡು?,Vildagliptin,uses
tulu,Ramipril ಬಗ್ಗೆ ಎಚ್ಚರಿಕೆ ಉಂಡಾ?,Ramipril,warnings
kn,Dapagliflozin ಬಗ್ಗೆ ಯಾವ ಎಚ್ಚರಿಕೆಗಳನ್ನು ತಿಳಿದುಕೊಳ್ಳಬೇಕು?,Dapagliflozin,warnings
kn,Empagliflozin ನ ಡೋಸೇಜ್ ಮಾಹಿತಿ ಏನು?,Empagliflozin,dosage
tulu,ಎಂಚಿನ ಮರ್ದ್‌ಲು Hydroxychloroquine ಬೊಕ್ಕ ಪರಸ್ಪರ ಕ್ರಿಯೆ ಮಲ್ಪುಂಡು?,Hydroxychloroquine,interactions
en,What do I need to know about Insulin Glargine?,Insulin Glargine,medicine_info
kn,Leflunomide ಅನ್ನು ಯಾರು ತೆಗೆದುಕೊಳ್ಳಬಾರದು?,Leflunomide,contraindications
tulu,Sitagliptin ದ ಅಡ್ಡ ಪರಿಣಾಮೊಲು ಎಂಚಿನವು?,Sitagliptin,side_effects
en,What problems can Naproxen cause?,Naproxen,side_effects
kn,Celecoxib ಇತರ ಔಷಧಿಗಳೊಂದಿಗೆ ಪರಸ್ಪರ ಕ್ರಿಯೆ ಮಾಡುತ್ತದೆಯೇ?,Celecoxib,interactions
kn,Colchicine ತೆಗೆದುಕೊಳ್ಳುವಾಗ ನಾನು ಯಾವುದರ ಬಗ್ಗೆ ಎಚ್ಚರಿಕೆಯಿಂದ ಇರಬೇಕು?,Colchicine,warnings
en,What should I be careful about when taking Ramipril?,Ramipril,warnings
tulu,Diclofenac ಬಗ್ಗೆ ಎಂಕ್ ಏನ್ ಗೊತ್ತ್ ಆಪುನ?,Diclofenac,medicine_info
tulu,Telmisartan ಬಗ್ಗೆ ಎಚ್ಚರಿಕೆ ಉಂಡಾ?,Telmisartan,warnings
en,What do I need to know about Leflunomide?,Leflunomide,medicine_info
kn,Clonidine ಎಂದರೇನು?,Clonidine,medicine_info
kn,Glipizide ಯಾವ ಕಾಯಿಲೆಗೆ ಬಳಸಲಾಗುತ್ತದೆ?,Glipizide,uses
en,What should I be careful about when taking Amlodipine?,Amlodipine,warnings
kn,Losartan ಅನ್ನು ಯಾವಾಗ ಬಳಸಬಾರದು?,Losartan,contraindications
tulu,Empagliflozin ಯಾನ್ ಎಂಚ ದೆತೊನ್ಬೇಕು?,Empagliflozin,dosage
kn,Acarbose ಅನ್ನು ಹೇಗೆ ಬಳಸಬೇಕು?,Acarbose,dosage
tulu,Pioglitazone ಯಾನ್ ಯಾಕೆ ಉಪಯೋಗ ಮಲ್ಪುಂಡು?,Pioglitazone,uses
kn,Sulfasalazine ಇತರ ಔಷಧಿಗಳೊಂದಿಗೆ ಪರಸ್ಪರ ಕ್ರಿಯೆ ಮಾಡುತ್ತದೆಯೇ?,Sulfasalazine,interactions
tulu,Ibuprofen ಬೊಕ್ಕ ಬೇತೆ ಮರ್ದ್‌ಲು ಒಟ್ಟುಗು ಪರಸ್ಪರ ಕ್ರಿಯೆ ಮಲ್ಪುಂಡಾ?,Ibuprofen,interactions
kn,Sulfasalazine ತೆಗೆದುಕೊಳ್ಳುವಾಗ ನಾನು ಯಾವುದರ ಬಗ್ಗೆ ಎಚ್ಚರಿಕೆಯಿಂದ ಇರಬೇಕು?,Sulfasalazine,warnings
en,Why is Losartan used?,Losartan,uses
kn,Methotrexate ಅಡ್ಡ ಪರಿಣಾಮಗಳನ್ನು ಉಂಟುಮಾಡಬಹುದೇ?,Methotrexate,side_effects
kn,ಯಾವ ಔಷಧಿಗಳು Methotrexate ಜೊತೆ ಪರಸ್ಪರ ಕ್ರಿಯೆ ಮಾಡಬಹುದು?,Methotrexate,interactions
kn,ಯಾವ ಔಷಧಿಗಳು Carvedilol ಜೊತೆ ಪರಸ್ಪರ ಕ್ರಿಯೆ ಮಾಡಬಹುದು?,Carvedilol,interactions
kn,Sulfasalazine ಅನ್ನು ಹೇಗೆ ಬಳಸಬೇಕು?,Sulfasalazine,dosage
kn,Methotrexate ಇತರ ಔಷಧಿಗಳೊಂದಿಗೆ ಪ್ರತಿಕ್ರಿಯಿಸಬಹುದೇ?,Methotrexate,interactions
tulu,Amlodipine ಬಗ್ಗೆ ಎಚ್ಚರಿಕೆ ಉಂಡಾ?,Amlodipine,warnings
en,What warnings should I know about Hydrochlorothiazide?,Hydrochlorothiazide,warnings
tulu,Carvedilol ಬಗ್ಗೆ ಎಚ್ಚರಿಕೆ ಉಂಡಾ?,Carvedilol,warnings
kn,Telmisartan ನ ಡೋಸೇಜ್ ಮಾಹಿತಿ ಏನು?,Telmisartan,dosage
tulu,Methotrexate ಯಾನ್ ಯಾಕೆ ಉಪಯೋಗ ಮಲ್ಪುಂಡು?,Methotrexate,uses
kn,Metformin ಬಗ್ಗೆ ಯಾವ ಎಚ್ಚರಿಕೆಗಳನ್ನು ತಿಳಿದುಕೊಳ್ಳಬೇಕು?,Metformin,warnings
kn,Diclofenac ಏಕೆ ಬಳಸಲಾಗುತ್ತದೆ?,Diclofenac,uses
en,What medicines can interact with Carvedilol?,Carvedilol,interactions
kn,Sitagliptin ಅಡ್ಡ ಪರಿಣಾಮಗಳನ್ನು ಉಂಟುಮಾಡಬಹುದೇ?,Sitagliptin,side_effects
tulu,Leflunomide ಬಗ್ಗೆ ಎಂಕ್ ಏನ್ ಗೊತ್ತ್ ಆಪುನ?,Leflunomide,medicine_info
tulu,Metformin ಬೊಕ್ಕ ಬೇತೆ ಮರ್ದ್‌ಲು ಒಟ್ಟುಗು ಪರಸ್ಪರ ಕ್ರಿಯೆ ಮಲ್ಪುಂಡಾ?,Metformin,interactions
tulu,Methotrexate ಯಾನ್ ಎಂಚ ಉಪಯೋಗ ಮಲ್ಪುಲೆ?,Methotrexate,dosage
kn,Naproxen ಅನ್ನು ಯಾರು ತೆಗೆದುಕೊಳ್ಳಬಾರದು?,Naproxen,contraindications
kn,ಯಾವ ಔಷಧಿಗಳು Amlodipine ಜೊತೆ ಪರಸ್ಪರ ಕ್ರಿಯೆ ಮಾಡಬಹುದು?,Amlodipine,interactions
en,Who should avoid Enalapril?,Enalapril,contraindications
kn,Celecoxib ಅಡ್ಡ ಪರಿಣಾಮಗಳನ್ನು ಉಂಟುಮಾಡಬಹುದೇ?,Celecoxib,side_effects
tulu,Diclofenac ದಿಂದ ಅಡ್ಡ ಪರಿಣಾಮ ಆಪುಂಡಾ?,Diclofenac,side_effects
tulu,Glipizide ಯಾನ್ ಯಾನ್ ಸಮಯಡ್ ದೆತೊನ್ಬಾರದು?,Glipizide,contraindications
kn,ಯಾವ ಔಷಧಿಗಳು Ramipril ಜೊತೆ ಪರಸ್ಪರ ಕ್ರಿಯೆ ಮಾಡಬಹುದು?,Ramipril,interactions
en,Does Atenolol interact with other medicines?,Atenolol,interactions
kn,Losartan ನ ಡೋಸೇಜ್ ಮಾಹಿತಿ ಏನು?,Losartan,dosage
kn,Acarbose ಇತರ ಔಷಧಿಗಳೊಂದಿಗೆ ಪರಸ್ಪರ ಕ್ರಿಯೆ ಮಾಡುತ್ತದೆಯೇ?,Acarbose,interactions
en,Why is Glipizide used?,Glipizide,uses
kn,Methotrexate ತೆಗೆದುಕೊಳ್ಳುವಾಗ ನಾನು ಯಾವುದರ ಬಗ್ಗೆ ಎಚ್ಚರಿಕೆಯಿಂದ ಇರಬೇಕು?,Methotrexate,warnings
en,Who should avoid Hydrochlorothiazide?,Hydrochlorothiazide,contraindications
kn,Diclofenac ಅನ್ನು ಯಾವಾಗ ಬಳಸಬಾರದು?,Diclofenac,contraindications
tulu,Telmisartan ಯಾನ್ ಯಾರೆ ದೆತೊನ್ಬಾರದು?,Telmisartan,contraindications
tulu,Chlorthalidone ಯಾನ್ ಎತ್ ಕಾಯಿಲೆಗ್ ಉಪಯೋಗ ಆಪುಂಡು?,Chlorthalidone,uses
kn,Colchicine ಎಂದರೇನು?,Colchicine,medicine_info
tulu,Vildagliptin ಯಾನ್ ಎಂಚ ದೆತೊನ್ಬೇಕು?,Vildagliptin,dosage
kn,Insulin Glargine ಯಾವ ಕಾಯಿಲೆಗೆ ಬಳಸಲಾಗುತ್ತದೆ?,Insulin Glargine,uses
tulu,Sulfasalazine ದೆಂದ್?,Sulfasalazine,medicine_info
tulu,Losartan ದ ಅಡ್ಡ ಪರಿಣಾಮೊಲು ಎಂಚಿನವು?,Losartan,side_effects
kn,ಯಾರು Sitagliptin ಅನ್ನು ತಪ್ಪಿಸಬೇಕು?,Sitagliptin,contraindications
tulu,ಎಂಚಿನ ಮರ್ದ್‌ಲು Ibuprofen ಬೊಕ್ಕ ಪರಸ್ಪರ ಕ್ರಿಯೆ ಮಲ್ಪುಂಡು?,Ibuprofen,interactions
tulu,Losartan ದೆತೊನುವಾಗ ಎಂಚಿನ ಎಚ್ಚರಿಕೆ ಕೊರ್ಲೆ?,Losartan,warnings
en,When should Pioglitazone not be used?,Pioglitazone,contraindications
kn,Glipizide ತೆಗೆದುಕೊಳ್ಳುವಾಗ ನಾನು ಯಾವುದರ ಬಗ್ಗೆ ಎಚ್ಚರಿಕೆಯಿಂದ ಇರಬೇಕು?,Glipizide,warnings
en,What problems can Atenolol cause?,Atenolol,side_effects
en,What should I be careful about when taking Empagliflozin?,Empagliflozin,warnings
en,What problems can Sitagliptin cause?,Sitagliptin,side_effects
kn,Leflunomide ಬಗ್ಗೆ ಯಾವ ಎಚ್ಚರಿಕೆಗಳನ್ನು ತಿಳಿದುಕೊಳ್ಳಬೇಕು?,Leflunomide,warnings
en,What medicines can interact with Sulfasalazine?,Sulfasalazine,interactions
kn,Vildagliptin ಅನ್ನು ಯಾವುದಕ್ಕಾಗಿ ಬಳಸುತ್ತಾರೆ?,Vildagliptin,uses
tulu,Metformin ಯಾನ್ ಯಾಕೆ ಉಪಯೋಗ ಮಲ್ಪುಂಡು?,Metformin,uses
tulu,Enalapril ಯಾನ್ ಎಂಚ ದೆತೊನ್ಬೇಕು?,Enalapril,dosage
en,What are the side effects of Naproxen?,Naproxen,side_effects
en,What is the dosage information for Hydroxychloroquine?,Hydroxychloroquine,dosage
kn,Ibuprofen ಅನ್ನು ಹೇಗೆ ಬಳಸಬೇಕು?,Ibuprofen,dosage
tulu,Leflunomide ದ ಅಡ್ಡ ಪರಿಣಾಮೊಲು ಎಂಚಿನವು?,Leflunomide,side_effects
tulu,Sitagliptin ಬಗ್ಗೆ ಎಚ್ಚರಿಕೆ ಉಂಡಾ?,Sitagliptin,warnings
kn,Enalapril ಇತರ ಔಷಧಿಗಳೊಂದಿಗೆ ಪ್ರತಿಕ್ರಿಯಿಸಬಹುದೇ?,Enalapril,interactions
en,How should Naproxen be taken?,Naproxen,dosage
tulu,Telmisartan ಬೇತೆ ಮರ್ದ್‌ದೊಟ್ಟುಗು ಪ್ರತಿಕ್ರಿಯೆ ಮಲ್ಪುಂಡಾ?,Telmisartan,interactions
tulu,Hydroxychloroquine ದಿಂದ ಎಂಚಿನ ಸಮಸ್ಯೆ ಆಪುಂಡು?,Hydroxychloroquine,side_effects
tulu,Diclofenac ಬೇತೆ ಮರ್ದ್‌ದೊಟ್ಟುಗು ಪ್ರತಿಕ್ರಿಯೆ ಮಲ್ಪುಂಡಾ?,Diclofenac,interactions
kn,Leflunomide ಬಗ್ಗೆ ನಾನು ಏನು ತಿಳಿದುಕೊಳ್ಳಬೇಕು?,Leflunomide,medicine_info
tulu,Chlorthalidone ದಿಂದ ಎಂಚಿನ ಸಮಸ್ಯೆ ಆಪುಂಡು?,Chlorthalidone,side_effects
en,What conditions is Empagliflozin used for?,Empagliflozin,uses
kn,Acarbose ಬಗ್ಗೆ ಯಾವುದೇ ಎಚ್ಚರಿಕೆಗಳಿವೆಯೇ?,Acarbose,warnings
kn,Sitagliptin ಬಗ್ಗೆ ಯಾವ ಎಚ್ಚರಿಕೆಗಳನ್ನು ತಿಳಿದುಕೊಳ್ಳಬೇಕು?,Sitagliptin,warnings
kn,Insulin Glargine ಬಗ್ಗೆ ನಾನು ಏನು ತಿಳಿದುಕೊಳ್ಳಬೇಕು?,Insulin Glargine,medicine_info
en,What should I be careful about when taking Vildagliptin?,Vildagliptin,warnings
en,How do I take Ibuprofen?,Ibuprofen,dosage
kn,Chlorthalidone ಬಗ್ಗೆ ಮಾಹಿತಿ ನೀಡಿ.,Chlorthalidone,medicine_info
en,What are the side effects of Insulin Glargine?,Insulin Glargine,side_effects
en,Who should avoid Glimepiride?,Glimepiride,contraindications
kn,Hydroxychloroquine ಇತರ ಔಷಧಿಗಳೊಂದಿಗೆ ಪರಸ್ಪರ ಕ್ರಿಯೆ ಮಾಡುತ್ತದೆಯೇ?,Hydroxychloroquine,interactions
kn,Ibuprofen ನ ಅಡ್ಡ ಪರಿಣಾಮಗಳು ಯಾವುವು?,Ibuprofen,side_effects
en,What is Sulfasalazine used for?,Sulfasalazine,uses
tulu,Insulin Glargine ಯಾನ್ ಎಂಚ ಉಪಯೋಗ ಮಲ್ಪುಲೆ?,Insulin Glargine,dosage
tulu,Ibuprofen ಯಾನ್ ಎಂಚ ದೆತೊನ್ಬೇಕು?,Ibuprofen,dosage
en,Can Clonidine cause any side effects?,Clonidine,side_effects
tulu,Prednisolone ಯಾನ್ ಎತ್ ಕಾಯಿಲೆಗ್ ಉಪಯೋಗ ಆಪುಂಡು?,Prednisolone,uses
kn,Leflunomide ಅನ್ನು ಹೇಗೆ ಬಳಸಬೇಕು?,Leflunomide,dosage
en,What is Carvedilol used for?,Carvedilol,uses
tulu,Naproxen ಬಗ್ಗೆ ಎಚ್ಚರಿಕೆ ಉಂಡಾ?,Naproxen,warnings
tulu,Dapagliflozin ಬಗ್ಗೆ ಎಚ್ಚರಿಕೆ ಉಂಡಾ?,Dapagliflozin,warnings
tulu,Sulfasalazine ಯಾನ್ ಎತ್ ಕಾಯಿಲೆಗ್ ಉಪಯೋಗ ಆಪುಂಡು?,Sulfasalazine,uses
tulu,Carvedilol ಬಗ್ಗೆ ಎಂಚಿನ ಎಚ್ಚರಿಕೆ ಉಂಡು?,Carvedilol,warnings
en,What conditions is Leflunomide used for?,Leflunomide,uses
en,Are there any warnings about Colchicine?,Colchicine,warnings
en,What are the side effects of Hydroxychloroquine?,Hydroxychloroquine,side_effects
kn,Sitagliptin ತೆಗೆದುಕೊಳ್ಳುವಾಗ ನಾನು ಯಾವುದರ ಬಗ್ಗೆ ಎಚ್ಚರಿಕೆಯಿಂದ ಇರಬೇಕು?,Sitagliptin,warnings
en,Who should not take Leflunomide?,Leflunomide,contraindications
kn,Acarbose ಬಗ್ಗೆ ನಾನು ಏನು ತಿಳಿದುಕೊಳ್ಳಬೇಕು?,Acarbose,medicine_info
kn,Empagliflozin ಬಗ್ಗೆ ಯಾವುದೇ ಎಚ್ಚರಿಕೆಗಳಿವೆಯೇ?,Empagliflozin,warnings
en,Can Enalapril cause any side effects?,Enalapril,side_effects
tulu,Sulfasalazine ಬೊಕ್ಕ ಬೇತೆ ಮರ್ದ್‌ಲು ಒಟ್ಟುಗು ಪರಸ್ಪರ ಕ್ರಿಯೆ ಮಲ್ಪುಂಡಾ?,Sulfasalazine,interactions
en,Who should avoid Losartan?,Losartan,contraindications
kn,Diclofenac ಇತರ ಔಷಧಿಗಳೊಂದಿಗೆ ಪರಸ್ಪರ ಕ್ರಿಯೆ ಮಾಡುತ್ತದೆಯೇ?,Diclofenac,interactions
tulu,ಎಂಚಿನ ಮರ್ದ್‌ಲು Losartan ಬೊಕ್ಕ ಪರಸ್ಪರ ಕ್ರಿಯೆ ಮಲ್ಪುಂಡು?,Losartan,interactions
tulu,Amlodipine ದೆಂದ್?,Amlodipine,medicine_info
kn,Sitagliptin ನ ಡೋಸೇಜ್ ಮಾಹಿತಿ ಏನು?,Sitagliptin,dosage
en,What warnings should I know about Sulfasalazine?,Sulfasalazine,warnings
kn,Glimepiride ನ ಅಡ್ಡ ಪರಿಣಾಮಗಳು ಯಾವುವು?,Glimepiride,side_effects
en,What are the side effects of Telmisartan?,Telmisartan,side_effects
en,How do I take Enalapril?,Enalapril,dosage
tulu,Naproxen ಯಾನ್ ಯಾನ್ ಸಮಯಡ್ ದೆತೊನ್ಬಾರದು?,Naproxen,contraindications
kn,Insulin Glargine ತೆಗೆದುಕೊಳ್ಳುವಾಗ ನಾನು ಯಾವುದರ ಬಗ್ಗೆ ಎಚ್ಚರಿಕೆಯಿಂದ ಇರಬೇಕು?,Insulin Glargine,warnings
kn,Telmisartan ತೆಗೆದುಕೊಳ್ಳುವಾಗ ನಾನು ಯಾವುದರ ಬಗ್ಗೆ ಎಚ್ಚರಿಕೆಯಿಂದ ಇರಬೇಕು?,Telmisartan,warnings
kn,Hydrochlorothiazide ನಿಂದ ಯಾವ ಸಮಸ್ಯೆಗಳು ಉಂಟಾಗಬಹುದು?,Hydrochlorothiazide,side_effects
kn,Colchicine ಬಗ್ಗೆ ಯಾವ ಎಚ್ಚರಿಕೆಗಳನ್ನು ತಿಳಿದುಕೊಳ್ಳಬೇಕು?,Colchicine,warnings
kn,Atenolol ಬಗ್ಗೆ ಯಾವ ಎಚ್ಚರಿಕೆಗಳನ್ನು ತಿಳಿದುಕೊಳ್ಳಬೇಕು?,Atenolol,warnings
tulu,Glipizide ಬಗ್ಗೆ ಎಂಚಿನ ಎಚ್ಚರಿಕೆ ಉಂಡು?,Glipizide,warnings
tulu,Sitagliptin ದ ಬಗ್ಗೆ ಮಾಹಿತಿ ಕೊರ್ಲೆ.,Sitagliptin,medicine_info
en,How should Dapagliflozin be taken?,Dapagliflozin,dosage
en,What are the side effects of Sitagliptin?,Sitagliptin,side_effects
kn,Colchicine ಬಗ್ಗೆ ನಾನು ಏನು ತಿಳಿದುಕೊಳ್ಳಬೇಕು?,Colchicine,medicine_info
tulu,Naproxen ದೆತೊನುವಾಗ ಎಂಚಿನ ಎಚ್ಚರಿಕೆ ಕೊರ್ಲೆ?,Naproxen,warnings
kn,Insulin Glargine ಅನ್ನು ಹೇಗೆ ಬಳಸಬೇಕು?,Insulin Glargine,dosage
kn,Hydrochlorothiazide ಅಡ್ಡ ಪರಿಣಾಮಗಳನ್ನು ಉಂಟುಮಾಡಬಹುದೇ?,Hydrochlorothiazide,side_effects
kn,Colchicine ಅನ್ನು ಯಾವುದಕ್ಕಾಗಿ ಬಳಸುತ್ತಾರೆ?,Colchicine,uses
en,What is the dosage information for Atenolol?,Atenolol,dosage
kn,Metformin ಇತರ ಔಷಧಿಗಳೊಂದಿಗೆ ಪರಸ್ಪರ ಕ್ರಿಯೆ ಮಾಡುತ್ತದೆಯೇ?,Metformin,interactions
tulu,Methotrexate ಯಾನ್ ಎಂಚ ದೆತೊನ್ಬೇಕು?,Methotrexate,dosage
tulu,Hydroxychloroquine ದ ಡೋಸೇಜ್ ಮಾಹಿತಿ ಎಂಚಿನದು?,Hydroxychloroquine,dosage
kn,Leflunomide ಬಗ್ಗೆ ಮಾಹಿತಿ ನೀಡಿ.,Leflunomide,medicine_info
en,What warnings should I know about Glipizide?,Glipizide,warnings
kn,Metformin ಅಡ್ಡ ಪರಿಣಾಮಗಳನ್ನು ಉಂಟುಮಾಡಬಹುದೇ?,Metformin,side_effects
kn,Methotrexate ನಿಂದ ಯಾವ ಸಮಸ್ಯೆಗಳು ಉಂಟಾಗಬಹುದು?,Methotrexate,side_effects
tulu,Dapagliflozin ದಿಂದ ಎಂಚಿನ ಸಮಸ್ಯೆ ಆಪುಂಡು?,Dapagliflozin,side_effects
kn,Insulin Glargine ಬಗ್ಗೆ ಯಾವುದೇ ಎಚ್ಚರಿಕೆಗಳಿವೆಯೇ?,Insulin Glargine,warnings
en,Why is Vildagliptin used?,Vildagliptin,uses
en,When should Ramipril not be used?,Ramipril,contraindications
en,What should I be careful about when taking Hydrochlorothiazide?,Hydrochlorothiazide,warnings
tulu,Sitagliptin ದ ಡೋಸೇಜ್ ಮಾಹಿತಿ ಎಂಚಿನದು?,Sitagliptin,dosage
tulu,Carvedilol ದಿಂದ ಎಂಚಿನ ಸಮಸ್ಯೆ ಆಪುಂಡು?,Carvedilol,side_effects
kn,Glipizide ಬಗ್ಗೆ ಯಾವ ಎಚ್ಚರಿಕೆಗಳನ್ನು ತಿಳಿದುಕೊಳ್ಳಬೇಕು?,Glipizide,warnings
en,Are there any warnings about Empagliflozin?,Empagliflozin,warnings
tulu,Celecoxib ಬೇತೆ ಮರ್ದ್‌ದೊಟ್ಟುಗು ಪ್ರತಿಕ್ರಿಯೆ ಮಲ್ಪುಂಡಾ?,Celecoxib,interactions
kn,Diclofenac ಅನ್ನು ಹೇಗೆ ತೆಗೆದುಕೊಳ್ಳಬೇಕು?,Diclofenac,dosage
kn,Hydrochlorothiazide ಅನ್ನು ಹೇಗೆ ತೆಗೆದುಕೊಳ್ಳಬೇಕು?,Hydrochlorothiazide,dosage
kn,Dapagliflozin ಬಗ್ಗೆ ನಾನು ಏನು ತಿಳಿದುಕೊಳ್ಳಬೇಕು?,Dapagliflozin,medicine_info
kn,Prednisolone ಇತರ ಔಷಧಿಗಳೊಂದಿಗೆ ಪ್ರತಿಕ್ರಿಯಿಸಬಹುದೇ?,Prednisolone,interactions
tulu,Dapagliflozin ಯಾನ್ ಎಂಚ ಉಪಯೋಗ ಮಲ್ಪುಲೆ?,Dapagliflozin,dosage
tulu,Diclofenac ಯಾನ್ ಯಾಕೆ ಉಪಯೋಗ ಮಲ್ಪುಂಡು?,Diclofenac,uses
kn,ಯಾರು Carvedilol ಅನ್ನು ತಪ್ಪಿಸಬೇಕು?,Carvedilol,contraindications
kn,Ramipril ಇತರ ಔಷಧಿಗಳೊಂದಿಗೆ ಪರಸ್ಪರ ಕ್ರಿಯೆ ಮಾಡುತ್ತದೆಯೇ?,Ramipril,interactions
tulu,ಯಾರೆ Metformin ಯಾನ್ ತಪ್ಪಿಸಾಯೆರೆ?,Metformin,contraindications
tulu,Chlorthalidone ದ ಬಗ್ಗೆ ಮಾಹಿತಿ ಕೊರ್ಲೆ.,Chlorthalidone,medicine_info
en,What is Dapagliflozin used for?,Dapagliflozin,uses
tulu,Amlodipine ಯಾನ್ ಎಂಚ ಉಪಯೋಗ ಮಲ್ಪುಲೆ?,Amlodipine,dosage
tulu,Leflunomide ದಿಂದ ಅಡ್ಡ ಪರಿಣಾಮ ಆಪುಂಡಾ?,Leflunomide,side_effects
tulu,ಯಾರೆ Hydroxychloroquine ಯಾನ್ ತಪ್ಪಿಸಾಯೆರೆ?,Hydroxychloroquine,contraindications
tulu,Enalapril ದಿಂದ ಅಡ್ಡ ಪರಿಣಾಮ ಆಪುಂಡಾ?,Enalapril,side_effects
tulu,ಎಂಚಿನ ಮರ್ದ್‌ಲು Prednisolone ಬೊಕ್ಕ ಪರಸ್ಪರ ಕ್ರಿಯೆ ಮಲ್ಪುಂಡು?,Prednisolone,interactions
tulu,Colchicine ಯಾನ್ ಯಾಕೆ ಉಪಯೋಗ ಮಲ್ಪುಂಡು?,Colchicine,uses
kn,Acarbose ನ ಅಡ್ಡ ಪರಿಣಾಮಗಳು ಯಾವುವು?,Acarbose,side_effects
kn,Glipizide ನಿಂದ ಯಾವ ಸಮಸ್ಯೆಗಳು ಉಂಟಾಗಬಹುದು?,Glipizide,side_effects
en,Can Colchicine cause any side effects?,Colchicine,side_effects
kn,Insulin Glargine ಬಗ್ಗೆ ಯಾವ ಎಚ್ಚರಿಕೆಗಳನ್ನು ತಿಳಿದುಕೊಳ್ಳಬೇಕು?,Insulin Glargine,warnings
kn,Colchicine ಅನ್ನು ಹೇಗೆ ಬಳಸಬೇಕು?,Colchicine,dosage
kn,Sitagliptin ಬಗ್ಗೆ ನಾನು ಏನು ತಿಳಿದುಕೊಳ್ಳಬೇಕು?,Sitagliptin,medicine_info
en,Can Acarbose cause any side effects?,Acarbose,side_effects
tulu,Methotrexate ದೆತೊನುವಾಗ ಎಂಚಿನ ಎಚ್ಚರಿಕೆ ಕೊರ್ಲೆ?,Methotrexate,warnings
en,What is the dosage information for Acarbose?,Acarbose,dosage
tulu,Empagliflozin ಯಾನ್ ಎತ್ಕ್ ಉಪಯೋಗ ಆಪುಂಡು?,Empagliflozin,uses
tulu,Sitagliptin ದೆಂದ್?,Sitagliptin,medicine_info
tulu,Metformin ಯಾನ್ ಎಂಚ ದೆತೊನ್ಬೇಕು?,Metformin,dosage
en,What problems can Vildagliptin cause?,Vildagliptin,side_effects
tulu,Naproxen ಬೇತೆ ಮರ್ದ್‌ದೊಟ್ಟುಗು ಪ್ರತಿಕ್ರಿಯೆ ಮಲ್ಪುಂಡಾ?,Naproxen,interactions
tulu,ಎಂಚಿನ ಮರ್ದ್‌ಲು Naproxen ಬೊಕ್ಕ ಪರಸ್ಪರ ಕ್ರಿಯೆ ಮಲ್ಪುಂಡು?,Naproxen,interactions
en,How should Amlodipine be taken?,Amlodipine,dosage
kn,Diclofenac ಅನ್ನು ಯಾರು ತೆಗೆದುಕೊಳ್ಳಬಾರದು?,Diclofenac,contraindications
tulu,Naproxen ಯಾನ್ ಯಾಕೆ ಉಪಯೋಗ ಮಲ್ಪುಂಡು?,Naproxen,uses
tulu,Atenolol ಯಾನ್ ಎತ್ ಕಾಯಿಲೆಗ್ ಉಪಯೋಗ ಆಪುಂಡು?,Atenolol,uses
kn,Chlorthalidone ಇತರ ಔಷಧಿಗಳೊಂದಿಗೆ ಪರಸ್ಪರ ಕ್ರಿಯೆ ಮಾಡುತ್ತದೆಯೇ?,Chlorthalidone,interactions
tulu,Pioglitazone ಯಾನ್ ಯಾರೆ ದೆತೊನ್ಬಾರದು?,Pioglitazone,contraindications
en,How do I take Vildagliptin?,Vildagliptin,dosage
tulu,Acarbose ದ ಅಡ್ಡ ಪರಿಣಾಮೊಲು ಎಂಚಿನವು?,Acarbose,side_effects
tulu,Ramipril ಯಾನ್ ಯಾನ್ ಸಮಯಡ್ ದೆತೊನ್ಬಾರದು?,Ramipril,contraindications
tulu,Pioglitazone ದೆತೊನುವಾಗ ಎಂಚಿನ ಎಚ್ಚರಿಕೆ ಕೊರ್ಲೆ?,Pioglitazone,warnings
kn,Ibuprofen ಅನ್ನು ಯಾವುದಕ್ಕಾಗಿ ಬಳಸುತ್ತಾರೆ?,Ibuprofen,uses
kn,Atenolol ಎಂದರೇನು?,Atenolol,medicine_info
tulu,Amlodipine ದಿಂದ ಅಡ್ಡ ಪರಿಣಾಮ ಆಪುಂಡಾ?,Amlodipine,side_effects
en,What are the side effects of Carvedilol?,Carvedilol,side_effects
en,What conditions is Pioglitazone used for?,Pioglitazone,uses
en,Can Glimepiride interact with other drugs?,Glimepiride,interactions
tulu,Naproxen ದ ಅಡ್ಡ ಪರಿಣಾಮೊಲು ಎಂಚಿನವು?,Naproxen,side_effects
tulu,Losartan ಬಗ್ಗೆ ಎಚ್ಚರಿಕೆ ಉಂಡಾ?,Losartan,warnings
tulu,Ramipril ಬೊಕ್ಕ ಬೇತೆ ಮರ್ದ್‌ಲು ಒಟ್ಟುಗು ಪರಸ್ಪರ ಕ್ರಿಯೆ ಮಲ್ಪುಂಡಾ?,Ramipril,interactions
en,What conditions is Dapagliflozin used for?,Dapagliflozin,uses
en,What should I be careful about when taking Enalapril?,Enalapril,warnings
tulu,ಎಂಚಿನ ಮರ್ದ್‌ಲು Carvedilol ಬೊಕ್ಕ ಪರಸ್ಪರ ಕ್ರಿಯೆ ಮಲ್ಪುಂಡು?,Carvedilol,interactions
tulu,Atenolol ದೆಂದ್?,Atenolol,medicine_info
tulu,Dapagliflozin ಯಾನ್ ಯಾರೆ ದೆತೊನ್ಬಾರದು?,Dapagliflozin,contraindications
tulu,Amlodipine ಬೇತೆ ಮರ್ದ್‌ದೊಟ್ಟುಗು ಪ್ರತಿಕ್ರಿಯೆ ಮಲ್ಪುಂಡಾ?,Amlodipine,interactions
tulu,Dapagliflozin ದಿಂದ ಅಡ್ಡ ಪರಿಣಾಮ ಆಪುಂಡಾ?,Dapagliflozin,side_effects
en,What do I need to know about Telmisartan?,Telmisartan,medicine_info
en,What is the dosage information for Enalapril?,Enalapril,dosage
tulu,Enalapril ದೆತೊನುವಾಗ ಎಂಚಿನ ಎಚ್ಚರಿಕೆ ಕೊರ್ಲೆ?,Enalapril,warnings
tulu,Hydroxychloroquine ಬಗ್ಗೆ ಎಂಕ್ ಏನ್ ಗೊತ್ತ್ ಆಪುನ?,Hydroxychloroquine,medicine_info
en,What is Methotrexate?,Methotrexate,medicine_info
kn,ಯಾವ ಔಷಧಿಗಳು Colchicine ಜೊತೆ ಪರಸ್ಪರ ಕ್ರಿಯೆ ಮಾಡಬಹುದು?,Colchicine,interactions
en,What is Dapagliflozin?,Dapagliflozin,medicine_info
en,What should I be careful about when taking Ibuprofen?,Ibuprofen,warnings
tulu,ಯಾರೆ Insulin Glargine ಯಾನ್ ತಪ್ಪಿಸಾಯೆರೆ?,Insulin Glargine,contraindications
tulu,Metformin ದ ಬಗ್ಗೆ ಮಾಹಿತಿ ಕೊರ್ಲೆ.,Metformin,medicine_info
kn,Hydroxychloroquine ಇತರ ಔಷಧಿಗಳೊಂದಿಗೆ ಪ್ರತಿಕ್ರಿಯಿಸಬಹುದೇ?,Hydroxychloroquine,interactions
tulu,Empagliflozin ಯಾನ್ ಯಾರೆ ದೆತೊನ್ಬಾರದು?,Empagliflozin,contraindications
tulu,Clonidine ಬೊಕ್ಕ ಬೇತೆ ಮರ್ದ್‌ಲು ಒಟ್ಟುಗು ಪರಸ್ಪರ ಕ್ರಿಯೆ ಮಲ್ಪುಂಡಾ?,Clonidine,interactions
tulu,Sitagliptin ದೆತೊನುವಾಗ ಎಂಚಿನ ಎಚ್ಚರಿಕೆ ಕೊರ್ಲೆ?,Sitagliptin,warnings
tulu,Glipizide ಯಾನ್ ಎಂಚ ದೆತೊನ್ಬೇಕು?,Glipizide,dosage
en,What should I be careful about when taking Diclofenac?,Diclofenac,warnings
en,Does Dapagliflozin interact with other medicines?,Dapagliflozin,interactions
tulu,Sitagliptin ಯಾನ್ ಯಾರೆ ದೆತೊನ್ಬಾರದು?,Sitagliptin,contraindications
en,How should Empagliflozin be taken?,Empagliflozin,dosage
tulu,ಯಾರೆ Diclofenac ಯಾನ್ ತಪ್ಪಿಸಾಯೆರೆ?,Diclofenac,contraindications
kn,Hydroxychloroquine ಅಡ್ಡ ಪರಿಣಾಮಗಳನ್ನು ಉಂಟುಮಾಡಬಹುದೇ?,Hydroxychloroquine,side_effects
en,Tell me about Pioglitazone.,Pioglitazone,medicine_info
tulu,Glipizide ಯಾನ್ ಯಾರೆ ದೆತೊನ್ಬಾರದು?,Glipizide,contraindications
tulu,Hydrochlorothiazide ದಿಂದ ಅಡ್ಡ ಪರಿಣಾಮ ಆಪುಂಡಾ?,Hydrochlorothiazide,side_effects
kn,ಯಾರು Acarbose ಅನ್ನು ತಪ್ಪಿಸಬೇಕು?,Acarbose,contraindications
kn,Glimepiride ಬಗ್ಗೆ ಯಾವುದೇ ಎಚ್ಚರಿಕೆಗಳಿವೆಯೇ?,Glimepiride,warnings
tulu,Empagliflozin ಬಗ್ಗೆ ಎಚ್ಚರಿಕೆ ಉಂಡಾ?,Empagliflozin,warnings
kn,Losartan ತೆಗೆದುಕೊಳ್ಳುವಾಗ ನಾನು ಯಾವುದರ ಬಗ್ಗೆ ಎಚ್ಚರಿಕೆಯಿಂದ ಇರಬೇಕು?,Losartan,warnings
tulu,Dapagliflozin ಬಗ್ಗೆ ಎಂಕ್ ಏನ್ ಗೊತ್ತ್ ಆಪುನ?,Dapagliflozin,medicine_info
kn,Celecoxib ಅನ್ನು ಹೇಗೆ ತೆಗೆದುಕೊಳ್ಳಬೇಕು?,Celecoxib,dosage
tulu,Enalapril ಯಾನ್ ಎತ್ಕ್ ಉಪಯೋಗ ಆಪುಂಡು?,Enalapril,uses
en,Does Enalapril interact with other medicines?,Enalapril,interactions
en,What problems can Leflunomide cause?,Leflunomide,side_effects
en,What medicines can interact with Clonidine?,Clonidine,interactions
tulu,Sulfasalazine ದ ಬಗ್ಗೆ ಮಾಹಿತಿ ಕೊರ್ಲೆ.,Sulfasalazine,medicine_info
kn,Losartan ಇತರ ಔಷಧಿಗಳೊಂದಿಗೆ ಪ್ರತಿಕ್ರಿಯಿಸಬಹುದೇ?,Losartan,interactions
tulu,Hydrochlorothiazide ಯಾನ್ ಎಂಚ ಉಪಯೋಗ ಮಲ್ಪುಲೆ?,Hydrochlorothiazide,dosage
tulu,Sulfasalazine ದ ಡೋಸೇಜ್ ಮಾಹಿತಿ ಎಂಚಿನದು?,Sulfasalazine,dosage
tulu,Leflunomide ದಿಂದ ಎಂಚಿನ ಸಮಸ್ಯೆ ಆಪುಂಡು?,Leflunomide,side_effects
kn,Methotrexate ಏಕೆ ಬಳಸಲಾಗುತ್ತದೆ?,Methotrexate,uses
kn,Insulin Glargine ಅನ್ನು ಯಾವಾಗ ಬಳಸಬಾರದು?,Insulin Glargine,contraindications
en,What problems can Glimepiride cause?,Glimepiride,side_effects
kn,ಯಾರು Leflunomide ಅನ್ನು ತಪ್ಪಿಸಬೇಕು?,Leflunomide,contraindications
kn,Atenolol ಬಗ್ಗೆ ಯಾವುದೇ ಎಚ್ಚರಿಕೆಗಳಿವೆಯೇ?,Atenolol,warnings
tulu,Insulin Glargine ದ ಅಡ್ಡ ಪರಿಣಾಮೊಲು ಎಂಚಿನವು?,Insulin Glargine,side_effects
en,How do I take Empagliflozin?,Empagliflozin,dosage
tulu,Empagliflozin ಬಗ್ಗೆ ಎಂಕ್ ಏನ್ ಗೊತ್ತ್ ಆಪುನ?,Empagliflozin,medicine_info
tulu,Amlodipine ಯಾನ್ ಯಾಕೆ ಉಪಯೋಗ ಮಲ್ಪುಂಡು?,Amlodipine,uses
kn,Telmisartan ನ ಅಡ್ಡ ಪರಿಣಾಮಗಳು ಯಾವುವು?,Telmisartan,side_effects
kn,Glipizide ನ ಅಡ್ಡ ಪರಿಣಾಮಗಳು ಯಾವುವು?,Glipizide,side_effects
kn,Naproxen ಅನ್ನು ಹೇಗೆ ಬಳಸಬೇಕು?,Naproxen,dosage
en,Tell me about Ibuprofen.,Ibuprofen,medicine_info
kn,Ramipril ಅನ್ನು ಹೇಗೆ ಬಳಸಬೇಕು?,Ramipril,dosage
tulu,ಯಾರೆ Celecoxib ಯಾನ್ ತಪ್ಪಿಸಾಯೆರೆ?,Celecoxib,contraindications
tulu,Glimepiride ಯಾನ್ ಎತ್ಕ್ ಉಪಯೋಗ ಆಪುಂಡು?,Glimepiride,uses
en,What do I need to know about Atenolol?,Atenolol,medicine_info
tulu,Ramipril ದ ಅಡ್ಡ ಪರಿಣಾಮೊಲು ಎಂಚಿನವು?,Ramipril,side_effects
kn,Dapagliflozin ಏಕೆ ಬಳಸಲಾಗುತ್ತದೆ?,Dapagliflozin,uses
en,What problems can Pioglitazone cause?,Pioglitazone,side_effects
en,Are there any warnings about Insulin Glargine?,Insulin Glargine,warnings
tulu,Sulfasalazine ಬಗ್ಗೆ ಎಂಚಿನ ಎಚ್ಚರಿಕೆ ಉಂಡು?,Sulfasalazine,warnings
tulu,Sitagliptin ಬಗ್ಗೆ ಎಂಚಿನ ಎಚ್ಚರಿಕೆ ಉಂಡು?,Sitagliptin,warnings
en,Tell me about Diclofenac.,Diclofenac,medicine_info
tulu,Hydrochlorothiazide ದ ಬಗ್ಗೆ ಮಾಹಿತಿ ಕೊರ್ಲೆ.,Hydrochlorothiazide,medicine_info
tulu,Enalapril ಬೇತೆ ಮರ್ದ್‌ದೊಟ್ಟುಗು ಪ್ರತಿಕ್ರಿಯೆ ಮಲ್ಪುಂಡಾ?,Enalapril,interactions
en,Who should avoid Telmisartan?,Telmisartan,contraindications
en,When should Naproxen not be used?,Naproxen,contraindications
kn,Carvedilol ಅನ್ನು ಯಾವುದಕ್ಕಾಗಿ ಬಳಸುತ್ತಾರೆ?,Carvedilol,uses
tulu,Sitagliptin ಬೇತೆ ಮರ್ದ್‌ದೊಟ್ಟುಗು ಪ್ರತಿಕ್ರಿಯೆ ಮಲ್ಪುಂಡಾ?,Sitagliptin,interactions
kn,Methotrexate ನ ಅಡ್ಡ ಪರಿಣಾಮಗಳು ಯಾವುವು?,Methotrexate,side_effects
en,How do I take Sulfasalazine?,Sulfasalazine,dosage
tulu,Leflunomide ದ ಡೋಸೇಜ್ ಮಾಹಿತಿ ಎಂಚಿನದು?,Leflunomide,dosage
en,Tell me about Metformin.,Metformin,medicine_info
en,What warnings should I know about Pioglitazone?,Pioglitazone,warnings
en,Who should avoid Leflunomide?,Leflunomide,contraindications
en,Why is Diclofenac used?,Diclofenac,uses
en,Can Chlorthalidone cause any side effects?,Chlorthalidone,side_effects
kn,Carvedilol ಅನ್ನು ಯಾರು ತೆಗೆದುಕೊಳ್ಳಬಾರದು?,Carvedilol,contraindications
kn,Vildagliptin ಬಗ್ಗೆ ಯಾವುದೇ ಎಚ್ಚರಿಕೆಗಳಿವೆಯೇ?,Vildagliptin,warnings
kn,Glimepiride ಅಡ್ಡ ಪರಿಣಾಮಗಳನ್ನು ಉಂಟುಮಾಡಬಹುದೇ?,Glimepiride,side_effects
en,Can Telmisartan cause any side effects?,Telmisartan,side_effects
en,What conditions is Hydroxychloroquine used for?,Hydroxychloroquine,uses
en,When should Dapagliflozin not be used?,Dapagliflozin,contraindications
en,What problems can Colchicine cause?,Colchicine,side_effects
kn,Glipizide ಅನ್ನು ಯಾವಾಗ ಬಳಸಬಾರದು?,Glipizide,contraindications
kn,Losartan ಬಗ್ಗೆ ಯಾವುದೇ ಎಚ್ಚರಿಕೆಗಳಿವೆಯೇ?,Losartan,warnings
tulu,Metformin ದಿಂದ ಎಂಚಿನ ಸಮಸ್ಯೆ ಆಪುಂಡು?,Metformin,side_effects
en,Are there any warnings about Celecoxib?,Celecoxib,warnings
kn,Losartan ಬಗ್ಗೆ ಮಾಹಿತಿ ನೀಡಿ.,Losartan,medicine_info
en,How do I take Metformin?,Metformin,dosage
kn,Colchicine ನಿಂದ ಯಾವ ಸಮಸ್ಯೆಗಳು ಉಂಟಾಗಬಹುದು?,Colchicine,side_effects
kn,Carvedilol ಯಾವ ಕಾಯಿಲೆಗೆ ಬಳಸಲಾಗುತ್ತದೆ?,Carvedilol,uses
kn,Clonidine ಏಕೆ ಬಳಸಲಾಗುತ್ತದೆ?,Clonidine,uses
en,When should Hydroxychloroquine not be used?,Hydroxychloroquine,contraindications
kn,ಯಾರು Clonidine ಅನ್ನು ತಪ್ಪಿಸಬೇಕು?,Clonidine,contraindications
tulu,Methotrexate ದ ಬಗ್ಗೆ ಮಾಹಿತಿ ಕೊರ್ಲೆ.,Methotrexate,medicine_info
tulu,Empagliflozin ದ ಬಗ್ಗೆ ಮಾಹಿತಿ ಕೊರ್ಲೆ.,Empagliflozin,medicine_info
kn,Enalapril ನ ಡೋಸೇಜ್ ಮಾಹಿತಿ ಏನು?,Enalapril,dosage
tulu,Vildagliptin ದ ಬಗ್ಗೆ ಮಾಹಿತಿ ಕೊರ್ಲೆ.,Vildagliptin,medicine_info
