patient_id,split
P00001,train
P00002,train
P00003,train
P00004,train
P00005,train
P00006,validation
P00007,train
P00008,train
P00009,train
P00010,test
P00011,train
P00012,train
P00013,train
P00014,train
P00015,train
P00016,train
P00017,train
P00018,train
P00019,train
P00020,train
P00021,train
P00022,train
P00023,train
P00024,test
P00025,train
P00026,train
P00027,test
P00028,train
P00029,train
P00030,test
P00031,train
P00032,train
P00033,train
P00034,train
P00035,train
P00036,train
P00037,train
P00038,train
P00039,train
P00040,train
P00041,train
P00042,train
P00043,train
P00044,train
P00045,validation
P00046,train
P00047,train
P00048,train
P00049,train
P00050,train
P00051,train
P00052,test
P00053,train
P00054,train
P00055,train
P00056,train
P00057,train
P00058,train
P00059,test
P00060,train
P00061,train
P00062,train
P00063,train
P00064,train
P00065,train
P00066,train
P00067,train
P00068,train
P00069,train
P00070,train
P00071,test
P00072,train
P00073,train
P00074,train
P00075,train
P00076,train
P00077,train
P00078,validation
P00079,train
P00080,train
P00081,train
P00082,train
P00083,train
P00084,train
P00085,test
P00086,train
P00087,train
P00088,train
P00089,train
P00090,train
P00091,train
P00092,train
P00093,train
P00094,train
P00095,train
P00096,train
P00097,train
P00098,train
P00099,train
P00100,train
P00101,train
P00102,train
P00103,train
P00104,test
P00105,train
P00106,train
P00107,train
P00108,validation
P00109,train
P00110,train
P00111,train
P00112,train
P00113,train
P00114,train
P00115,train
P00116,test
P00117,train
P00118,test
P00119,train
P00120,train
P00121,train
P00122,train
P00123,train
P00124,test
P00125,train
P00126,test
P00127,train
P00128,train
P00129,train
P00130,train
P00131,train
P00132,train
P00133,train
P00134,train
P00135,train
P00136,train
P00137,train
P00138,train
P00139,train
P00140,test
P00141,test
P00142,train
P00143,validation
P00144,train
P00145,test
P00146,train
P00147,train
P00148,validation
P00149,validation
P00150,train
P00151,train
P00152,train
P00153,train
P00154,train
P00155,train
P00156,train
P00157,train
P00158,validation
P00159,train
P00160,train
P00161,train
P00162,test
P00163,test
P00164,test
P00165,validation
P00166,train
P00167,train
P00168,train
P00169,validation
P00170,train
P00171,train
P00172,train
P00173,train
P00174,train
P00175,train
P00176,train
P00177,train
P00178,validation
P00179,train
P00180,train
P00181,train
P00182,validation
P00183,train
P00184,train
P00185,train
P00186,train
P00187,train
P00188,validation
P00189,train
P00190,train
P00191,train
P00192,train
P00193,train
P00194,train
P00195,train
P00196,train
P00197,train
P00198,train
P00199,train
P00200,train
P00201,train
P00202,train
P00203,train
P00204,train
P00205,train
P00206,train
P00207,train
P00208,train
P00209,train
P00210,train
P00211,train
P00212,train
P00213,train
P00214,train
P00215,train
P00216,train
P00217,train
P00218,train
P00219,train
P00220,train
P00221,train
P00222,train
P00223,train
P00224,train
P00225,train
P00226,train
P00227,train
P00228,train
P00229,train
P00230,train
P00231,train
P00232,train
P00233,train
P00234,test
P00235,train
P00236,test
P00237,test
P00238,train
P00239,train
P00240,train
P00241,train
P00242,train
P00243,train
P00244,train
P00245,train
P00246,train
P00247,test
P00248,train
P00249,train
P00250,train
P00251,train
P00252,train
P00253,train
P00254,train
P00255,train
P00256,train
P00257,train
P00258,train
P00259,train
P00260,validation
P00261,validation
P00262,train
P00263,validation
P00264,train
P00265,train
P00266,train
P00267,train
P00268,train
P00269,train
P00270,train
P00271,train
P00272,train
P00273,validation
P00274,train
P00275,train
P00276,train
P00277,train
P00278,test
P00279,validation
P00280,train
P00281,train
P00282,train
P00283,train
P00284,train
P00285,train
P00286,train
P00287,train
P00288,train
P00289,train
P00290,train
P00291,train
P00292,train
P00293,train
P00294,train
P00295,validation
P00296,validation
P00297,train
P00298,train
P00299,train
P00300,test
P00301,validation
P00302,test
P00303,train
P00304,train
P00305,train
P00306,validation
P00307,train
P00308,train
P00309,train
P00310,train
P00311,train
P00312,train
P00313,train
P00314,validation
P00315,train
P00316,train
P00317,train
P00318,test
P00319,train
P00320,train
P00321,validation
P00322,train
P00323,train
P00324,validation
P00325,train
P00326,test
P00327,validation
P00328,train
P00329,train
P00330,train
P00331,train
P00332,train
P00333,test
P00334,train
P00335,train
P00336,train
P00337,train
P00338,train
P00339,train
P00340,test
P00341,train
P00342,test
P00343,train
P00344,train
P00345,validation
P00346,train
P00347,train
P00348,train
P00349,train
P00350,train
P00351,validation
P00352,train
P00353,train
P00354,train
P00355,train
P00356,train
P00357,train
P00358,test
P00359,test
P00360,train
P00361,train
P00362,train
P00363,train
P00364,train
P00365,validation
P00366,train
P00367,train
P00368,test
P00369,train
P00370,train
P00371,train
P00372,train
P00373,train
P00374,train
P00375,train
P00376,train
P00377,train
P00378,train
P00379,validation
P00380,train
P00381,train
P00382,test
P00383,train
P00384,train
P00385,train
P00386,train
P00387,validation
P00388,train
P00389,test
P00390,test
P00391,train
P00392,train
P00393,train
P00394,train
P00395,train
P00396,train
P00397,train
P00398,train
P00399,train
P00400,test
P00401,train
P00402,train
P00403,train
P00404,train
P00405,train
P00406,train
P00407,validation
P00408,train
P00409,train
P00410,train
P00411,train
P00412,train
P00413,train
P00414,validation
P00415,train
P00416,train
P00417,train
P00418,train
P00419,train
P00420,validation
P00421,train
P00422,train
P00423,validation
P00424,train
P00425,train
P00426,train
P00427,train
P00428,validation
P00429,train
P00430,train
P00431,train
P00432,train
P00433,train
P00434,train
P00435,train
P00436,train
P00437,validation
P00438,train
P00439,test
P00440,validation
P00441,train
P00442,train
P00443,train
P00444,train
P00445,train
P00446,train
P00447,train
P00448,train
P00449,train
P00450,train
P00451,train
P00452,train
P00453,train
P00454,train
P00455,validation
P00456,train
P00457,test
P00458,train
P00459,train
P00460,train
P00461,train
P00462,train
P00463,train
P00464,train
P00465,train
P00466,train
P00467,train
P00468,train
P00469,train
P00470,train
P00471,test
P00472,validation
P00473,train
P00474,train
P00475,train
P00476,validation
P00477,train
P00478,train
P00479,train
P00480,train
P00481,train
P00482,train
P00483,test
P00484,train
P00485,train
P00486,train
P00487,train
P00488,train
P00489,test
P00490,train
P00491,train
P00492,train
P00493,train
P00494,train
P00495,train
P00496,train
P00497,train
P00498,test
P00499,train
P00500,train
P00501,train
P00502,train
P00503,train
P00504,train
P00505,validation
P00506,train
P00507,train
P00508,train
P00509,train
P00510,train
P00511,train
P00512,train
P00513,train
P00514,train
P00515,train
P00516,train
P00517,train
P00518,train
P00519,validation
P00520,test
P00521,test
P00522,test
P00523,train
P00524,train
P00525,train
P00526,train
P00527,train
P00528,train
P00529,train
P00530,test
P00531,train
P00532,train
P00533,validation
P00534,validation
P00535,train
P00536,train
P00537,train
P00538,train
P00539,train
P00540,test
P00541,train
P00542,train
P00543,validation
P00544,train
P00545,train
P00546,train
P00547,test
P00548,train
P00549,train
P00550,test
P00551,train
P00552,train
P00553,train
P00554,train
P00555,train
P00556,train
P00557,train
P00558,train
P00559,train
P00560,train
P00561,test
P00562,train
P00563,train
P00564,train
P00565,test
P00566,train
P00567,train
P00568,train
P00569,train
P00570,train
P00571,train
P00572,train
P00573,train
P00574,train
P00575,train
P00576,train
P00577,train
P00578,test
P00579,train
P00580,train
P00581,train
P00582,validation
P00583,train
P00584,train
P00585,test
P00586,train
P00587,train
P00588,train
P00589,train
P00590,train
P00591,test
P00592,train
P00593,train
P00594,train
P00595,train
P00596,train
P00597,train
P00598,train
P00599,train
P00600,train
P00601,train
P00602,train
P00603,train
P00604,train
P00605,train
P00606,train
P00607,validation
P00608,validation
P00609,validation
P00610,train
P00611,train
P00612,train
P00613,test
P00614,train
P00615,train
P00616,validation
P00617,train
P00618,train
P00619,train
P00620,train
P00621,train
P00622,train
P00623,train
P00624,train
P00625,train
P00626,train
P00627,train
P00628,train
P00629,train
P00630,test
P00631,train
P00632,train
P00633,train
P00634,train
P00635,train
P00636,test
P00637,test
P00638,validation
P00639,validation
P00640,train
P00641,train
P00642,test
P00643,train
P00644,validation
P00645,train
P00646,train
P00647,test
P00648,train
P00649,train
P00650,train
P00651,train
P00652,train
P00653,train
P00654,train
P00655,train
P00656,train
P00657,train
P00658,train
P00659,train
P00660,train
P00661,train
P00662,train
P00663,train
P00664,train
P00665,train
P00666,train
P00667,train
P00668,train
P00669,validation
P00670,test
P00671,train
P00672,validation
P00673,train
P00674,test
P00675,train
P00676,train
P00677,train
P00678,train
P00679,train
P00680,train
P00681,train
P00682,train
P00683,train
P00684,train
P00685,train
P00686,train
P00687,train
P00688,train
P00689,train
P00690,test
P00691,train
P00692,train
P00693,train
P00694,train
P00695,train
P00696,train
P00697,train
P00698,test
P00699,train
P00700,train
P00701,test
P00702,test
P00703,train
P00704,train
P00705,train
P00706,test
P00707,train
P00708,train
P00709,train
P00710,validation
P00711,validation
P00712,train
P00713,train
P00714,test
P00715,validation
P00716,test
P00717,train
P00718,train
P00719,train
P00720,train
P00721,train
P00722,validation
P00723,train
P00724,train
P00725,train
P00726,test
P00727,validation
P00728,train
P00729,train
P00730,train
P00731,train
P00732,train
P00733,train
P00734,train
P00735,train
P00736,test
P00737,train
P00738,train
P00739,train
P00740,train
P00741,train
P00742,train
P00743,train
P00744,train
P00745,train
P00746,train
P00747,train
P00748,train
P00749,train
P00750,train
P00751,train
P00752,train
P00753,train
P00754,train
P00755,validation
P00756,train
P00757,train
P00758,train
P00759,train
P00760,train
P00761,train
P00762,train
P00763,train
P00764,train
P00765,train
P00766,train
P00767,test
P00768,train
P00769,train
P00770,test
P00771,train
P00772,train
P00773,train
P00774,train
P00775,train
P00776,train
P00777,test
P00778,train
P00779,train
P00780,train
P00781,train
P00782,train
P00783,train
P00784,train
P00785,train
P00786,train
P00787,train
P00788,train
P00789,train
P00790,train
P00791,train
P00792,train
P00793,train
P00794,train
P00795,train
P00796,train
P00797,test
P00798,validation
P00799,train
P00800,train
P00801,train
P00802,train
P00803,train
P00804,train
P00805,validation
P00806,train
P00807,train
P00808,train
P00809,train
P00810,train
P00811,train
P00812,validation
P00813,train
P00814,test
P00815,train
P00816,validation
P00817,train
P00818,train
P00819,test
P00820,train
P00821,train
P00822,train
P00823,train
P00824,train
P00825,train
P00826,train
P00827,train
P00828,train
P00829,train
P00830,train
P00831,train
P00832,train
P00833,train
P00834,train
P00835,train
P00836,train
P00837,train
P00838,validation
P00839,validation
P00840,train
P00841,train
P00842,validation
P00843,train
P00844,train
P00845,train
P00846,train
P00847,train
P00848,train
P00849,train
P00850,test
P00851,train
P00852,train
P00853,train
P00854,train
P00855,test
P00856,train
P00857,validation
P00858,train
P00859,train
P00860,test
P00861,train
P00862,train
P00863,train
P00864,train
P00865,validation
P00866,train
P00867,train
P00868,train
P00869,train
P00870,train
P00871,train
P00872,train
P00873,train
P00874,train
P00875,train
P00876,train
P00877,train
P00878,validation
P00879,train
P00880,train
P00881,test
P00882,train
P00883,validation
P00884,test
P00885,test
P00886,train
P00887,train
P00888,train
P00889,train
P00890,validation
P00891,train
P00892,train
P00893,train
P00894,train
P00895,train
P00896,train
P00897,train
P00898,train
P00899,train
P00900,test
P00901,train
P00902,train
P00903,train
P00904,test
P00905,train
P00906,train
P00907,train
P00908,validation
P00909,train
P00910,train
P00911,train
P00912,train
P00913,train
P00914,train
P00915,train
P00916,test
P00917,validation
P00918,train
P00919,train
P00920,train
P00921,validation
P00922,train
P00923,train
P00924,validation
P00925,train
P00926,train
P00927,train
P00928,train
P00929,train
P00930,train
P00931,train
P00932,train
P00933,train
P00934,train
P00935,train
P00936,train
P00937,train
P00938,train
P00939,train
P00940,train
P00941,validation
P00942,train
P00943,train
P00944,train
P00945,test
P00946,train
P00947,train
P00948,train
P00949,train
P00950,train
P00951,train
P00952,train
P00953,train
P00954,train
P00955,validation
P00956,train
P00957,validation
P00958,train
P00959,train
P00960,train
P00961,test
P00962,test
P00963,test
P00964,train
P00965,train
P00966,train
P00967,train
P00968,train
P00969,train
P00970,train
P00971,train
P00972,train
P00973,train
P00974,train
P00975,train
P00976,validation
P00977,train
P00978,train
P00979,train
P00980,train
P00981,train
P00982,train
P00983,validation
P00984,train
P00985,train
P00986,train
P00987,train
P00988,train
P00989,test
P00990,train
P00991,train
P00992,train
P00993,train
P00994,test
P00995,test
P00996,test
P00997,train
P00998,train
P00999,train
P01000,train
P01001,train
P01002,validation
P01003,train
P01004,train
P01005,validation
P01006,train
P01007,train
P01008,validation
P01009,train
P01010,train
P01011,test
P01012,train
P01013,train
P01014,validation
P01015,train
P01016,train
P01017,train
P01018,train
P01019,train
P01020,train
P01021,train
P01022,train
P01023,validation
P01024,train
P01025,train
P01026,train
P01027,validation
P01028,train
P01029,train
P01030,train
P01031,train
P01032,train
P01033,train
P01034,train
P01035,train
P01036,train
P01037,train
P01038,train
P01039,train
P01040,test
P01041,train
P01042,train
P01043,train
P01044,test
P01045,train
P01046,train
P01047,train
P01048,test
P01049,train
P01050,train
P01051,test
P01052,train
P01053,train
P01054,train
P01055,validation
P01056,train
P01057,train
P01058,train
P01059,train
P01060,train
P01061,train
P01062,train
P01063,train
P01064,train
P01065,train
P01066,validation
P01067,train
P01068,train
P01069,train
P01070,train
P01071,train
P01072,train
P01073,train
P01074,train
P01075,train
P01076,validation
P01077,train
P01078,train
P01079,train
P01080,train
P01081,train
P01082,train
P01083,validation
P01084,train
P01085,validation
P01086,train
P01087,train
P01088,train
P01089,train
P01090,test
P01091,train
P01092,train
P01093,train
P01094,train
P01095,train
P01096,train
P01097,test
P01098,train
P01099,train
P01100,test
P01101,test
P01102,train
P01103,train
P01104,train
P01105,train
P01106,train
P01107,train
P01108,train
P01109,validation
P01110,train
P01111,validation
P01112,train
P01113,validation
P01114,train
P01115,validation
P01116,train
P01117,train
P01118,train
P01119,train
P01120,train
P01121,validation
P01122,train
P01123,train
P01124,validation
P01125,train
P01126,test
P01127,validation
P01128,train
P01129,train
P01130,test
P01131,train
P01132,validation
P01133,train
P01134,train
P01135,test
P01136,train
P01137,train
P01138,train
P01139,train
P01140,train
P01141,train
P01142,train
P01143,validation
P01144,test
P01145,train
P01146,train
P01147,train
P01148,train
P01149,train
P01150,train
P01151,validation
P01152,train
P01153,train
P01154,train
P01155,validation
P01156,train
P01157,train
P01158,train
P01159,train
P01160,test
P01161,train
P01162,train
P01163,train
P01164,train
P01165,train
P01166,train
P01167,test
P01168,train
P01169,train
P01170,test
P01171,train
P01172,train
P01173,validation
P01174,train
P01175,train
P01176,train
P01177,train
P01178,validation
P01179,train
P01180,train
P01181,test
P01182,test
P01183,train
P01184,train
P01185,train
P01186,train
P01187,train
P01188,train
P01189,train
P01190,train
P01191,train
P01192,test
P01193,test
P01194,train
P01195,train
P01196,train
P01197,train
P01198,train
P01199,test
P01200,train
P01201,train
P01202,train
P01203,validation
P01204,train
P01205,train
P01206,train
P01207,validation
P01208,test
P01209,train
P01210,test
P01211,train
P01212,train
P01213,train
P01214,train
P01215,validation
P01216,train
P01217,train
P01218,test
P01219,train
P01220,train
P01221,train
P01222,train
P01223,validation
P01224,train
P01225,train
P01226,train
P01227,train
P01228,train
P01229,train
P01230,train
P01231,train
P01232,train
P01233,train
P01234,test
P01235,train
P01236,train
P01237,train
P01238,train
P01239,train
P01240,train
P01241,validation
P01242,train
P01243,train
P01244,test
P01245,train
P01246,train
P01247,train
P01248,train
P01249,train
P01250,test
P01251,train
P01252,train
P01253,train
P01254,train
P01255,validation
P01256,train
P01257,train
P01258,test
P01259,test
P01260,validation
P01261,train
P01262,train
P01263,train
P01264,train
P01265,train
P01266,test
P01267,train
P01268,train
P01269,train
P01270,train
P01271,train
P01272,train
P01273,train
P01274,train
P01275,train
P01276,train
P01277,train
P01278,train
P01279,validation
P01280,validation
P01281,train
P01282,train
P01283,train
P01284,train
P01285,validation
P01286,validation
P01287,test
P01288,train
P01289,train
P01290,validation
P01291,train
P01292,train
P01293,train
P01294,validation
P01295,train
P01296,train
P01297,validation
P01298,train
P01299,test
P01300,train
P01301,train
P01302,train
P01303,train
P01304,train
P01305,train
P01306,train
P01307,train
P01308,train
P01309,train
P01310,train
P01311,train
P01312,train
P01313,train
P01314,train
P01315,train
P01316,train
P01317,train
P01318,train
P01319,train
P01320,train
P01321,train
P01322,train
P01323,train
P01324,train
P01325,test
P01326,train
P01327,validation
P01328,validation
P01329,validation
P01330,train
P01331,train
P01332,train
P01333,train
P01334,validation
P01335,train
P01336,train
P01337,test
P01338,test
P01339,train
P01340,train
P01341,train
P01342,test
P01343,validation
P01344,train
P01345,validation
P01346,train
P01347,train
P01348,test
P01349,train
P01350,train
P01351,test
P01352,train
P01353,train
P01354,train
P01355,train
P01356,train
P01357,train
P01358,train
P01359,train
P01360,train
P01361,train
P01362,validation
P01363,train
P01364,train
P01365,train
P01366,validation
P01367,train
P01368,train
P01369,train
P01370,validation
P01371,train
P01372,train
P01373,train
P01374,train
P01375,train
P01376,train
P01377,train
P01378,validation
P01379,validation
P01380,train
P01381,train
P01382,train
P01383,train
P01384,train
P01385,validation
P01386,train
P01387,test
P01388,train
P01389,train
P01390,train
P01391,test
P01392,train
P01393,train
P01394,validation
P01395,train
P01396,validation
P01397,train
P01398,train
P01399,train
P01400,train
P01401,train
P01402,test
P01403,train
P01404,train
P01405,train
P01406,train
P01407,train
P01408,train
P01409,train
P01410,train
P01411,test
P01412,validation
P01413,validation
P01414,train
P01415,validation
P01416,train
P01417,train
P01418,train
P01419,train
P01420,train
P01421,train
P01422,train
P01423,train
P01424,train
P01425,train
P01426,train
P01427,train
P01428,train
P01429,train
P01430,train
P01431,train
P01432,test
P01433,train
P01434,train
P01435,train
P01436,test
P01437,train
P01438,train
P01439,train
P01440,train
P01441,train
P01442,train
P01443,train
P01444,test
P01445,train
P01446,train
P01447,train
P01448,train
P01449,train
P01450,train
P01451,train
P01452,train
P01453,train
P01454,train
P01455,train
P01456,train
P01457,train
P01458,train
P01459,train
P01460,validation
P01461,train
P01462,train
P01463,train
P01464,test
P01465,train
P01466,train
P01467,train
P01468,train
P01469,train
P01470,train
P01471,train
P01472,train
P01473,train
P01474,train
P01475,train
P01476,train
P01477,train
P01478,train
P01479,validation
P01480,validation
P01481,train
P01482,validation
P01483,train
P01484,test
P01485,train
P01486,train
P01487,train
P01488,train
P01489,train
P01490,train
P01491,train
P01492,test
P01493,train
P01494,train
P01495,train
P01496,train
P01497,train
P01498,train
P01499,train
P01500,train
P01501,train
P01502,train
P01503,train
P01504,train
P01505,train
P01506,train
P01507,test
P01508,train
P01509,validation
P01510,train
P01511,train
P01512,train
P01513,train
P01514,train
P01515,train
P01516,test
P01517,train
P01518,train
P01519,validation
P01520,train
P01521,train
P01522,validation
P01523,train
P01524,train
P01525,validation
P01526,train
P01527,train
P01528,train
P01529,train
P01530,train
P01531,train
P01532,train
P01533,train
P01534,train
P01535,train
P01536,train
P01537,train
P01538,test
P01539,train
P01540,train
P01541,test
P01542,test
P01543,train
P01544,test
P01545,train
P01546,train
P01547,validation
P01548,validation
P01549,test
P01550,test
P01551,train
P01552,train
P01553,train
P01554,train
P01555,train
P01556,train
P01557,train
P01558,validation
P01559,train
P01560,train
P01561,train
P01562,train
P01563,validation
P01564,train
P01565,train
P01566,train
P01567,train
P01568,train
P01569,test
P01570,train
P01571,train
P01572,train
P01573,train
P01574,train
P01575,train
P01576,train
P01577,validation
P01578,test
P01579,train
P01580,train
P01581,test
P01582,train
P01583,train
P01584,train
P01585,train
P01586,train
P01587,test
P01588,train
P01589,train
P01590,train
P01591,train
P01592,test
P01593,train
P01594,train
P01595,train
P01596,train
P01597,validation
P01598,train
P01599,train
P01600,validation
P01601,train
P01602,train
P01603,train
P01604,train
P01605,test
P01606,train
P01607,train
P01608,train
P01609,train
P01610,test
P01611,train
P01612,train
P01613,train
P01614,test
P01615,test
P01616,train
P01617,train
P01618,train
P01619,test
P01620,train
P01621,validation
P01622,train
P01623,train
P01624,train
P01625,train
P01626,train
P01627,train
P01628,train
P01629,train
P01630,train
P01631,train
P01632,test
P01633,train
P01634,train
P01635,test
P01636,train
P01637,train
P01638,train
P01639,train
P01640,train
P01641,train
P01642,train
P01643,train
P01644,validation
P01645,train
P01646,train
P01647,train
P01648,validation
P01649,train
P01650,train
P01651,train
P01652,train
P01653,train
P01654,train
P01655,train
P01656,test
P01657,train
P01658,test
P01659,train
P01660,train
P01661,train
P01662,train
P01663,validation
P01664,test
P01665,test
P01666,train
P01667,train
P01668,train
P01669,train
P01670,train
P01671,test
P01672,train
P01673,train
P01674,train
P01675,train
P01676,train
P01677,train
P01678,train
P01679,test
P01680,train
P01681,validation
P01682,train
P01683,train
P01684,train
P01685,test
P01686,test
P01687,train
P01688,train
P01689,validation
P01690,train
P01691,validation
P01692,test
P01693,train
P01694,train
P01695,train
P01696,train
P01697,train
P01698,train
P01699,train
P01700,train
P01701,validation
P01702,train
P01703,train
P01704,train
P01705,train
P01706,train
P01707,train
P01708,validation
P01709,test
P01710,train
P01711,train
P01712,train
P01713,train
P01714,train
P01715,train
P01716,train
P01717,train
P01718,validation
P01719,validation
P01720,train
P01721,train
P01722,train
P01723,test
P01724,train
P01725,train
P01726,train
P01727,train
P01728,train
P01729,train
P01730,train
P01731,train
P01732,train
P01733,train
P01734,test
P01735,train
P01736,train
P01737,train
P01738,train
P01739,validation
P01740,train
P01741,train
P01742,train
P01743,train
P01744,validation
P01745,train
P01746,train
P01747,validation
P01748,train
P01749,train
P01750,validation
P01751,train
P01752,train
P01753,train
P01754,train
P01755,test
P01756,train
P01757,train
P01758,train
P01759,train
P01760,train
P01761,train
P01762,validation
P01763,train
P01764,train
P01765,train
P01766,test
P01767,train
P01768,train
P01769,train
P01770,train
P01771,train
P01772,train
P01773,train
P01774,validation
P01775,train
P01776,train
P01777,train
P01778,train
P01779,train
P01780,validation
P01781,train
P01782,train
P01783,validation
P01784,train
P01785,test
P01786,train
P01787,train
P01788,train
P01789,train
P01790,train
P01791,train
P01792,train
P01793,train
P01794,train
P01795,train
P01796,train
P01797,train
P01798,train
P01799,validation
P01800,train
P01801,train
P01802,test
P01803,train
P01804,test
P01805,train
P01806,test
P01807,train
P01808,train
P01809,train
P01810,validation
P01811,train
P01812,train
P01813,validation
P01814,train
P01815,train
P01816,train
P01817,validation
P01818,train
P01819,train
P01820,train
P01821,train
P01822,train
P01823,train
P01824,train
P01825,train
P01826,train
P01827,train
P01828,test
P01829,train
P01830,test
P01831,train
P01832,validation
P01833,train
P01834,train
P01835,test
P01836,train
P01837,train
P01838,test
P01839,train
P01840,train
P01841,train
P01842,train
P01843,train
P01844,train
P01845,train
P01846,train
P01847,train
P01848,train
P01849,train
P01850,train
P01851,test
P01852,test
P01853,train
P01854,test
P01855,train
P01856,train
P01857,train
P01858,train
P01859,train
P01860,train
P01861,train
P01862,train
P01863,train
P01864,train
P01865,train
P01866,train
P01867,train
P01868,train
P01869,train
P01870,train
P01871,train
P01872,train
P01873,train
P01874,train
P01875,train
P01876,validation
P01877,train
P01878,train
P01879,train
P01880,train
P01881,train
P01882,train
P01883,train
P01884,test
P01885,train
P01886,train
P01887,train
P01888,train
P01889,train
P01890,train
P01891,train
P01892,train
P01893,train
P01894,train
P01895,train
P01896,test
P01897,train
P01898,train
P01899,train
P01900,train
P01901,train
P01902,validation
P01903,train
P01904,train
P01905,train
P01906,train
P01907,train
P01908,train
P01909,train
P01910,test
P01911,train
P01912,train
P01913,validation
P01914,train
P01915,test
P01916,train
P01917,train
P01918,test
P01919,train
P01920,train
P01921,validation
P01922,train
P01923,train
P01924,train
P01925,train
P01926,train
P01927,train
P01928,train
P01929,train
P01930,train
P01931,train
P01932,validation
P01933,test
P01934,train
P01935,train
P01936,train
P01937,train
P01938,validation
P01939,train
P01940,train
P01941,train
P01942,validation
P01943,train
P01944,train
P01945,validation
P01946,train
P01947,train
P01948,train
P01949,train
P01950,train
P01951,validation
P01952,train
P01953,validation
P01954,train
P01955,train
P01956,train
P01957,train
P01958,train
P01959,train
P01960,train
P01961,train
P01962,test
P01963,train
P01964,train
P01965,train
P01966,train
P01967,train
P01968,test
P01969,train
P01970,train
P01971,train
P01972,train
P01973,test
P01974,train
P01975,train
P01976,train
P01977,train
P01978,train
P01979,train
P01980,train
P01981,train
P01982,train
P01983,train
P01984,train
P01985,train
P01986,train
P01987,train
P01988,train
P01989,train
P01990,train
P01991,train
P01992,train
P01993,validation
P01994,train
P01995,validation
P01996,train
P01997,train
P01998,train
P01999,train
P02000,train
P02001,validation
P02002,train
P02003,train
P02004,train
P02005,train
P02006,train
P02007,train
P02008,train
P02009,train
P02010,validation
P02011,train
P02012,train
P02013,train
P02014,train
P02015,train
P02016,train
P02017,train
P02018,validation
P02019,train
P02020,train
P02021,train
P02022,train
P02023,train
P02024,train
P02025,train
P02026,train
P02027,test
P02028,train
P02029,test
P02030,train
P02031,train
P02032,train
P02033,train
P02034,train
P02035,train
P02036,train
P02037,train
P02038,train
P02039,train
P02040,train
P02041,train
P02042,train
P02043,train
P02044,train
P02045,train
P02046,train
P02047,train
P02048,validation
P02049,train
P02050,train
P02051,train
P02052,train
P02053,train
P02054,test
P02055,train
P02056,train
P02057,train
P02058,test
P02059,train
P02060,train
P02061,train
P02062,train
P02063,train
P02064,test
P02065,train
P02066,train
P02067,validation
P02068,train
P02069,train
P02070,train
P02071,validation
P02072,train
P02073,validation
P02074,train
P02075,train
P02076,train
P02077,train
P02078,train
P02079,train
P02080,train
P02081,train
P02082,train
P02083,train
P02084,train
P02085,validation
P02086,train
P02087,validation
P02088,train
P02089,train
P02090,train
P02091,train
P02092,test
P02093,train
P02094,train
P02095,train
P02096,train
P02097,train
P02098,test
P02099,train
P02100,train
P02101,train
P02102,train
P02103,train
P02104,train
P02105,test
P02106,train
P02107,train
P02108,train
P02109,train
P02110,train
P02111,validation
P02112,train
P02113,train
P02114,train
P02115,validation
P02116,train
P02117,train
P02118,test
P02119,train
P02120,test
P02121,validation
P02122,train
P02123,train
P02124,train
P02125,test
P02126,train
P02127,test
P02128,train
P02129,train
P02130,train
P02131,train
P02132,train
P02133,train
P02134,train
P02135,train
P02136,train
P02137,test
P02138,train
P02139,train
P02140,train
P02141,train
P02142,train
P02143,train
P02144,train
P02145,train
P02146,train
P02147,test
P02148,train
P02149,train
P02150,train
P02151,train
P02152,train
P02153,validation
P02154,train
P02155,train
P02156,train
P02157,train
P02158,train
P02159,train
P02160,train
P02161,train
P02162,train
P02163,train
P02164,validation
P02165,test
P02166,train
P02167,train
P02168,train
P02169,validation
P02170,train
P02171,train
P02172,train
P02173,train
P02174,train
P02175,train
P02176,train
P02177,train
P02178,train
P02179,train
P02180,test
P02181,train
P02182,train
P02183,train
P02184,train
P02185,train
P02186,train
P02187,train
P02188,train
P02189,test
P02190,train
P02191,train
P02192,train
P02193,train
P02194,validation
P02195,test
P02196,validation
P02197,validation
P02198,train
P02199,test
P02200,train
P02201,train
P02202,train
P02203,train
P02204,test
P02205,train
P02206,train
P02207,train
P02208,train
P02209,train
P02210,train
P02211,test
P02212,train
P02213,train
P02214,train
P02215,test
P02216,test
P02217,train
P02218,test
P02219,train
P02220,train
P02221,train
P02222,test
P02223,train
P02224,train
P02225,test
P02226,train
P02227,test
P02228,train
P02229,train
P02230,train
P02231,train
P02232,test
P02233,train
P02234,train
P02235,train
P02236,train
P02237,train
P02238,test
P02239,train
P02240,train
P02241,train
P02242,test
P02243,train
P02244,train
P02245,test
P02246,test
P02247,train
P02248,train
P02249,train
P02250,train
P02251,train
P02252,train
P02253,train
P02254,validation
P02255,train
P02256,train
P02257,train
P02258,train
P02259,train
P02260,train
P02261,train
P02262,train
P02263,train
P02264,train
P02265,train
P02266,train
P02267,test
P02268,train
P02269,train
P02270,train
P02271,train
P02272,train
P02273,train
P02274,validation
P02275,train
P02276,validation
P02277,train
P02278,validation
P02279,train
P02280,train
P02281,train
P02282,test
P02283,train
P02284,train
P02285,train
P02286,validation
P02287,train
P02288,train
P02289,validation
P02290,train
P02291,validation
P02292,test
P02293,test
P02294,train
P02295,train
P02296,train
P02297,train
P02298,test
P02299,train
P02300,train
P02301,test
P02302,train
P02303,train
P02304,train
P02305,train
P02306,train
P02307,train
P02308,train
P02309,train
P02310,train
P02311,test
P02312,validation
P02313,validation
P02314,train
P02315,train
P02316,train
P02317,train
P02318,train
P02319,train
P02320,train
P02321,train
P02322,train
P02323,train
P02324,train
P02325,train
P02326,validation
P02327,validation
P02328,train
P02329,train
P02330,validation
P02331,train
P02332,train
P02333,validation
P02334,train
P02335,validation
P02336,train
P02337,train
P02338,train
P02339,train
P02340,validation
P02341,validation
P02342,train
P02343,train
P02344,train
P02345,train
P02346,validation
P02347,train
P02348,train
P02349,train
P02350,test
P02351,train
P02352,train
P02353,train
P02354,train
P02355,train
P02356,train
P02357,train
P02358,test
P02359,train
P02360,train
P02361,train
P02362,train
P02363,train
P02364,train
P02365,test
P02366,train
P02367,train
P02368,train
P02369,train
P02370,train
P02371,train
P02372,validation
P02373,train
P02374,train
P02375,train
P02376,train
P02377,train
P02378,train
P02379,train
P02380,train
P02381,train
P02382,test
P02383,validation
P02384,train
P02385,train
P02386,train
P02387,train
P02388,train
P02389,train
P02390,train
P02391,train
P02392,train
P02393,train
P02394,test
P02395,train
P02396,train
P02397,train
P02398,test
P02399,train
P02400,train
P02401,train
P02402,train
P02403,train
P02404,train
P02405,test
P02406,train
P02407,validation
P02408,train
P02409,train
P02410,train
P02411,train
P02412,train
P02413,train
P02414,train
P02415,train
P02416,train
P02417,train
P02418,train
P02419,train
P02420,train
P02421,train
P02422,train
P02423,train
P02424,train
P02425,train
P02426,train
P02427,validation
P02428,train
P02429,train
P02430,train
P02431,train
P02432,validation
P02433,train
P02434,train
P02435,train
P02436,test
P02437,train
P02438,test
P02439,test
P02440,train
P02441,test
P02442,validation
P02443,test
P02444,train
P02445,train
P02446,test
P02447,train
P02448,train
P02449,test
P02450,validation
P02451,train
P02452,train
P02453,test
P02454,train
P02455,test
P02456,train
P02457,train
P02458,train
P02459,validation
P02460,train
P02461,validation
P02462,train
P02463,train
P02464,train
P02465,test
P02466,train
P02467,train
P02468,train
P02469,test
P02470,train
P02471,train
P02472,train
P02473,train
P02474,train
P02475,test
P02476,train
P02477,train
P02478,train
P02479,train
P02480,train
P02481,train
P02482,train
P02483,train
P02484,train
P02485,train
P02486,train
P02487,validation
P02488,train
P02489,train
P02490,validation
P02491,train
P02492,train
P02493,train
P02494,train
P02495,train
P02496,validation
P02497,train
P02498,train
P02499,train
P02500,train
P02501,train
P02502,train
P02503,test
P02504,validation
P02505,train
P02506,train
P02507,train
P02508,train
P02509,train
P02510,train
P02511,train
P02512,train
P02513,train
P02514,train
P02515,train
P02516,train
P02517,test
P02518,train
P02519,train
P02520,train
P02521,train
P02522,train
P02523,train
P02524,train
P02525,validation
P02526,train
P02527,train
P02528,train
P02529,train
P02530,train
P02531,train
P02532,train
P02533,train
P02534,train
P02535,train
P02536,train
P02537,train
P02538,train
P02539,validation
P02540,test
P02541,train
P02542,train
P02543,train
P02544,train
P02545,train
P02546,train
P02547,train
P02548,test
P02549,validation
P02550,train
P02551,test
P02552,train
P02553,validation
P02554,train
P02555,train
P02556,train
P02557,test
P02558,train
P02559,train
P02560,train
P02561,train
P02562,train
P02563,train
P02564,train
P02565,train
P02566,train
P02567,train
P02568,train
P02569,train
P02570,train
P02571,test
P02572,test
P02573,train
P02574,train
P02575,train
P02576,train
P02577,train
P02578,train
P02579,train
P02580,train
P02581,train
P02582,train
P02583,test
P02584,train
P02585,test
P02586,train
P02587,validation
P02588,train
P02589,train
P02590,train
P02591,train
P02592,train
P02593,train
P02594,test
P02595,train
P02596,train
P02597,train
P02598,train
P02599,train
P02600,train
P02601,test
P02602,train
P02603,train
P02604,train
P02605,train
P02606,test
P02607,train
P02608,validation
P02609,train
P02610,train
P02611,validation
P02612,test
P02613,train
P02614,train
P02615,train
P02616,train
P02617,train
P02618,train
P02619,validation
P02620,train
P02621,train
P02622,train
P02623,train
P02624,train
P02625,train
P02626,train
P02627,train
P02628,train
P02629,train
P02630,train
P02631,validation
P02632,train
P02633,train
P02634,train
P02635,train
P02636,train
P02637,train
P02638,validation
P02639,train
P02640,test
P02641,train
P02642,train
P02643,validation
P02644,test
P02645,train
P02646,train
P02647,train
P02648,train
P02649,train
P02650,train
P02651,train
P02652,train
P02653,train
P02654,test
P02655,train
P02656,train
P02657,test
P02658,train
P02659,train
P02660,test
P02661,train
P02662,train
P02663,validation
P02664,validation
P02665,train
P02666,train
P02667,train
P02668,train
P02669,train
P02670,train
P02671,train
P02672,train
P02673,train
P02674,train
P02675,train
P02676,train
P02677,test
P02678,train
P02679,train
P02680,train
P02681,train
P02682,train
P02683,train
P02684,test
P02685,train
P02686,train
P02687,train
P02688,train
P02689,validation
P02690,train
P02691,train
P02692,validation
P02693,train
P02694,validation
P02695,train
P02696,train
P02697,train
P02698,train
P02699,train
P02700,train
P02701,validation
P02702,train
P02703,train
P02704,train
P02705,train
P02706,train
P02707,train
P02708,train
P02709,train
P02710,test
P02711,validation
P02712,train
P02713,validation
P02714,train
P02715,train
P02716,train
P02717,train
P02718,train
P02719,train
P02720,train
P02721,train
P02722,train
P02723,train
P02724,test
P02725,train
P02726,train
P02727,train
P02728,train
P02729,validation
P02730,train
P02731,test
P02732,train
P02733,train
P02734,train
P02735,test
P02736,train
P02737,train
P02738,train
P02739,train
P02740,train
P02741,train
P02742,train
P02743,train
P02744,train
P02745,train
P02746,train
P02747,train
P02748,train
P02749,train
P02750,train
P02751,train
P02752,train
P02753,train
P02754,validation
P02755,validation
P02756,train
P02757,train
P02758,train
P02759,train
P02760,train
P02761,train
P02762,test
P02763,train
P02764,train
P02765,validation
P02766,train
P02767,train
P02768,train
P02769,train
P02770,train
P02771,train
P02772,train
P02773,train
P02774,train
P02775,train
P02776,train
P02777,train
P02778,train
P02779,train
P02780,train
P02781,train
P02782,train
P02783,train
P02784,train
P02785,train
P02786,train
P02787,train
P02788,train
P02789,test
P02790,train
P02791,train
P02792,test
P02793,train
P02794,train
P02795,train
P02796,train
P02797,train
P02798,train
P02799,test
P02800,train
P02801,train
P02802,train
P02803,test
P02804,train
P02805,test
P02806,train
P02807,train
P02808,train
P02809,train
P02810,test
P02811,train
P02812,train
P02813,train
P02814,train
P02815,train
P02816,test
P02817,train
P02818,test
P02819,train
P02820,test
P02821,train
P02822,train
P02823,train
P02824,train
P02825,train
P02826,validation
P02827,train
P02828,test
P02829,train
P02830,validation
P02831,train
P02832,train
P02833,train
P02834,train
P02835,train
P02836,test
P02837,train
P02838,train
P02839,train
P02840,train
P02841,train
P02842,train
P02843,test
P02844,train
P02845,validation
P02846,validation
P02847,train
P02848,validation
P02849,train
P02850,train
P02851,validation
P02852,train
P02853,train
P02854,train
P02855,train
P02856,train
P02857,train
P02858,train
P02859,test
P02860,train
P02861,train
P02862,train
P02863,train
P02864,train
P02865,train
P02866,train
P02867,train
P02868,train
P02869,train
P02870,train
P02871,train
P02872,validation
P02873,train
P02874,train
P02875,train
P02876,train
P02877,train
P02878,train
P02879,train
P02880,train
P02881,train
P02882,train
P02883,train
P02884,train
P02885,train
P02886,train
P02887,train
P02888,train
P02889,train
P02890,train
P02891,validation
P02892,train
P02893,test
P02894,train
P02895,train
P02896,validation
P02897,train
P02898,train
P02899,train
P02900,train
P02901,train
P02902,train
P02903,train
P02904,train
P02905,train
P02906,validation
P02907,train
P02908,train
P02909,train
P02910,train
P02911,train
P02912,train
P02913,train
P02914,train
P02915,train
P02916,train
P02917,train
P02918,train
P02919,validation
P02920,train
P02921,test
P02922,train
P02923,test
P02924,train
P02925,train
P02926,train
P02927,train
P02928,train
P02929,train
P02930,train
P02931,train
P02932,train
P02933,train
P02934,train
P02935,train
P02936,test
P02937,train
P02938,train
P02939,train
P02940,test
P02941,train
P02942,train
P02943,train
P02944,train
P02945,train
P02946,train
P02947,train
P02948,train
P02949,train
P02950,train
P02951,train
P02952,validation
P02953,train
P02954,train
P02955,train
P02956,train
P02957,train
P02958,train
P02959,train
P02960,train
P02961,train
P02962,train
P02963,train
P02964,train
P02965,train
P02966,train
P02967,test
P02968,train
P02969,train
P02970,train
P02971,train
P02972,train
P02973,train
P02974,train
P02975,train
P02976,train
P02977,validation
P02978,train
P02979,train
P02980,train
P02981,train
P02982,train
P02983,train
P02984,train
P02985,train
P02986,test
P02987,train
P02988,train
P02989,train
P02990,train
P02991,train
P02992,train
P02993,train
P02994,validation
P02995,train
P02996,train
P02997,train
P02998,train
P02999,validation
P03000,train
P03001,train
P03002,train
P03003,train
P03004,train
P03005,train
P03006,train
P03007,train
P03008,train
P03009,train
P03010,validation
P03011,validation
P03012,train
P03013,train
P03014,train
P03015,validation
P03016,validation
P03017,train
P03018,train
P03019,train
P03020,test
P03021,train
P03022,train
P03023,train
P03024,train
P03025,train
P03026,train
P03027,train
P03028,train
P03029,validation
P03030,train
P03031,train
P03032,test
P03033,train
P03034,train
P03035,train
P03036,train
P03037,train
P03038,test
P03039,train
P03040,train
P03041,train
P03042,test
P03043,train
P03044,train
P03045,train
P03046,train
P03047,train
P03048,test
P03049,validation
P03050,test
P03051,validation
P03052,train
P03053,train
P03054,test
P03055,test
P03056,train
P03057,train
P03058,train
P03059,train
P03060,validation
P03061,train
P03062,validation
P03063,test
P03064,train
P03065,train
P03066,train
P03067,train
P03068,train
P03069,train
P03070,train
P03071,train
P03072,test
P03073,train
P03074,train
P03075,train
P03076,train
P03077,train
P03078,train
P03079,train
P03080,test
P03081,train
P03082,train
P03083,train
P03084,train
P03085,train
P03086,train
P03087,train
P03088,train
P03089,train
P03090,train
P03091,train
P03092,train
P03093,test
P03094,validation
P03095,train
P03096,train
P03097,validation
P03098,train
P03099,validation
P03100,validation
P03101,train
P03102,train
P03103,train
P03104,train
P03105,validation
P03106,train
P03107,validation
P03108,train
P03109,validation
P03110,train
P03111,train
P03112,train
P03113,validation
P03114,train
P03115,train
P03116,train
P03117,train
P03118,train
P03119,train
P03120,train
P03121,train
P03122,train
P03123,train
P03124,train
P03125,test
P03126,test
P03127,validation
P03128,test
P03129,train
P03130,test
P03131,train
P03132,train
P03133,train
P03134,train
P03135,train
P03136,train
P03137,train
P03138,train
P03139,validation
P03140,train
P03141,train
P03142,train
P03143,train
P03144,train
P03145,validation
P03146,train
P03147,train
P03148,validation
P03149,test
P03150,test
P03151,train
P03152,train
P03153,train
P03154,train
P03155,train
P03156,train
P03157,train
P03158,train
P03159,test
P03160,train
P03161,train
P03162,train
P03163,train
P03164,train
P03165,train
P03166,validation
P03167,train
P03168,train
P03169,train
P03170,train
P03171,train
P03172,train
P03173,train
P03174,validation
P03175,train
P03176,train
P03177,train
P03178,train
P03179,validation
P03180,validation
P03181,train
P03182,train
P03183,test
P03184,validation
P03185,train
P03186,train
P03187,train
P03188,train
P03189,train
P03190,train
P03191,test
P03192,validation
P03193,train
P03194,train
P03195,train
P03196,train
P03197,train
P03198,train
P03199,train
P03200,train
P03201,train
P03202,train
P03203,train
P03204,train
P03205,train
P03206,train
P03207,train
P03208,train
P03209,train
P03210,train
P03211,train
P03212,test
P03213,train
P03214,train
P03215,train
P03216,train
P03217,validation
P03218,test
P03219,train
P03220,train
P03221,train
P03222,train
P03223,train
P03224,train
P03225,validation
P03226,validation
P03227,train
P03228,train
P03229,train
P03230,validation
P03231,train
P03232,train
P03233,train
P03234,train
P03235,train
P03236,validation
P03237,train
P03238,train
P03239,train
P03240,train
P03241,train
P03242,train
P03243,train
P03244,validation
P03245,train
P03246,train
P03247,validation
P03248,test
P03249,test
P03250,train
P03251,train
P03252,train
P03253,train
P03254,train
P03255,train
P03256,train
P03257,train
P03258,test
P03259,test
P03260,validation
P03261,train
P03262,train
P03263,train
P03264,test
P03265,train
P03266,test
P03267,validation
P03268,train
P03269,train
P03270,train
P03271,train
P03272,train
P03273,test
P03274,train
P03275,train
P03276,train
P03277,train
P03278,train
P03279,train
P03280,train
P03281,train
P03282,validation
P03283,train
P03284,train
P03285,train
P03286,train
P03287,train
P03288,train
P03289,validation
P03290,train
P03291,test
P03292,train
P03293,train
P03294,train
P03295,train
P03296,train
P03297,train
P03298,train
P03299,test
P03300,train
P03301,train
P03302,train
P03303,train
P03304,train
P03305,train
P03306,train
P03307,train
P03308,train
P03309,train
P03310,train
P03311,test
P03312,train
P03313,train
P03314,train
P03315,train
P03316,train
P03317,train
P03318,train
P03319,train
P03320,train
P03321,test
P03322,validation
P03323,train
P03324,train
P03325,train
P03326,validation
P03327,train
P03328,train
P03329,train
P03330,train
P03331,train
P03332,test
P03333,train
P03334,train
P03335,test
P03336,train
P03337,train
P03338,train
P03339,train
P03340,train
P03341,train
P03342,train
P03343,train
P03344,train
P03345,train
P03346,test
P03347,train
P03348,train
P03349,train
P03350,train
P03351,train
P03352,train
P03353,train
P03354,train
P03355,train
P03356,validation
P03357,train
P03358,train
P03359,train
P03360,train
P03361,train
P03362,train
P03363,train
P03364,train
P03365,train
P03366,validation
P03367,train
P03368,train
P03369,train
P03370,train
P03371,train
P03372,validation
P03373,train
P03374,train
P03375,train
P03376,train
P03377,validation
P03378,train
P03379,train
P03380,train
P03381,test
P03382,validation
P03383,test
P03384,train
P03385,train
P03386,train
P03387,train
P03388,train
P03389,train
P03390,train
P03391,test
P03392,train
P03393,train
P03394,validation
P03395,train
P03396,train
P03397,validation
P03398,train
P03399,train
P03400,train
P03401,train
P03402,test
P03403,train
P03404,train
P03405,train
P03406,train
P03407,train
P03408,train
P03409,train
P03410,train
P03411,train
P03412,train
P03413,train
P03414,train
P03415,train
P03416,train
P03417,train
P03418,test
P03419,train
P03420,train
P03421,train
P03422,train
P03423,train
P03424,train
P03425,train
P03426,train
P03427,train
P03428,train
P03429,train
P03430,train
P03431,train
P03432,validation
P03433,test
P03434,train
P03435,train
P03436,train
P03437,test
P03438,test
P03439,train
P03440,train
P03441,train
P03442,train
P03443,train
P03444,train
P03445,train
P03446,train
P03447,train
P03448,train
P03449,train
P03450,train
P03451,train
P03452,train
P03453,train
P03454,train
P03455,train
P03456,train
P03457,train
P03458,train
P03459,train
P03460,train
P03461,validation
P03462,train
P03463,train
P03464,train
P03465,train
P03466,train
P03467,test
P03468,train
P03469,train
P03470,train
P03471,train
P03472,train
P03473,train
P03474,train
P03475,train
P03476,train
P03477,train
P03478,train
P03479,train
P03480,train
P03481,train
P03482,train
P03483,train
P03484,train
P03485,train
P03486,train
P03487,train
P03488,train
P03489,train
P03490,train
P03491,train
P03492,train
P03493,train
P03494,train
P03495,train
P03496,train
P03497,train
P03498,train
P03499,train
P03500,train
P03501,train
P03502,test
P03503,train
P03504,train
P03505,test
P03506,train
P03507,train
P03508,train
P03509,train
P03510,validation
P03511,train
P03512,train
P03513,train
P03514,train
P03515,train
P03516,test
P03517,train
P03518,train
P03519,validation
P03520,train
P03521,train
P03522,validation
P03523,train
P03524,train
P03525,train
P03526,train
P03527,train
P03528,train
P03529,train
P03530,validation
P03531,train
P03532,train
P03533,train
P03534,train
P03535,train
P03536,train
P03537,train
P03538,train
P03539,train
P03540,train
P03541,train
P03542,test
P03543,train
P03544,train
P03545,train
P03546,train
P03547,train
P03548,train
P03549,train
P03550,train
P03551,train
P03552,train
P03553,validation
P03554,train
P03555,train
P03556,train
P03557,train
P03558,train
P03559,validation
P03560,test
P03561,train
P03562,train
P03563,train
P03564,train
P03565,train
P03566,train
P03567,validation
P03568,train
P03569,train
P03570,train
P03571,train
P03572,train
P03573,train
P03574,test
P03575,train
P03576,train
P03577,test
P03578,train
P03579,train
P03580,train
P03581,train
P03582,train
P03583,train
P03584,train
P03585,train
P03586,train
P03587,train
P03588,train
P03589,test
P03590,train
P03591,train
P03592,train
P03593,train
P03594,train
P03595,train
P03596,validation
P03597,train
P03598,test
P03599,train
P03600,train
P03601,validation
P03602,test
P03603,train
P03604,train
P03605,train
P03606,train
P03607,train
P03608,train
P03609,train
P03610,train
P03611,train
P03612,train
P03613,test
P03614,train
P03615,train
P03616,test
P03617,train
P03618,test
P03619,train
P03620,train
P03621,validation
P03622,train
P03623,train
P03624,train
P03625,train
P03626,test
P03627,train
P03628,train
P03629,validation
P03630,train
P03631,validation
P03632,train
P03633,train
P03634,validation
P03635,train
P03636,train
P03637,train
P03638,train
P03639,train
P03640,train
P03641,train
P03642,test
P03643,train
P03644,train
P03645,train
P03646,train
P03647,train
P03648,validation
P03649,train
P03650,train
P03651,train
P03652,train
P03653,train
P03654,train
P03655,train
P03656,train
P03657,train
P03658,train
P03659,train
P03660,train
P03661,train
P03662,train
P03663,train
P03664,train
P03665,validation
P03666,train
P03667,train
P03668,train
P03669,validation
P03670,test
P03671,test
P03672,train
P03673,validation
P03674,train
P03675,validation
P03676,train
P03677,train
P03678,test
P03679,train
P03680,train
P03681,train
P03682,validation
P03683,train
P03684,validation
P03685,train
P03686,test
P03687,train
P03688,train
P03689,train
P03690,test
P03691,train
P03692,train
P03693,train
P03694,train
P03695,train
P03696,train
P03697,train
P03698,train
P03699,train
P03700,train
P03701,train
P03702,train
P03703,train
P03704,train
P03705,train
P03706,test
P03707,train
P03708,train
P03709,test
P03710,test
P03711,train
P03712,validation
P03713,train
P03714,train
P03715,train
P03716,train
P03717,train
P03718,train
P03719,test
P03720,train
P03721,train
P03722,train
P03723,train
P03724,test
P03725,train
P03726,train
P03727,train
P03728,train
P03729,train
P03730,train
P03731,train
P03732,validation
P03733,train
P03734,validation
P03735,train
P03736,test
P03737,train
P03738,train
P03739,train
P03740,train
P03741,train
P03742,test
P03743,train
P03744,test
P03745,test
P03746,test
P03747,train
P03748,train
P03749,train
P03750,validation
P03751,train
P03752,validation
P03753,train
P03754,train
P03755,test
P03756,train
P03757,train
P03758,train
P03759,train
P03760,train
P03761,train
P03762,test
P03763,train
P03764,validation
P03765,train
P03766,train
P03767,validation
P03768,train
P03769,train
P03770,train
P03771,train
P03772,train
P03773,train
P03774,train
P03775,train
P03776,train
P03777,train
P03778,train
P03779,train
P03780,train
P03781,test
P03782,train
P03783,train
P03784,train
P03785,train
P03786,train
P03787,train
P03788,train
P03789,train
P03790,train
P03791,train
P03792,train
P03793,train
P03794,train
P03795,train
P03796,train
P03797,train
P03798,train
P03799,train
P03800,validation
P03801,train
P03802,train
P03803,train
P03804,train
P03805,train
P03806,train
P03807,test
P03808,train
P03809,train
P03810,train
P03811,train
P03812,train
P03813,train
P03814,validation
P03815,train
P03816,train
P03817,train
P03818,train
P03819,train
P03820,train
P03821,train
P03822,train
P03823,train
P03824,train
P03825,train
P03826,train
P03827,train
P03828,train
P03829,train
P03830,train
P03831,train
P03832,train
P03833,train
P03834,train
P03835,train
P03836,train
P03837,train
P03838,train
P03839,train
P03840,train
P03841,train
P03842,train
P03843,train
P03844,train
P03845,train
P03846,train
P03847,validation
P03848,train
P03849,train
P03850,validation
P03851,test
P03852,train
P03853,train
P03854,train
P03855,test
P03856,train
P03857,train
P03858,train
P03859,train
P03860,train
P03861,train
P03862,train
P03863,train
P03864,validation
P03865,train
P03866,train
P03867,test
P03868,train
P03869,train
P03870,train
P03871,train
P03872,train
P03873,train
P03874,train
P03875,train
P03876,train
P03877,train
P03878,train
P03879,test
P03880,train
P03881,train
P03882,train
P03883,train
P03884,train
P03885,train
P03886,validation
P03887,validation
P03888,train
P03889,test
P03890,train
P03891,validation
P03892,train
P03893,train
P03894,validation
P03895,train
P03896,train
P03897,train
P03898,validation
P03899,train
P03900,train
P03901,train
P03902,train
P03903,train
P03904,train
P03905,train
P03906,validation
P03907,train
P03908,train
P03909,train
P03910,train
P03911,train
P03912,train
P03913,train
P03914,train
P03915,validation
P03916,train
P03917,train
P03918,train
P03919,train
P03920,train
P03921,test
P03922,train
P03923,train
P03924,train
P03925,validation
P03926,validation
P03927,train
P03928,train
P03929,train
P03930,train
P03931,train
P03932,train
P03933,train
P03934,train
P03935,train
P03936,train
P03937,train
P03938,train
P03939,train
P03940,test
P03941,train
P03942,validation
P03943,train
P03944,train
P03945,train
P03946,train
P03947,test
P03948,train
P03949,test
P03950,train
P03951,train
P03952,train
P03953,train
P03954,train
P03955,train
P03956,train
P03957,test
P03958,train
P03959,train
P03960,train
P03961,train
P03962,train
P03963,train
P03964,train
P03965,train
P03966,train
P03967,validation
P03968,train
P03969,train
P03970,train
P03971,train
P03972,train
P03973,train
P03974,train
P03975,train
P03976,train
P03977,train
P03978,train
P03979,train
P03980,train
P03981,train
P03982,train
P03983,train
P03984,train
P03985,train
P03986,train
P03987,validation
P03988,train
P03989,train
P03990,train
P03991,train
P03992,train
P03993,train
P03994,train
P03995,train
P03996,train
P03997,validation
P03998,train
P03999,train
P04000,train
P04001,train
P04002,train
P04003,train
P04004,train
P04005,test
P04006,train
P04007,train
P04008,train
P04009,train
P04010,train
P04011,validation
P04012,train
P04013,test
P04014,test
P04015,train
P04016,train
P04017,test
P04018,train
P04019,train
P04020,train
P04021,train
P04022,train
P04023,train
P04024,train
P04025,train
P04026,train
P04027,train
P04028,train
P04029,train
P04030,train
P04031,test
P04032,train
P04033,validation
P04034,train
P04035,train
P04036,train
P04037,train
P04038,train
P04039,train
P04040,train
P04041,train
P04042,train
P04043,train
P04044,train
P04045,train
P04046,train
P04047,train
P04048,train
P04049,train
P04050,train
P04051,train
P04052,train
P04053,validation
P04054,train
P04055,validation
P04056,validation
P04057,validation
P04058,train
P04059,train
P04060,train
P04061,train
P04062,train
P04063,train
P04064,train
P04065,train
P04066,train
P04067,train
P04068,train
P04069,train
P04070,train
P04071,train
P04072,test
P04073,test
P04074,train
P04075,validation
P04076,train
P04077,train
P04078,train
P04079,validation
P04080,train
P04081,train
P04082,train
P04083,train
P04084,validation
P04085,validation
P04086,train
P04087,train
P04088,train
P04089,train
P04090,train
P04091,train
P04092,test
P04093,train
P04094,train
P04095,train
P04096,test
P04097,train
P04098,test
P04099,validation
P04100,train
P04101,train
P04102,train
P04103,train
P04104,train
P04105,train
P04106,test
P04107,train
P04108,test
P04109,train
P04110,train
P04111,train
P04112,train
P04113,train
P04114,train
P04115,train
P04116,train
P04117,train
P04118,train
P04119,validation
P04120,train
P04121,validation
P04122,train
P04123,train
P04124,test
P04125,train
P04126,validation
P04127,train
P04128,train
P04129,train
P04130,train
P04131,test
P04132,test
P04133,train
P04134,train
P04135,validation
P04136,train
P04137,train
P04138,train
P04139,train
P04140,train
P04141,train
P04142,train
P04143,train
P04144,train
P04145,train
P04146,train
P04147,train
P04148,test
P04149,train
P04150,train
P04151,train
P04152,validation
P04153,test
P04154,train
P04155,test
P04156,train
P04157,train
P04158,train
P04159,train
P04160,train
P04161,train
P04162,train
P04163,train
P04164,train
P04165,train
P04166,train
P04167,train
P04168,train
P04169,train
P04170,train
P04171,train
P04172,test
P04173,validation
P04174,train
P04175,train
P04176,train
P04177,train
P04178,train
P04179,train
P04180,train
P04181,train
P04182,train
P04183,train
P04184,train
P04185,train
P04186,train
P04187,train
P04188,train
P04189,train
P04190,validation
P04191,train
P04192,train
P04193,train
P04194,train
P04195,train
P04196,train
P04197,train
P04198,train
P04199,train
P04200,train
P04201,train
P04202,test
P04203,train
P04204,train
P04205,train
P04206,train
P04207,train
P04208,train
P04209,train
P04210,validation
P04211,train
P04212,test
P04213,test
P04214,validation
P04215,train
P04216,train
P04217,train
P04218,test
P04219,train
P04220,train
P04221,train
P04222,validation
P04223,train
P04224,train
P04225,train
P04226,test
P04227,train
P04228,train
P04229,train
P04230,train
P04231,test
P04232,train
P04233,train
P04234,train
P04235,validation
P04236,train
P04237,train
P04238,train
P04239,train
P04240,train
P04241,train
P04242,train
P04243,train
P04244,validation
P04245,train
P04246,train
P04247,train
P04248,train
P04249,validation
P04250,train
P04251,train
P04252,validation
P04253,train
P04254,train
P04255,validation
P04256,train
P04257,train
P04258,validation
P04259,train
P04260,train
P04261,test
P04262,train
P04263,test
P04264,train
P04265,train
P04266,train
P04267,train
P04268,validation
P04269,train
P04270,validation
P04271,train
P04272,train
P04273,train
P04274,train
P04275,train
P04276,train
P04277,train
P04278,train
P04279,train
P04280,train
P04281,train
P04282,train
P04283,train
P04284,train
P04285,train
P04286,train
P04287,train
P04288,train
P04289,train
P04290,train
P04291,test
P04292,train
P04293,train
P04294,train
P04295,train
P04296,train
P04297,train
P04298,train
P04299,train
P04300,test
P04301,train
P04302,validation
P04303,train
P04304,validation
P04305,train
P04306,train
P04307,train
P04308,train
P04309,validation
P04310,train
P04311,train
P04312,validation
P04313,train
P04314,train
P04315,test
P04316,test
P04317,train
P04318,train
P04319,train
P04320,train
P04321,train
P04322,train
P04323,train
P04324,train
P04325,test
P04326,train
P04327,validation
P04328,train
P04329,train
P04330,train
P04331,train
P04332,validation
P04333,train
P04334,train
P04335,train
P04336,train
P04337,train
P04338,train
P04339,train
P04340,train
P04341,train
P04342,train
P04343,test
P04344,test
P04345,train
P04346,train
P04347,train
P04348,train
P04349,test
P04350,test
P04351,validation
P04352,validation
P04353,train
P04354,train
P04355,train
P04356,train
P04357,train
P04358,train
P04359,train
P04360,train
P04361,train
P04362,train
P04363,train
P04364,train
P04365,validation
P04366,train
P04367,train
P04368,train
P04369,validation
P04370,train
P04371,validation
P04372,train
P04373,train
P04374,train
P04375,train
P04376,test
P04377,train
P04378,validation
P04379,test
P04380,validation
P04381,validation
P04382,train
P04383,test
P04384,train
P04385,train
P04386,train
P04387,train
P04388,train
P04389,train
P04390,train
P04391,test
P04392,train
P04393,train
P04394,train
P04395,train
P04396,test
P04397,train
P04398,train
P04399,test
P04400,train
P04401,train
P04402,train
P04403,train
P04404,train
P04405,train
P04406,train
P04407,train
P04408,train
P04409,test
P04410,train
P04411,train
P04412,train
P04413,train
P04414,validation
P04415,validation
P04416,train
P04417,train
P04418,train
P04419,train
P04420,train
P04421,train
P04422,train
P04423,train
P04424,train
P04425,train
P04426,train
P04427,train
P04428,train
P04429,train
P04430,train
P04431,train
P04432,train
P04433,train
P04434,train
P04435,train
P04436,train
P04437,train
P04438,train
P04439,train
P04440,train
P04441,train
P04442,validation
P04443,train
P04444,train
P04445,train
P04446,train
P04447,train
P04448,train
P04449,train
P04450,train
P04451,train
P04452,validation
P04453,train
P04454,train
P04455,train
P04456,test
P04457,train
P04458,train
P04459,train
P04460,train
P04461,train
P04462,validation
P04463,train
P04464,train
P04465,train
P04466,train
P04467,test
P04468,train
P04469,train
P04470,validation
P04471,train
P04472,train
P04473,test
P04474,train
P04475,train
P04476,train
P04477,train
P04478,train
P04479,train
P04480,train
P04481,train
P04482,validation
P04483,validation
P04484,train
P04485,train
P04486,train
P04487,train
P04488,train
P04489,train
P04490,train
P04491,validation
P04492,train
P04493,train
P04494,validation
P04495,train
P04496,train
P04497,validation
P04498,validation
P04499,train
P04500,train
P04501,train
P04502,train
P04503,train
P04504,test
P04505,train
P04506,train
P04507,train
P04508,train
P04509,validation
P04510,train
P04511,train
P04512,validation
P04513,test
P04514,train
P04515,train
P04516,train
P04517,test
P04518,test
P04519,train
P04520,train
P04521,train
P04522,test
P04523,test
P04524,train
P04525,train
P04526,train
P04527,train
P04528,train
P04529,train
P04530,train
P04531,test
P04532,validation
P04533,train
P04534,test
P04535,validation
P04536,train
P04537,train
P04538,train
P04539,train
P04540,validation
P04541,train
P04542,train
P04543,train
P04544,train
P04545,train
P04546,train
P04547,train
P04548,train
P04549,train
P04550,train
P04551,validation
P04552,train
P04553,test
P04554,train
P04555,train
P04556,train
P04557,train
P04558,train
P04559,train
P04560,test
P04561,validation
P04562,train
P04563,train
P04564,train
P04565,validation
P04566,test
P04567,test
P04568,train
P04569,train
P04570,train
P04571,validation
P04572,train
P04573,train
P04574,test
P04575,train
P04576,train
P04577,train
P04578,train
P04579,train
P04580,train
P04581,validation
P04582,train
P04583,test
P04584,test
P04585,train
P04586,test
P04587,train
P04588,test
P04589,train
P04590,train
P04591,train
P04592,test
P04593,test
P04594,train
P04595,train
P04596,validation
P04597,train
P04598,train
P04599,validation
P04600,test
P04601,train
P04602,train
P04603,train
P04604,train
P04605,test
P04606,train
P04607,validation
P04608,train
P04609,train
P04610,train
P04611,test
P04612,train
P04613,train
P04614,test
P04615,train
P04616,test
P04617,train
P04618,train
P04619,train
P04620,train
P04621,test
P04622,train
P04623,train
P04624,train
P04625,test
P04626,train
P04627,validation
P04628,train
P04629,train
P04630,train
P04631,train
P04632,train
P04633,train
P04634,test
P04635,train
P04636,train
P04637,train
P04638,train
P04639,train
P04640,train
P04641,train
P04642,train
P04643,validation
P04644,test
P04645,train
P04646,train
P04647,validation
P04648,train
P04649,validation
P04650,train
P04651,test
P04652,test
P04653,train
P04654,test
P04655,train
P04656,train
P04657,train
P04658,train
P04659,train
P04660,train
P04661,train
P04662,train
P04663,train
P04664,validation
P04665,train
P04666,validation
P04667,train
P04668,train
P04669,train
P04670,test
P04671,train
P04672,train
P04673,train
P04674,train
P04675,train
P04676,train
P04677,train
P04678,train
P04679,train
P04680,test
P04681,validation
P04682,test
P04683,train
P04684,train
P04685,train
P04686,test
P04687,validation
P04688,train
P04689,train
P04690,train
P04691,train
P04692,train
P04693,train
P04694,train
P04695,test
P04696,train
P04697,train
P04698,train
P04699,train
P04700,train
P04701,train
P04702,train
P04703,train
P04704,validation
P04705,train
P04706,train
P04707,train
P04708,train
P04709,train
P04710,train
P04711,train
P04712,test
P04713,train
P04714,validation
P04715,train
P04716,train
P04717,train
P04718,train
P04719,train
P04720,validation
P04721,train
P04722,test
P04723,test
P04724,train
P04725,train
P04726,train
P04727,validation
P04728,train
P04729,train
P04730,train
P04731,train
P04732,train
P04733,train
P04734,train
P04735,train
P04736,train
P04737,train
P04738,train
P04739,train
P04740,train
P04741,train
P04742,train
P04743,train
P04744,train
P04745,train
P04746,train
P04747,train
P04748,train
P04749,test
P04750,train
P04751,validation
P04752,test
P04753,train
P04754,validation
P04755,train
P04756,train
P04757,train
P04758,train
P04759,train
P04760,train
P04761,train
P04762,train
P04763,train
P04764,train
P04765,test
P04766,train
P04767,train
P04768,train
P04769,train
P04770,train
P04771,train
P04772,train
P04773,train
P04774,test
P04775,train
P04776,train
P04777,train
P04778,train
P04779,validation
P04780,train
P04781,train
P04782,train
P04783,train
P04784,train
P04785,train
P04786,train
P04787,train
P04788,train
P04789,train
P04790,train
P04791,train
P04792,train
P04793,validation
P04794,train
P04795,train
P04796,train
P04797,train
P04798,train
P04799,train
P04800,train
P04801,train
P04802,train
P04803,validation
P04804,validation
P04805,validation
P04806,validation
P04807,validation
P04808,train
P04809,train
P04810,train
P04811,train
P04812,train
P04813,train
P04814,train
P04815,train
P04816,train
P04817,train
P04818,test
P04819,train
P04820,train
P04821,test
P04822,train
P04823,train
P04824,validation
P04825,test
P04826,test
P04827,test
P04828,train
P04829,train
P04830,test
P04831,train
P04832,train
P04833,train
P04834,train
P04835,train
P04836,train
P04837,validation
P04838,train
P04839,train
P04840,validation
P04841,train
P04842,test
P04843,train
P04844,train
P04845,train
P04846,train
P04847,train
P04848,train
P04849,train
P04850,test
P04851,train
P04852,train
P04853,train
P04854,train
P04855,train
P04856,train
P04857,train
P04858,train
P04859,train
P04860,train
P04861,train
P04862,train
P04863,train
P04864,train
P04865,train
P04866,train
P04867,train
P04868,train
P04869,validation
P04870,train
P04871,train
P04872,train
P04873,train
P04874,train
P04875,train
P04876,train
P04877,train
P04878,train
P04879,train
P04880,train
P04881,train
P04882,train
P04883,train
P04884,train
P04885,train
P04886,train
P04887,train
P04888,test
P04889,train
P04890,train
P04891,train
P04892,train
P04893,train
P04894,validation
P04895,train
P04896,train
P04897,train
P04898,train
P04899,train
P04900,test
P04901,test
P04902,train
P04903,train
P04904,train
P04905,train
P04906,train
P04907,train
P04908,train
P04909,train
P04910,train
P04911,train
P04912,train
P04913,validation
P04914,train
P04915,train
P04916,train
P04917,train
P04918,train
P04919,train
P04920,train
P04921,train
P04922,train
P04923,validation
P04924,train
P04925,validation
P04926,train
P04927,train
P04928,train
P04929,train
P04930,train
P04931,test
P04932,train
P04933,train
P04934,train
P04935,train
P04936,train
P04937,train
P04938,test
P04939,train
P04940,validation
P04941,train
P04942,train
P04943,train
P04944,train
P04945,train
P04946,train
P04947,test
P04948,train
P04949,train
P04950,validation
P04951,train
P04952,validation
P04953,train
P04954,train
P04955,train
P04956,train
P04957,train
P04958,train
P04959,validation
P04960,validation
P04961,train
P04962,train
P04963,train
P04964,train
P04965,train
P04966,train
P04967,train
P04968,train
P04969,train
P04970,train
P04971,train
P04972,test
P04973,validation
P04974,validation
P04975,train
P04976,train
P04977,train
P04978,validation
P04979,test
P04980,validation
P04981,test
P04982,train
P04983,train
P04984,train
P04985,train
P04986,train
P04987,train
P04988,test
P04989,train
P04990,train
P04991,train
P04992,train
P04993,validation
P04994,train
P04995,train
P04996,train
P04997,train
P04998,train
P04999,validation
P05000,train
P05001,train
P05002,train
P05003,train
P05004,train
P05005,train
P05006,train
P05007,train
P05008,validation
P05009,train
P05010,train
P05011,train
P05012,test
P05013,train
P05014,train
P05015,train
P05016,train
P05017,train
P05018,train
P05019,train
P05020,train
P05021,train
P05022,train
P05023,train
P05024,train
P05025,train
P05026,train
P05027,train
P05028,train
P05029,train
P05030,train
P05031,test
P05032,train
P05033,train
P05034,train
P05035,train
P05036,train
P05037,train
P05038,train
P05039,validation
P05040,train
P05041,train
P05042,train
P05043,train
P05044,test
P05045,test
P05046,train
P05047,train
P05048,train
P05049,train
P05050,train
P05051,train
P05052,train
P05053,train
P05054,train
P05055,test
P05056,train
P05057,train
P05058,train
P05059,train
P05060,train
P05061,train
P05062,validation
P05063,train
P05064,train
P05065,test
P05066,train
P05067,train
P05068,train
P05069,validation
P05070,train
P05071,train
P05072,test
P05073,train
P05074,validation
P05075,train
P05076,train
P05077,train
P05078,train
P05079,train
P05080,train
P05081,test
P05082,train
P05083,train
P05084,validation
P05085,train
P05086,train
P05087,test
P05088,train
P05089,train
P05090,train
P05091,train
P05092,validation
P05093,train
P05094,train
P05095,train
P05096,validation
P05097,train
P05098,test
P05099,train
P05100,validation
P05101,train
P05102,validation
P05103,train
P05104,train
P05105,train
P05106,train
P05107,train
P05108,train
P05109,train
P05110,test
P05111,train
P05112,train
P05113,test
P05114,train
P05115,train
P05116,test
P05117,train
P05118,validation
P05119,train
P05120,validation
P05121,train
P05122,train
P05123,train
P05124,train
P05125,train
P05126,train
P05127,train
P05128,train
P05129,train
P05130,validation
P05131,train
P05132,train
P05133,train
P05134,train
P05135,train
P05136,train
P05137,train
P05138,train
P05139,test
P05140,train
P05141,train
P05142,train
P05143,train
P05144,train
P05145,train
P05146,train
P05147,train
P05148,train
P05149,train
P05150,validation
P05151,train
P05152,test
P05153,train
P05154,train
P05155,train
P05156,train
P05157,train
P05158,test
P05159,train
P05160,train
P05161,train
P05162,train
P05163,train
P05164,train
P05165,train
P05166,train
P05167,validation
P05168,train
P05169,train
P05170,train
P05171,train
P05172,test
P05173,train
P05174,train
P05175,train
P05176,train
P05177,train
P05178,train
P05179,train
P05180,train
P05181,train
P05182,train
P05183,train
P05184,train
P05185,train
P05186,train
P05187,train
P05188,train
P05189,train
P05190,train
P05191,train
P05192,train
P05193,train
P05194,train
P05195,train
P05196,validation
P05197,train
P05198,train
P05199,validation
P05200,train
P05201,train
P05202,train
P05203,train
P05204,validation
P05205,validation
P05206,train
P05207,train
P05208,train
P05209,train
P05210,train
P05211,train
P05212,train
P05213,validation
P05214,train
P05215,train
P05216,train
P05217,train
P05218,train
P05219,train
P05220,train
P05221,validation
P05222,train
P05223,train
P05224,validation
P05225,train
P05226,train
P05227,train
P05228,train
P05229,train
P05230,train
P05231,train
P05232,test
P05233,train
P05234,train
P05235,train
P05236,train
P05237,train
P05238,train
P05239,train
P05240,validation
P05241,train
P05242,test
P05243,train
P05244,train
P05245,train
P05246,test
P05247,test
P05248,train
P05249,train
P05250,train
P05251,train
P05252,train
P05253,train
P05254,train
P05255,train
P05256,train
P05257,train
P05258,validation
P05259,test
P05260,train
P05261,test
P05262,test
P05263,train
P05264,train
P05265,train
P05266,train
P05267,train
P05268,validation
P05269,train
P05270,train
P05271,train
P05272,train
P05273,train
P05274,train
P05275,train
P05276,train
P05277,train
P05278,train
P05279,validation
P05280,train
P05281,train
P05282,train
P05283,train
P05284,train
P05285,test
P05286,test
P05287,train
P05288,train
P05289,train
P05290,train
P05291,test
P05292,train
P05293,train
P05294,train
P05295,train
P05296,train
P05297,train
P05298,train
P05299,validation
P05300,train
P05301,train
P05302,train
P05303,train
P05304,train
P05305,train
P05306,train
P05307,test
P05308,train
P05309,train
P05310,train
P05311,train
P05312,train
P05313,train
P05314,test
P05315,test
P05316,train
P05317,test
P05318,train
P05319,train
P05320,train
P05321,train
P05322,train
P05323,train
P05324,train
P05325,test
P05326,test
P05327,train
P05328,test
P05329,train
P05330,train
P05331,train
P05332,train
P05333,train
P05334,train
P05335,train
P05336,train
P05337,train
P05338,train
P05339,train
P05340,train
P05341,train
P05342,train
P05343,train
P05344,validation
P05345,validation
P05346,train
P05347,train
P05348,train
P05349,train
P05350,train
P05351,validation
P05352,train
P05353,validation
P05354,train
P05355,train
P05356,train
P05357,train
P05358,train
P05359,train
P05360,train
P05361,train
P05362,train
P05363,train
P05364,train
P05365,train
P05366,train
P05367,train
P05368,train
P05369,train
P05370,train
P05371,train
P05372,train
P05373,train
P05374,train
P05375,validation
P05376,validation
P05377,train
P05378,train
P05379,test
P05380,test
P05381,test
P05382,train
P05383,train
P05384,train
P05385,train
P05386,train
P05387,train
P05388,train
P05389,train
P05390,train
P05391,train
P05392,validation
P05393,train
P05394,train
P05395,train
P05396,train
P05397,train
P05398,train
P05399,train
P05400,train
P05401,train
P05402,train
P05403,train
P05404,train
P05405,train
P05406,train
P05407,train
P05408,validation
P05409,train
P05410,train
P05411,train
P05412,train
P05413,validation
P05414,train
P05415,validation
P05416,train
P05417,train
P05418,train
P05419,train
P05420,train
P05421,train
P05422,train
P05423,validation
P05424,validation
P05425,train
P05426,train
P05427,train
P05428,train
P05429,train
P05430,test
P05431,train
P05432,train
P05433,train
P05434,train
P05435,train
P05436,train
P05437,validation
P05438,train
P05439,train
P05440,train
P05441,train
P05442,train
P05443,train
P05444,train
P05445,train
P05446,test
P05447,train
P05448,train
P05449,train
P05450,train
P05451,train
P05452,train
P05453,test
P05454,train
P05455,train
P05456,train
P05457,train
P05458,validation
P05459,train
P05460,train
P05461,train
P05462,test
P05463,train
P05464,train
P05465,train
P05466,train
P05467,validation
P05468,test
P05469,test
P05470,train
P05471,train
P05472,validation
P05473,train
P05474,train
P05475,test
P05476,train
P05477,train
P05478,validation
P05479,train
P05480,train
P05481,validation
P05482,train
P05483,validation
P05484,train
P05485,train
P05486,train
P05487,train
P05488,train
P05489,train
P05490,train
P05491,train
P05492,train
P05493,train
P05494,train
P05495,train
P05496,validation
P05497,train
P05498,train
P05499,train
P05500,validation
P05501,train
P05502,train
P05503,train
P05504,train
P05505,validation
P05506,train
P05507,validation
P05508,test
P05509,train
P05510,train
P05511,test
P05512,train
P05513,train
P05514,test
P05515,train
P05516,validation
P05517,train
P05518,train
P05519,train
P05520,train
P05521,train
P05522,train
P05523,train
P05524,train
P05525,train
P05526,train
P05527,train
P05528,train
P05529,train
P05530,train
P05531,train
P05532,train
P05533,validation
P05534,train
P05535,train
P05536,train
P05537,train
P05538,test
P05539,train
P05540,train
P05541,train
P05542,train
P05543,train
P05544,train
P05545,train
P05546,train
P05547,train
P05548,train
P05549,train
P05550,train
P05551,test
P05552,train
P05553,train
P05554,train
P05555,test
P05556,train
P05557,train
P05558,test
P05559,train
P05560,train
P05561,train
P05562,validation
P05563,train
P05564,train
P05565,train
P05566,train
P05567,train
P05568,train
P05569,test
P05570,train
P05571,validation
P05572,train
P05573,train
P05574,test
P05575,test
P05576,train
P05577,test
P05578,test
P05579,validation
P05580,train
P05581,train
P05582,train
P05583,train
P05584,train
P05585,train
P05586,train
P05587,train
P05588,train
P05589,test
P05590,train
P05591,validation
P05592,train
P05593,train
P05594,train
P05595,train
P05596,train
P05597,train
P05598,train
P05599,train
P05600,train
P05601,train
P05602,train
P05603,train
P05604,train
P05605,train
P05606,validation
P05607,test
P05608,test
P05609,validation
P05610,train
P05611,train
P05612,train
P05613,train
P05614,train
P05615,test
P05616,test
P05617,train
P05618,train
P05619,train
P05620,train
P05621,test
P05622,train
P05623,train
P05624,train
P05625,test
P05626,train
P05627,train
P05628,test
P05629,train
P05630,train
P05631,validation
P05632,train
P05633,train
P05634,train
P05635,train
P05636,train
P05637,train
P05638,train
P05639,validation
P05640,train
P05641,validation
P05642,train
P05643,train
P05644,train
P05645,validation
P05646,train
P05647,validation
P05648,train
P05649,train
P05650,train
P05651,train
P05652,train
P05653,train
P05654,train
P05655,train
P05656,train
P05657,train
P05658,train
P05659,train
P05660,train
P05661,train
P05662,train
P05663,train
P05664,train
P05665,train
P05666,train
P05667,train
P05668,train
P05669,train
P05670,train
P05671,train
P05672,train
P05673,train
P05674,train
P05675,train
P05676,validation
P05677,validation
P05678,test
P05679,train
P05680,validation
P05681,train
P05682,validation
P05683,train
P05684,train
P05685,test
P05686,validation
P05687,train
P05688,validation
P05689,train
P05690,train
P05691,train
P05692,train
P05693,train
P05694,train
P05695,train
P05696,train
P05697,train
P05698,validation
P05699,train
P05700,validation
P05701,train
P05702,test
P05703,validation
P05704,train
P05705,train
P05706,train
P05707,train
P05708,train
P05709,train
P05710,test
P05711,train
P05712,train
P05713,validation
P05714,train
P05715,train
P05716,test
P05717,train
P05718,train
P05719,train
P05720,test
P05721,train
P05722,train
P05723,train
P05724,validation
P05725,train
P05726,validation
P05727,train
P05728,train
P05729,train
P05730,train
P05731,train
P05732,train
P05733,train
P05734,train
P05735,train
P05736,validation
P05737,test
P05738,test
P05739,train
P05740,test
P05741,validation
P05742,train
P05743,train
P05744,train
P05745,train
P05746,train
P05747,test
P05748,test
P05749,train
P05750,test
P05751,train
P05752,train
P05753,test
P05754,validation
P05755,train
P05756,train
P05757,train
P05758,train
P05759,train
P05760,train
P05761,train
P05762,train
P05763,test
P05764,train
P05765,train
P05766,train
P05767,train
P05768,train
P05769,train
P05770,validation
P05771,validation
P05772,train
P05773,validation
P05774,train
P05775,train
P05776,train
P05777,train
P05778,train
P05779,train
P05780,test
P05781,train
P05782,train
P05783,train
P05784,train
P05785,train
P05786,validation
P05787,train
P05788,train
P05789,train
P05790,test
P05791,validation
P05792,train
P05793,train
P05794,train
P05795,train
P05796,train
P05797,train
P05798,train
P05799,train
P05800,train
P05801,train
P05802,train
P05803,validation
P05804,train
P05805,train
P05806,train
P05807,train
P05808,train
P05809,train
P05810,train
P05811,train
P05812,train
P05813,train
P05814,train
P05815,train
P05816,test
P05817,train
P05818,train
P05819,train
P05820,train
P05821,validation
P05822,train
P05823,test
P05824,train
P05825,train
P05826,train
P05827,train
P05828,train
P05829,train
P05830,train
P05831,train
P05832,train
P05833,train
P05834,train
P05835,train
P05836,train
P05837,train
P05838,train
P05839,train
P05840,train
P05841,train
P05842,train
P05843,train
P05844,train
P05845,test
P05846,train
P05847,test
P05848,train
P05849,train
P05850,train
P05851,test
P05852,train
P05853,train
P05854,train
P05855,train
P05856,test
P05857,train
P05858,train
P05859,train
P05860,train
P05861,train
P05862,train
P05863,train
P05864,test
P05865,train
P05866,train
P05867,test
P05868,train
P05869,train
P05870,validation
P05871,train
P05872,train
P05873,train
P05874,train
P05875,train
P05876,train
P05877,train
P05878,train
P05879,train
P05880,train
P05881,train
P05882,validation
P05883,test
P05884,train
P05885,train
P05886,train
P05887,validation
P05888,train
P05889,validation
P05890,train
P05891,train
P05892,train
P05893,validation
P05894,train
P05895,train
P05896,train
P05897,train
P05898,train
P05899,train
P05900,train
P05901,train
P05902,validation
P05903,train
P05904,train
P05905,train
P05906,train
P05907,train
P05908,train
P05909,validation
P05910,validation
P05911,train
P05912,train
P05913,train
P05914,validation
P05915,train
P05916,train
P05917,train
P05918,train
P05919,train
P05920,train
P05921,train
P05922,train
P05923,train
P05924,train
P05925,validation
P05926,train
P05927,train
P05928,train
P05929,train
P05930,train
P05931,train
P05932,train
P05933,test
P05934,train
P05935,train
P05936,train
P05937,train
P05938,train
P05939,train
P05940,validation
P05941,train
P05942,train
P05943,validation
P05944,train
P05945,train
P05946,train
P05947,train
P05948,train
P05949,train
P05950,train
P05951,train
P05952,train
P05953,test
P05954,train
P05955,train
P05956,test
P05957,train
P05958,test
P05959,test
P05960,train
P05961,test
P05962,train
P05963,train
P05964,validation
P05965,validation
P05966,train
P05967,train
P05968,train
P05969,train
P05970,train
P05971,train
P05972,train
P05973,train
P05974,train
P05975,test
P05976,train
P05977,train
P05978,train
P05979,train
P05980,train
P05981,train
P05982,test
P05983,train
P05984,train
P05985,train
P05986,train
P05987,train
P05988,test
P05989,train
P05990,validation
P05991,validation
P05992,train
P05993,train
P05994,test
P05995,train
P05996,train
P05997,train
P05998,train
P05999,train
P06000,train
P06001,train
P06002,train
P06003,train
P06004,train
P06005,train
P06006,train
P06007,train
P06008,test
P06009,train
P06010,train
P06011,train
P06012,train
P06013,train
P06014,train
P06015,validation
P06016,train
P06017,train
P06018,test
P06019,train
P06020,test
P06021,train
P06022,train
P06023,train
P06024,train
P06025,train
P06026,train
P06027,train
P06028,train
P06029,train
P06030,train
P06031,train
P06032,train
P06033,train
P06034,validation
P06035,train
P06036,train
P06037,train
P06038,train
P06039,train
P06040,train
P06041,train
P06042,test
P06043,train
P06044,train
P06045,train
P06046,validation
P06047,train
P06048,test
P06049,train
P06050,train
P06051,train
P06052,train
P06053,train
P06054,train
P06055,train
P06056,train
P06057,train
P06058,train
P06059,train
P06060,validation
P06061,validation
P06062,test
P06063,validation
P06064,train
P06065,train
P06066,train
P06067,train
P06068,train
P06069,train
P06070,train
P06071,train
P06072,test
P06073,validation
P06074,train
P06075,train
P06076,train
P06077,train
P06078,train
P06079,test
P06080,train
P06081,test
P06082,test
P06083,train
P06084,train
P06085,train
P06086,test
P06087,validation
P06088,train
P06089,train
P06090,validation
P06091,train
P06092,train
P06093,train
P06094,test
P06095,train
P06096,train
P06097,train
P06098,train
P06099,train
P06100,test
P06101,validation
P06102,train
P06103,train
P06104,train
P06105,test
P06106,train
P06107,train
P06108,validation
P06109,train
P06110,train
P06111,train
P06112,train
P06113,train
P06114,validation
P06115,train
P06116,train
P06117,test
P06118,train
P06119,train
P06120,train
P06121,validation
P06122,train
P06123,train
P06124,train
P06125,train
P06126,train
P06127,test
P06128,train
P06129,train
P06130,train
P06131,validation
P06132,train
P06133,train
P06134,train
P06135,train
P06136,train
P06137,train
P06138,train
P06139,train
P06140,train
P06141,train
P06142,validation
P06143,validation
P06144,validation
P06145,train
P06146,train
P06147,train
P06148,train
P06149,train
P06150,train
P06151,train
P06152,train
P06153,train
P06154,train
P06155,train
P06156,train
P06157,train
P06158,train
P06159,train
P06160,test
P06161,train
P06162,train
P06163,validation
P06164,train
P06165,train
P06166,train
P06167,test
P06168,validation
P06169,train
P06170,train
P06171,train
P06172,train
P06173,train
P06174,train
P06175,train
P06176,train
P06177,train
P06178,train
P06179,train
P06180,train
P06181,train
P06182,train
P06183,train
P06184,test
P06185,train
P06186,train
P06187,train
P06188,validation
P06189,train
P06190,test
P06191,test
P06192,train
P06193,train
P06194,validation
P06195,train
P06196,train
P06197,train
P06198,train
P06199,train
P06200,train
P06201,test
P06202,train
P06203,train
P06204,train
P06205,train
P06206,train
P06207,train
P06208,validation
P06209,train
P06210,test
P06211,train
P06212,train
P06213,train
P06214,train
P06215,train
P06216,test
P06217,train
P06218,train
P06219,train
P06220,train
P06221,train
P06222,validation
P06223,train
P06224,train
P06225,train
P06226,train
P06227,train
P06228,train
P06229,train
P06230,train
P06231,train
P06232,train
P06233,train
P06234,validation
P06235,train
P06236,train
P06237,train
P06238,test
P06239,test
P06240,train
P06241,train
P06242,train
P06243,train
P06244,train
P06245,train
P06246,train
P06247,train
P06248,train
P06249,test
P06250,train
P06251,train
P06252,validation
P06253,train
P06254,validation
P06255,validation
P06256,train
P06257,test
P06258,train
P06259,train
P06260,train
P06261,train
P06262,train
P06263,train
P06264,train
P06265,train
P06266,train
P06267,train
P06268,train
P06269,train
P06270,train
P06271,train
P06272,train
P06273,train
P06274,train
P06275,train
P06276,train
P06277,validation
P06278,train
P06279,train
P06280,validation
P06281,test
P06282,validation
P06283,train
P06284,train
P06285,train
P06286,test
P06287,train
P06288,test
P06289,test
P06290,train
P06291,test
P06292,train
P06293,validation
P06294,train
P06295,train
P06296,train
P06297,train
P06298,train
P06299,train
P06300,test
P06301,train
P06302,train
P06303,train
P06304,test
P06305,train
P06306,train
P06307,train
P06308,test
P06309,train
P06310,train
P06311,train
P06312,train
P06313,train
P06314,validation
P06315,train
P06316,test
P06317,train
P06318,train
P06319,train
P06320,train
P06321,train
P06322,train
P06323,train
P06324,test
P06325,train
P06326,test
P06327,train
P06328,train
P06329,validation
P06330,train
P06331,train
P06332,validation
P06333,train
P06334,test
P06335,train
P06336,train
P06337,train
P06338,train
P06339,validation
P06340,validation
P06341,train
P06342,test
P06343,train
P06344,train
P06345,train
P06346,train
P06347,train
P06348,test
P06349,train
P06350,validation
P06351,train
P06352,train
P06353,train
P06354,train
P06355,train
P06356,train
P06357,validation
P06358,test
P06359,train
P06360,train
P06361,train
P06362,train
P06363,train
P06364,validation
P06365,test
P06366,train
P06367,train
P06368,validation
P06369,validation
P06370,validation
P06371,train
P06372,train
P06373,train
P06374,test
P06375,train
P06376,train
P06377,train
P06378,train
P06379,train
P06380,train
P06381,train
P06382,train
P06383,train
P06384,train
P06385,train
P06386,train
P06387,train
P06388,train
P06389,train
P06390,train
P06391,train
P06392,train
P06393,train
P06394,train
P06395,train
P06396,validation
P06397,train
P06398,train
P06399,train
P06400,train
P06401,train
P06402,train
P06403,train
P06404,train
P06405,train
P06406,train
P06407,test
P06408,train
P06409,train
P06410,train
P06411,train
P06412,test
P06413,train
P06414,train
P06415,test
P06416,train
P06417,train
P06418,train
P06419,train
P06420,train
P06421,train
P06422,train
P06423,train
P06424,train
P06425,train
P06426,train
P06427,train
P06428,train
P06429,train
P06430,train
P06431,train
P06432,train
P06433,train
P06434,validation
P06435,train
P06436,validation
P06437,validation
P06438,train
P06439,train
P06440,train
P06441,train
P06442,train
P06443,train
P06444,train
P06445,test
P06446,train
P06447,train
P06448,train
P06449,test
P06450,train
P06451,validation
P06452,train
P06453,train
P06454,train
P06455,train
P06456,train
P06457,test
P06458,train
P06459,train
P06460,train
P06461,train
P06462,train
P06463,validation
P06464,train
P06465,train
P06466,train
P06467,train
P06468,train
P06469,train
P06470,train
P06471,test
P06472,train
P06473,train
P06474,validation
P06475,train
P06476,train
P06477,train
P06478,train
P06479,train
P06480,train
P06481,train
P06482,train
P06483,test
P06484,train
P06485,train
P06486,train
P06487,validation
P06488,train
P06489,train
P06490,train
P06491,train
P06492,train
P06493,train
P06494,train
P06495,train
P06496,train
P06497,validation
P06498,train
P06499,train
P06500,train
P06501,train
P06502,train
P06503,train
P06504,train
P06505,train
P06506,train
P06507,train
P06508,train
P06509,train
P06510,train
P06511,train
P06512,train
P06513,validation
P06514,train
P06515,train
P06516,train
P06517,train
P06518,validation
P06519,validation
P06520,train
P06521,train
P06522,train
P06523,train
P06524,train
P06525,train
P06526,train
P06527,test
P06528,validation
P06529,train
P06530,train
P06531,train
P06532,train
P06533,train
P06534,train
P06535,train
P06536,train
P06537,train
P06538,train
P06539,test
P06540,test
P06541,train
P06542,train
P06543,train
P06544,train
P06545,train
P06546,validation
P06547,test
P06548,train
P06549,train
P06550,train
P06551,test
P06552,train
P06553,train
P06554,train
P06555,train
P06556,train
P06557,train
P06558,train
P06559,test
P06560,train
P06561,train
P06562,train
P06563,train
P06564,train
P06565,test
P06566,test
P06567,train
P06568,train
P06569,validation
P06570,train
P06571,train
P06572,train
P06573,train
P06574,test
P06575,train
P06576,train
P06577,train
P06578,train
P06579,train
P06580,train
P06581,train
P06582,train
P06583,train
P06584,train
P06585,train
P06586,train
P06587,train
P06588,train
P06589,train
P06590,train
P06591,train
P06592,train
P06593,train
P06594,train
P06595,train
P06596,train
P06597,train
P06598,train
P06599,train
P06600,validation
P06601,train
P06602,train
P06603,train
P06604,train
P06605,train
P06606,train
P06607,test
P06608,train
P06609,validation
P06610,train
P06611,train
P06612,train
P06613,train
P06614,train
P06615,train
P06616,train
P06617,test
P06618,train
P06619,train
P06620,train
P06621,train
P06622,train
P06623,train
P06624,train
P06625,train
P06626,train
P06627,train
P06628,train
P06629,test
P06630,train
P06631,train
P06632,train
P06633,test
P06634,validation
P06635,train
P06636,train
P06637,test
P06638,train
P06639,train
P06640,train
P06641,train
P06642,validation
P06643,train
P06644,train
P06645,train
P06646,train
P06647,train
P06648,train
P06649,train
P06650,train
P06651,validation
P06652,validation
P06653,test
P06654,train
P06655,train
P06656,train
P06657,validation
P06658,train
P06659,train
P06660,train
P06661,train
P06662,train
P06663,train
P06664,train
P06665,train
P06666,validation
P06667,train
P06668,test
P06669,train
P06670,train
P06671,train
P06672,train
P06673,train
P06674,train
P06675,train
P06676,train
P06677,train
P06678,train
P06679,train
P06680,train
P06681,test
P06682,train
P06683,train
P06684,train
P06685,train
P06686,train
P06687,train
P06688,train
P06689,train
P06690,test
P06691,train
P06692,train
P06693,train
P06694,validation
P06695,train
P06696,validation
P06697,train
P06698,train
P06699,train
P06700,train
P06701,train
P06702,train
P06703,train
P06704,train
P06705,train
P06706,validation
P06707,train
P06708,train
P06709,train
P06710,train
P06711,validation
P06712,train
P06713,train
P06714,train
P06715,train
P06716,train
P06717,train
P06718,train
P06719,test
P06720,train
P06721,train
P06722,train
P06723,test
P06724,train
P06725,train
P06726,train
P06727,train
P06728,train
P06729,train
P06730,train
P06731,train
P06732,train
P06733,train
P06734,train
P06735,train
P06736,train
P06737,train
P06738,train
P06739,train
P06740,train
P06741,train
P06742,train
P06743,train
P06744,train
P06745,train
P06746,train
P06747,train
P06748,train
P06749,train
P06750,train
P06751,train
P06752,train
P06753,validation
P06754,train
P06755,train
P06756,validation
P06757,train
P06758,train
P06759,train
P06760,test
P06761,test
P06762,train
P06763,train
P06764,train
P06765,train
P06766,test
P06767,train
P06768,test
P06769,train
P06770,validation
P06771,train
P06772,validation
P06773,validation
P06774,test
P06775,train
P06776,train
P06777,test
P06778,train
P06779,validation
P06780,train
P06781,train
P06782,train
P06783,train
P06784,train
P06785,train
P06786,train
P06787,test
P06788,train
P06789,train
P06790,train
P06791,train
P06792,train
P06793,train
P06794,train
P06795,train
P06796,train
P06797,validation
P06798,train
P06799,train
P06800,train
P06801,train
P06802,test
P06803,test
P06804,train
P06805,train
P06806,validation
P06807,train
P06808,test
P06809,validation
P06810,train
P06811,test
P06812,train
P06813,train
P06814,train
P06815,test
P06816,train
P06817,train
P06818,train
P06819,train
P06820,train
P06821,train
P06822,test
P06823,train
P06824,train
P06825,validation
P06826,train
P06827,train
P06828,train
P06829,validation
P06830,train
P06831,train
P06832,train
P06833,train
P06834,train
P06835,train
P06836,train
P06837,train
P06838,train
P06839,train
P06840,train
P06841,validation
P06842,train
P06843,train
P06844,train
P06845,train
P06846,test
P06847,train
P06848,train
P06849,test
P06850,train
P06851,test
P06852,train
P06853,train
P06854,train
P06855,train
P06856,train
P06857,train
P06858,train
P06859,train
P06860,validation
P06861,test
P06862,train
P06863,train
P06864,train
P06865,train
P06866,test
P06867,train
P06868,train
P06869,train
P06870,train
P06871,test
P06872,validation
P06873,train
P06874,validation
P06875,train
P06876,train
P06877,train
P06878,train
P06879,train
P06880,train
P06881,train
P06882,train
P06883,train
P06884,train
P06885,train
P06886,validation
P06887,validation
P06888,train
P06889,train
P06890,train
P06891,validation
P06892,train
P06893,train
P06894,train
P06895,validation
P06896,test
P06897,validation
P06898,train
P06899,train
P06900,train
P06901,train
P06902,train
P06903,train
P06904,train
P06905,train
P06906,train
P06907,train
P06908,train
P06909,validation
P06910,train
P06911,train
P06912,train
P06913,train
P06914,test
P06915,train
P06916,train
P06917,train
P06918,train
P06919,test
P06920,train
P06921,train
P06922,train
P06923,train
P06924,train
P06925,train
P06926,train
P06927,train
P06928,train
P06929,train
P06930,train
P06931,train
P06932,train
P06933,train
P06934,train
P06935,train
P06936,train
P06937,train
P06938,test
P06939,train
P06940,train
P06941,train
P06942,train
P06943,train
P06944,train
P06945,train
P06946,train
P06947,train
P06948,train
P06949,train
P06950,train
P06951,train
P06952,train
P06953,train
P06954,train
P06955,train
P06956,train
P06957,test
P06958,train
P06959,train
P06960,train
P06961,test
P06962,validation
P06963,test
P06964,train
P06965,train
P06966,validation
P06967,validation
P06968,validation
P06969,train
P06970,train
P06971,train
P06972,train
P06973,train
P06974,train
P06975,train
P06976,test
P06977,validation
P06978,train
P06979,train
P06980,train
P06981,train
P06982,test
P06983,train
P06984,train
P06985,train
P06986,train
P06987,train
P06988,train
P06989,test
P06990,train
P06991,train
P06992,test
P06993,train
P06994,train
P06995,train
P06996,train
P06997,train
P06998,train
P06999,train
P07000,train
P07001,train
P07002,train
P07003,validation
P07004,train
P07005,train
P07006,train
P07007,train
P07008,train
P07009,train
P07010,train
P07011,train
P07012,train
P07013,train
P07014,train
P07015,validation
P07016,train
P07017,train
P07018,test
P07019,train
P07020,train
P07021,train
P07022,train
P07023,train
P07024,train
P07025,train
P07026,train
P07027,train
P07028,train
P07029,test
P07030,train
P07031,train
P07032,train
P07033,train
P07034,train
P07035,validation
P07036,train
P07037,train
P07038,validation
P07039,train
P07040,validation
P07041,train
P07042,train
P07043,train
P07044,test
P07045,train
P07046,train
P07047,train
P07048,train
P07049,train
P07050,train
P07051,test
P07052,train
P07053,train
P07054,train
P07055,train
P07056,test
P07057,train
P07058,validation
P07059,train
P07060,train
P07061,train
P07062,train
P07063,test
P07064,train
P07065,train
P07066,train
P07067,train
P07068,train
P07069,train
P07070,validation
P07071,train
P07072,train
P07073,train
P07074,train
P07075,train
P07076,train
P07077,train
P07078,test
P07079,train
P07080,train
P07081,train
P07082,train
P07083,test
P07084,train
P07085,validation
P07086,train
P07087,train
P07088,validation
P07089,test
P07090,train
P07091,train
P07092,train
P07093,train
P07094,train
P07095,train
P07096,train
P07097,train
P07098,test
P07099,train
P07100,test
P07101,train
P07102,validation
P07103,train
P07104,validation
P07105,train
P07106,train
P07107,train
P07108,train
P07109,train
P07110,train
P07111,train
P07112,train
P07113,train
P07114,train
P07115,train
P07116,train
P07117,train
P07118,train
P07119,test
P07120,train
P07121,validation
P07122,test
P07123,train
P07124,train
P07125,validation
P07126,train
P07127,train
P07128,train
P07129,train
P07130,train
P07131,train
P07132,train
P07133,train
P07134,test
P07135,train
P07136,train
P07137,train
P07138,train
P07139,validation
P07140,train
P07141,train
P07142,test
P07143,train
P07144,validation
P07145,test
P07146,train
P07147,validation
P07148,train
P07149,train
P07150,train
P07151,train
P07152,train
P07153,train
P07154,train
P07155,train
P07156,train
P07157,train
P07158,train
P07159,train
P07160,train
P07161,train
P07162,train
P07163,train
P07164,train
P07165,train
P07166,train
P07167,train
P07168,train
P07169,validation
P07170,train
P07171,train
P07172,train
P07173,train
P07174,validation
P07175,train
P07176,train
P07177,test
P07178,train
P07179,train
P07180,train
P07181,train
P07182,train
P07183,validation
P07184,train
P07185,train
P07186,train
P07187,test
P07188,train
P07189,train
P07190,train
P07191,train
P07192,train
P07193,test
P07194,train
P07195,train
P07196,train
P07197,train
P07198,train
P07199,train
P07200,train
P07201,train
P07202,train
P07203,train
P07204,train
P07205,train
P07206,validation
P07207,train
P07208,train
P07209,train
P07210,train
P07211,train
P07212,train
P07213,train
P07214,validation
P07215,train
P07216,validation
P07217,train
P07218,test
P07219,train
P07220,train
P07221,test
P07222,test
P07223,train
P07224,train
P07225,validation
P07226,train
P07227,validation
P07228,train
P07229,train
P07230,validation
P07231,train
P07232,train
P07233,validation
P07234,train
P07235,train
P07236,train
P07237,train
P07238,train
P07239,validation
P07240,train
P07241,train
P07242,validation
P07243,train
P07244,train
P07245,train
P07246,train
P07247,test
P07248,train
P07249,train
P07250,train
P07251,train
P07252,train
P07253,test
P07254,train
P07255,train
P07256,train
P07257,test
P07258,train
P07259,train
P07260,test
P07261,train
P07262,train
P07263,train
P07264,train
P07265,train
P07266,train
P07267,train
P07268,train
P07269,validation
P07270,train
P07271,validation
P07272,train
P07273,validation
P07274,train
P07275,train
P07276,train
P07277,train
P07278,train
P07279,train
P07280,train
P07281,train
P07282,train
P07283,train
P07284,train
P07285,train
P07286,validation
P07287,train
P07288,train
P07289,train
P07290,train
P07291,train
P07292,train
P07293,train
P07294,train
P07295,train
P07296,train
P07297,validation
P07298,train
P07299,train
P07300,train
P07301,train
P07302,train
P07303,train
P07304,train
P07305,train
P07306,train
P07307,train
P07308,train
P07309,train
P07310,train
P07311,train
P07312,train
P07313,train
P07314,train
P07315,test
P07316,train
P07317,train
P07318,validation
P07319,train
P07320,train
P07321,train
P07322,train
P07323,train
P07324,train
P07325,train
P07326,train
P07327,train
P07328,train
P07329,train
P07330,validation
P07331,train
P07332,train
P07333,validation
P07334,train
P07335,train
P07336,train
P07337,train
P07338,train
P07339,train
P07340,train
P07341,train
P07342,train
P07343,train
P07344,train
P07345,validation
P07346,train
P07347,train
P07348,train
P07349,validation
P07350,train
P07351,train
P07352,train
P07353,train
P07354,train
P07355,train
P07356,validation
P07357,test
P07358,train
P07359,train
P07360,train
P07361,train
P07362,train
P07363,train
P07364,train
P07365,train
P07366,train
P07367,train
P07368,train
P07369,train
P07370,train
P07371,test
P07372,validation
P07373,train
P07374,validation
P07375,test
P07376,test
P07377,train
P07378,train
P07379,test
P07380,train
P07381,train
P07382,train
P07383,train
P07384,train
P07385,train
P07386,train
P07387,test
P07388,train
P07389,train
P07390,train
P07391,train
P07392,train
P07393,train
P07394,train
P07395,train
P07396,test
P07397,train
P07398,train
P07399,train
P07400,train
P07401,train
P07402,train
P07403,train
P07404,train
P07405,train
P07406,train
P07407,test
P07408,train
P07409,test
P07410,test
P07411,train
P07412,train
P07413,train
P07414,validation
P07415,train
P07416,train
P07417,train
P07418,train
P07419,validation
P07420,train
P07421,train
P07422,train
P07423,train
P07424,train
P07425,train
P07426,train
P07427,train
P07428,train
P07429,train
P07430,validation
P07431,train
P07432,train
P07433,train
P07434,train
P07435,train
P07436,train
P07437,train
P07438,train
P07439,train
P07440,train
P07441,train
P07442,train
P07443,train
P07444,train
P07445,train
P07446,train
P07447,train
P07448,train
P07449,train
P07450,train
P07451,train
P07452,test
P07453,train
P07454,train
P07455,train
P07456,train
P07457,validation
P07458,train
P07459,test
P07460,train
P07461,train
P07462,train
P07463,train
P07464,train
P07465,train
P07466,train
P07467,train
P07468,train
P07469,train
P07470,train
P07471,train
P07472,test
P07473,train
P07474,train
P07475,train
P07476,train
P07477,train
P07478,train
P07479,train
P07480,train
P07481,train
P07482,train
P07483,train
P07484,train
P07485,validation
P07486,train
P07487,validation
P07488,train
P07489,train
P07490,train
P07491,train
P07492,train
P07493,train
P07494,train
P07495,train
P07496,train
P07497,train
P07498,train
P07499,train
P07500,validation
P07501,train
P07502,train
P07503,train
P07504,test
P07505,test
P07506,train
P07507,train
P07508,train
P07509,validation
P07510,train
P07511,test
P07512,train
P07513,train
P07514,train
P07515,train
P07516,test
P07517,train
P07518,train
P07519,validation
P07520,validation
P07521,train
P07522,train
P07523,validation
P07524,train
P07525,train
P07526,validation
P07527,train
P07528,test
P07529,train
P07530,train
P07531,train
P07532,train
P07533,train
P07534,train
P07535,test
P07536,validation
P07537,train
P07538,train
P07539,train
P07540,test
P07541,validation
P07542,train
P07543,train
P07544,train
P07545,train
P07546,train
P07547,train
P07548,train
P07549,train
P07550,train
P07551,train
P07552,train
P07553,train
P07554,train
P07555,train
P07556,test
P07557,train
P07558,train
P07559,train
P07560,validation
P07561,train
P07562,train
P07563,train
P07564,train
P07565,train
P07566,train
P07567,train
P07568,train
P07569,train
P07570,train
P07571,train
P07572,train
P07573,validation
P07574,test
P07575,validation
P07576,train
P07577,train
P07578,train
P07579,train
P07580,train
P07581,train
P07582,train
P07583,train
P07584,train
P07585,train
P07586,train
P07587,train
P07588,test
P07589,train
P07590,train
P07591,train
P07592,train
P07593,train
P07594,validation
P07595,train
P07596,train
P07597,train
P07598,train
P07599,validation
P07600,validation
P07601,train
P07602,test
P07603,train
P07604,train
P07605,train
P07606,train
P07607,train
P07608,train
P07609,train
P07610,validation
P07611,test
P07612,train
P07613,train
P07614,train
P07615,train
P07616,train
P07617,train
P07618,validation
P07619,validation
P07620,train
P07621,train
P07622,train
P07623,validation
P07624,train
P07625,train
P07626,train
P07627,train
P07628,test
P07629,train
P07630,train
P07631,train
P07632,train
P07633,train
P07634,train
P07635,validation
P07636,train
P07637,train
P07638,train
P07639,train
P07640,test
P07641,test
P07642,validation
P07643,train
P07644,train
P07645,train
P07646,train
P07647,train
P07648,test
P07649,train
P07650,test
P07651,train
P07652,train
P07653,train
P07654,train
P07655,train
P07656,train
P07657,train
P07658,validation
P07659,train
P07660,train
P07661,train
P07662,test
P07663,train
P07664,train
P07665,test
P07666,train
P07667,validation
P07668,test
P07669,train
P07670,test
P07671,train
P07672,test
P07673,train
P07674,test
P07675,train
P07676,validation
P07677,train
P07678,validation
P07679,train
P07680,train
P07681,train
P07682,train
P07683,train
P07684,train
P07685,train
P07686,train
P07687,train
P07688,train
P07689,train
P07690,train
P07691,train
P07692,train
P07693,test
P07694,train
P07695,train
P07696,train
P07697,validation
P07698,train
P07699,train
P07700,train
P07701,train
P07702,test
P07703,test
P07704,train
P07705,train
P07706,test
P07707,validation
P07708,train
P07709,test
P07710,validation
P07711,train
P07712,train
P07713,train
P07714,train
P07715,train
P07716,train
P07717,train
P07718,train
P07719,train
P07720,train
P07721,train
P07722,train
P07723,train
P07724,train
P07725,train
P07726,train
P07727,test
P07728,test
P07729,train
P07730,train
P07731,train
P07732,test
P07733,train
P07734,train
P07735,train
P07736,train
P07737,train
P07738,train
P07739,validation
P07740,train
P07741,validation
P07742,train
P07743,train
P07744,validation
P07745,train
P07746,train
P07747,train
P07748,train
P07749,validation
P07750,train
P07751,train
P07752,train
P07753,train
P07754,train
P07755,train
P07756,train
P07757,train
P07758,train
P07759,train
P07760,train
P07761,train
P07762,validation
P07763,train
P07764,train
P07765,train
P07766,test
P07767,test
P07768,validation
P07769,train
P07770,train
P07771,train
P07772,test
P07773,train
P07774,train
P07775,train
P07776,train
P07777,train
P07778,test
P07779,train
P07780,validation
P07781,validation
P07782,train
P07783,train
P07784,validation
P07785,train
P07786,validation
P07787,validation
P07788,validation
P07789,train
P07790,train
P07791,train
P07792,train
P07793,train
P07794,train
P07795,train
P07796,train
P07797,validation
P07798,validation
P07799,train
P07800,train
P07801,train
P07802,test
P07803,test
P07804,train
P07805,train
P07806,train
P07807,train
P07808,train
P07809,train
P07810,train
P07811,train
P07812,train
P07813,train
P07814,train
P07815,test
P07816,train
P07817,train
P07818,train
P07819,train
P07820,test
P07821,train
P07822,test
P07823,train
P07824,validation
P07825,train
P07826,train
P07827,train
P07828,validation
P07829,test
P07830,train
P07831,train
P07832,train
P07833,validation
P07834,train
P07835,test
P07836,validation
P07837,train
P07838,validation
P07839,train
P07840,train
P07841,train
P07842,train
P07843,train
P07844,validation
P07845,train
P07846,train
P07847,validation
P07848,train
P07849,train
P07850,train
P07851,train
P07852,train
P07853,train
P07854,train
P07855,test
P07856,train
P07857,train
P07858,train
P07859,test
P07860,train
P07861,train
P07862,train
P07863,validation
P07864,validation
P07865,train
P07866,validation
P07867,train
P07868,train
P07869,train
P07870,train
P07871,train
P07872,test
P07873,train
P07874,train
P07875,train
P07876,train
P07877,validation
P07878,train
P07879,train
P07880,train
P07881,train
P07882,train
P07883,train
P07884,train
P07885,train
P07886,train
P07887,validation
P07888,train
P07889,train
P07890,test
P07891,train
P07892,train
P07893,train
P07894,train
P07895,train
P07896,train
P07897,train
P07898,test
P07899,train
P07900,train
P07901,train
P07902,train
P07903,train
P07904,train
P07905,train
P07906,validation
P07907,train
P07908,train
P07909,train
P07910,train
P07911,train
P07912,validation
P07913,train
P07914,train
P07915,train
P07916,train
P07917,train
P07918,train
P07919,test
P07920,train
P07921,test
P07922,train
P07923,train
P07924,train
P07925,train
P07926,validation
P07927,train
P07928,validation
P07929,train
P07930,train
P07931,train
P07932,train
P07933,train
P07934,train
P07935,train
P07936,train
P07937,train
P07938,train
P07939,train
P07940,train
P07941,train
P07942,train
P07943,train
P07944,train
P07945,train
P07946,train
P07947,validation
P07948,train
P07949,train
P07950,train
P07951,train
P07952,train
P07953,train
P07954,validation
P07955,train
P07956,train
P07957,validation
P07958,train
P07959,train
P07960,train
P07961,train
P07962,train
P07963,train
P07964,train
P07965,train
P07966,train
P07967,train
P07968,train
P07969,train
P07970,test
P07971,train
P07972,train
P07973,train
P07974,train
P07975,train
P07976,train
P07977,train
P07978,validation
P07979,validation
P07980,train
P07981,validation
P07982,train
P07983,validation
P07984,train
P07985,test
P07986,train
P07987,train
P07988,train
P07989,train
P07990,train
P07991,train
P07992,train
P07993,train
P07994,train
P07995,train
P07996,train
P07997,train
P07998,train
P07999,validation
P08000,train
P08001,train
P08002,train
P08003,validation
P08004,train
P08005,train
P08006,train
P08007,train
P08008,validation
P08009,train
P08010,train
P08011,train
P08012,test
P08013,train
P08014,train
P08015,test
P08016,train
P08017,train
P08018,train
P08019,train
P08020,train
P08021,train
P08022,train
P08023,test
P08024,train
P08025,train
P08026,train
P08027,train
P08028,train
P08029,train
P08030,train
P08031,train
P08032,train
P08033,train
P08034,train
P08035,train
P08036,train
P08037,train
P08038,train
P08039,train
P08040,train
P08041,validation
P08042,train
P08043,train
P08044,test
P08045,train
P08046,train
P08047,train
P08048,train
P08049,test
P08050,train
P08051,train
P08052,test
P08053,train
P08054,train
P08055,train
P08056,train
P08057,train
P08058,train
P08059,train
P08060,train
P08061,train
P08062,train
P08063,train
P08064,train
P08065,train
P08066,train
P08067,test
P08068,train
P08069,train
P08070,validation
P08071,train
P08072,train
P08073,train
P08074,train
P08075,train
P08076,train
P08077,train
P08078,train
P08079,train
P08080,validation
P08081,train
P08082,train
P08083,train
P08084,train
P08085,test
P08086,validation
P08087,train
P08088,train
P08089,train
P08090,train
P08091,train
P08092,train
P08093,test
P08094,train
P08095,train
P08096,train
P08097,train
P08098,train
P08099,train
P08100,train
P08101,train
P08102,test
P08103,train
P08104,train
P08105,train
P08106,train
P08107,train
P08108,validation
P08109,test
P08110,train
P08111,train
P08112,train
P08113,train
P08114,train
P08115,train
P08116,train
P08117,train
P08118,train
P08119,train
P08120,test
P08121,train
P08122,train
P08123,train
P08124,validation
P08125,train
P08126,train
P08127,train
P08128,validation
P08129,train
P08130,train
P08131,train
P08132,train
P08133,train
P08134,train
P08135,train
P08136,train
P08137,train
P08138,validation
P08139,train
P08140,train
P08141,train
P08142,test
P08143,train
P08144,validation
P08145,validation
P08146,train
P08147,train
P08148,train
P08149,train
P08150,validation
P08151,train
P08152,train
P08153,train
P08154,train
P08155,train
P08156,test
P08157,train
P08158,train
P08159,train
P08160,train
P08161,train
P08162,train
P08163,train
P08164,train
P08165,train
P08166,train
P08167,train
P08168,train
P08169,train
P08170,train
P08171,train
P08172,train
P08173,train
P08174,test
P08175,train
P08176,train
P08177,validation
P08178,test
P08179,train
P08180,test
P08181,train
P08182,train
P08183,train
P08184,train
P08185,train
P08186,train
P08187,train
P08188,train
P08189,train
P08190,train
P08191,test
P08192,train
P08193,test
P08194,train
P08195,train
P08196,train
P08197,train
P08198,train
P08199,train
P08200,test
P08201,train
P08202,train
P08203,train
P08204,test
P08205,train
P08206,train
P08207,train
P08208,validation
P08209,validation
P08210,train
P08211,train
P08212,train
P08213,test
P08214,train
P08215,train
P08216,train
P08217,train
P08218,train
P08219,train
P08220,train
P08221,train
P08222,train
P08223,train
P08224,test
P08225,train
P08226,train
P08227,train
P08228,test
P08229,train
P08230,train
P08231,train
P08232,train
P08233,train
P08234,train
P08235,train
P08236,train
P08237,test
P08238,train
P08239,train
P08240,train
P08241,train
P08242,train
P08243,train
P08244,train
P08245,train
P08246,train
P08247,test
P08248,train
P08249,train
P08250,train
P08251,train
P08252,train
P08253,validation
P08254,train
P08255,train
P08256,validation
P08257,train
P08258,train
P08259,train
P08260,train
P08261,train
P08262,train
P08263,train
P08264,train
P08265,test
P08266,train
P08267,train
P08268,test
P08269,test
P08270,train
P08271,train
P08272,train
P08273,train
P08274,train
P08275,train
P08276,train
P08277,test
P08278,train
P08279,train
P08280,train
P08281,train
P08282,train
P08283,train
P08284,train
P08285,validation
P08286,train
P08287,train
P08288,test
P08289,train
P08290,train
P08291,train
P08292,train
P08293,train
P08294,train
P08295,train
P08296,test
P08297,test
P08298,train
P08299,train
P08300,train
P08301,validation
P08302,validation
P08303,validation
P08304,train
P08305,train
P08306,train
P08307,train
P08308,train
P08309,train
P08310,validation
P08311,test
P08312,train
P08313,train
P08314,train
P08315,train
P08316,train
P08317,train
P08318,test
P08319,test
P08320,train
P08321,test
P08322,test
P08323,train
P08324,train
P08325,train
P08326,train
P08327,train
P08328,train
P08329,train
P08330,validation
P08331,train
P08332,train
P08333,train
P08334,train
P08335,train
P08336,train
P08337,train
P08338,train
P08339,train
P08340,train
P08341,test
P08342,train
P08343,train
P08344,train
P08345,train
P08346,train
P08347,train
P08348,train
P08349,train
P08350,train
P08351,train
P08352,train
P08353,train
P08354,train
P08355,train
P08356,train
P08357,train
P08358,train
P08359,train
P08360,train
P08361,train
P08362,train
P08363,validation
P08364,train
P08365,train
P08366,train
P08367,train
P08368,train
P08369,test
P08370,train
P08371,train
P08372,train
P08373,train
P08374,test
P08375,train
P08376,train
P08377,train
P08378,train
P08379,train
P08380,train
P08381,train
P08382,test
P08383,test
P08384,train
P08385,test
P08386,train
P08387,test
P08388,train
P08389,train
P08390,train
P08391,train
P08392,test
P08393,validation
P08394,train
P08395,train
P08396,train
P08397,test
P08398,train
P08399,train
P08400,train
P08401,train
P08402,test
P08403,train
P08404,train
P08405,validation
P08406,train
P08407,train
P08408,train
P08409,validation
P08410,train
P08411,train
P08412,train
P08413,train
P08414,train
P08415,train
P08416,train
P08417,train
P08418,train
P08419,train
P08420,train
P08421,train
P08422,train
P08423,validation
P08424,train
P08425,test
P08426,train
P08427,validation
P08428,train
P08429,train
P08430,train
P08431,test
P08432,train
P08433,train
P08434,test
P08435,train
P08436,train
P08437,train
P08438,train
P08439,train
P08440,train
P08441,train
P08442,train
P08443,train
P08444,train
P08445,train
P08446,train
P08447,validation
P08448,train
P08449,validation
P08450,train
P08451,train
P08452,train
P08453,train
P08454,train
P08455,train
P08456,validation
P08457,train
P08458,validation
P08459,train
P08460,train
P08461,train
P08462,train
P08463,train
P08464,train
P08465,train
P08466,train
P08467,train
P08468,train
P08469,train
P08470,train
P08471,train
P08472,validation
P08473,train
P08474,train
P08475,train
P08476,train
P08477,train
P08478,train
P08479,train
P08480,validation
P08481,train
P08482,validation
P08483,train
P08484,train
P08485,train
P08486,train
P08487,train
P08488,train
P08489,train
P08490,train
P08491,train
P08492,test
P08493,train
P08494,train
P08495,test
P08496,train
P08497,train
P08498,train
P08499,test
P08500,train
P08501,train
P08502,train
P08503,train
P08504,test
P08505,test
P08506,test
P08507,train
P08508,test
P08509,train
P08510,train
P08511,train
P08512,train
P08513,train
P08514,train
P08515,validation
P08516,validation
P08517,train
P08518,train
P08519,test
P08520,train
P08521,train
P08522,train
P08523,train
P08524,train
P08525,train
P08526,train
P08527,train
P08528,test
P08529,train
P08530,test
P08531,test
P08532,train
P08533,train
P08534,train
P08535,train
P08536,train
P08537,train
P08538,train
P08539,train
P08540,train
P08541,train
P08542,train
P08543,train
P08544,test
P08545,train
P08546,validation
P08547,train
P08548,test
P08549,train
P08550,train
P08551,train
P08552,validation
P08553,test
P08554,train
P08555,validation
P08556,train
P08557,train
P08558,train
P08559,validation
P08560,train
P08561,train
P08562,train
P08563,train
P08564,train
P08565,train
P08566,train
P08567,train
P08568,train
P08569,train
P08570,train
P08571,validation
P08572,train
P08573,test
P08574,train
P08575,train
P08576,train
P08577,train
P08578,train
P08579,test
P08580,train
P08581,train
P08582,train
P08583,train
P08584,validation
P08585,train
P08586,test
P08587,train
P08588,test
P08589,train
P08590,train
P08591,test
P08592,train
P08593,train
P08594,train
P08595,train
P08596,train
P08597,train
P08598,train
P08599,train
P08600,train
P08601,validation
P08602,train
P08603,train
P08604,train
P08605,train
P08606,test
P08607,train
P08608,train
P08609,train
P08610,train
P08611,train
P08612,train
P08613,train
P08614,train
P08615,train
P08616,train
P08617,train
P08618,train
P08619,train
P08620,train
P08621,train
P08622,validation
P08623,train
P08624,train
P08625,train
P08626,train
P08627,train
P08628,train
P08629,test
P08630,train
P08631,train
P08632,train
P08633,train
P08634,train
P08635,train
P08636,test
P08637,train
P08638,train
P08639,validation
P08640,train
P08641,train
P08642,train
P08643,train
P08644,train
P08645,train
P08646,train
P08647,validation
P08648,train
P08649,train
P08650,train
P08651,train
P08652,train
P08653,train
P08654,train
P08655,train
P08656,train
P08657,train
P08658,train
P08659,train
P08660,train
P08661,validation
P08662,train
P08663,train
P08664,train
P08665,train
P08666,train
P08667,train
P08668,validation
P08669,train
P08670,train
P08671,train
P08672,train
P08673,validation
P08674,validation
P08675,train
P08676,train
P08677,train
P08678,train
P08679,train
P08680,train
P08681,train
P08682,train
P08683,train
P08684,train
P08685,test
P08686,train
P08687,train
P08688,train
P08689,train
P08690,test
P08691,train
P08692,train
P08693,test
P08694,train
P08695,train
P08696,train
P08697,test
P08698,validation
P08699,train
P08700,train
P08701,train
P08702,train
P08703,train
P08704,train
P08705,train
P08706,train
P08707,train
P08708,train
P08709,train
P08710,validation
P08711,train
P08712,test
P08713,train
P08714,train
P08715,train
P08716,train
P08717,train
P08718,train
P08719,train
P08720,train
P08721,train
P08722,train
P08723,train
P08724,train
P08725,train
P08726,train
P08727,train
P08728,train
P08729,train
P08730,validation
P08731,validation
P08732,train
P08733,train
P08734,train
P08735,train
P08736,train
P08737,train
P08738,train
P08739,train
P08740,train
P08741,train
P08742,train
P08743,train
P08744,train
P08745,test
P08746,train
P08747,test
P08748,train
P08749,train
P08750,train
P08751,train
P08752,train
P08753,train
P08754,train
P08755,validation
P08756,train
P08757,train
P08758,train
P08759,train
P08760,validation
P08761,train
P08762,train
P08763,train
P08764,train
P08765,train
P08766,train
P08767,train
P08768,train
P08769,train
P08770,train
P08771,validation
P08772,train
P08773,train
P08774,train
P08775,train
P08776,train
P08777,train
P08778,train
P08779,train
P08780,train
P08781,test
P08782,train
P08783,test
P08784,test
P08785,train
P08786,train
P08787,train
P08788,train
P08789,train
P08790,test
P08791,train
P08792,train
P08793,train
P08794,train
P08795,train
P08796,train
P08797,train
P08798,train
P08799,train
P08800,train
P08801,train
P08802,train
P08803,train
P08804,train
P08805,train
P08806,train
P08807,train
P08808,train
P08809,train
P08810,train
P08811,test
P08812,train
P08813,test
P08814,train
P08815,train
P08816,train
P08817,train
P08818,train
P08819,train
P08820,train
P08821,test
P08822,train
P08823,train
P08824,train
P08825,train
P08826,validation
P08827,train
P08828,train
P08829,validation
P08830,train
P08831,train
P08832,train
P08833,train
P08834,train
P08835,train
P08836,validation
P08837,train
P08838,train
P08839,validation
P08840,train
P08841,train
P08842,validation
P08843,train
P08844,train
P08845,train
P08846,train
P08847,train
P08848,train
P08849,train
P08850,train
P08851,train
P08852,train
P08853,train
P08854,train
P08855,train
P08856,train
P08857,train
P08858,test
P08859,test
P08860,train
P08861,train
P08862,train
P08863,train
P08864,train
P08865,train
P08866,train
P08867,test
P08868,train
P08869,validation
P08870,train
P08871,train
P08872,train
P08873,train
P08874,validation
P08875,train
P08876,train
P08877,train
P08878,test
P08879,train
P08880,train
P08881,train
P08882,train
P08883,train
P08884,train
P08885,train
P08886,validation
P08887,train
P08888,train
P08889,test
P08890,train
P08891,train
P08892,test
P08893,validation
P08894,train
P08895,train
P08896,train
P08897,train
P08898,train
P08899,train
P08900,train
P08901,train
P08902,train
P08903,test
P08904,validation
P08905,train
P08906,train
P08907,train
P08908,train
P08909,train
P08910,train
P08911,train
P08912,train
P08913,train
P08914,train
P08915,train
P08916,train
P08917,train
P08918,train
P08919,train
P08920,train
P08921,train
P08922,train
P08923,train
P08924,train
P08925,train
P08926,train
P08927,train
P08928,train
P08929,train
P08930,train
P08931,validation
P08932,validation
P08933,train
P08934,train
P08935,train
P08936,train
P08937,train
P08938,train
P08939,train
P08940,train
P08941,train
P08942,validation
P08943,test
P08944,train
P08945,train
P08946,train
P08947,validation
P08948,train
P08949,validation
P08950,train
P08951,train
P08952,train
P08953,test
P08954,train
P08955,train
P08956,train
P08957,train
P08958,train
P08959,train
P08960,train
P08961,train
P08962,train
P08963,train
P08964,train
P08965,test
P08966,train
P08967,test
P08968,train
P08969,train
P08970,train
P08971,train
P08972,train
P08973,train
P08974,train
P08975,train
P08976,train
P08977,train
P08978,train
P08979,train
P08980,train
P08981,validation
P08982,train
P08983,train
P08984,train
P08985,validation
P08986,validation
P08987,train
P08988,validation
P08989,validation
P08990,train
P08991,test
P08992,train
P08993,test
P08994,train
P08995,train
P08996,test
P08997,test
P08998,train
P08999,validation
P09000,test
P09001,validation
P09002,train
P09003,validation
P09004,test
P09005,train
P09006,validation
P09007,test
P09008,train
P09009,train
P09010,train
P09011,train
P09012,train
P09013,train
P09014,train
P09015,train
P09016,train
P09017,train
P09018,train
P09019,train
P09020,train
P09021,train
P09022,train
P09023,train
P09024,train
P09025,train
P09026,test
P09027,test
P09028,train
P09029,train
P09030,train
P09031,train
P09032,test
P09033,train
P09034,test
P09035,test
P09036,train
P09037,validation
P09038,train
P09039,train
P09040,train
P09041,train
P09042,train
P09043,train
P09044,validation
P09045,train
P09046,validation
P09047,train
P09048,train
P09049,train
P09050,train
P09051,train
P09052,train
P09053,train
P09054,train
P09055,test
P09056,train
P09057,train
P09058,validation
P09059,validation
P09060,train
P09061,train
P09062,train
P09063,train
P09064,train
P09065,test
P09066,train
P09067,validation
P09068,train
P09069,train
P09070,train
P09071,train
P09072,validation
P09073,train
P09074,train
P09075,validation
P09076,train
P09077,train
P09078,train
P09079,train
P09080,train
P09081,train
P09082,train
P09083,train
P09084,validation
P09085,validation
P09086,train
P09087,train
P09088,train
P09089,train
P09090,train
P09091,train
P09092,train
P09093,train
P09094,train
P09095,train
P09096,train
P09097,train
P09098,validation
P09099,train
P09100,train
P09101,train
P09102,train
P09103,train
P09104,train
P09105,train
P09106,train
P09107,train
P09108,train
P09109,train
P09110,train
P09111,train
P09112,train
P09113,test
P09114,train
P09115,train
P09116,train
P09117,train
P09118,train
P09119,train
P09120,train
P09121,train
P09122,train
P09123,train
P09124,train
P09125,train
P09126,train
P09127,validation
P09128,train
P09129,train
P09130,train
P09131,train
P09132,train
P09133,train
P09134,train
P09135,validation
P09136,train
P09137,test
P09138,train
P09139,train
P09140,train
P09141,validation
P09142,train
P09143,train
P09144,train
P09145,validation
P09146,train
P09147,train
P09148,train
P09149,train
P09150,train
P09151,train
P09152,train
P09153,test
P09154,train
P09155,train
P09156,train
P09157,train
P09158,test
P09159,train
P09160,train
P09161,train
P09162,train
P09163,train
P09164,train
P09165,train
P09166,test
P09167,train
P09168,test
P09169,train
P09170,train
P09171,train
P09172,train
P09173,train
P09174,train
P09175,train
P09176,train
P09177,train
P09178,train
P09179,validation
P09180,train
P09181,validation
P09182,validation
P09183,train
P09184,train
P09185,train
P09186,train
P09187,train
P09188,test
P09189,train
P09190,train
P09191,train
P09192,test
P09193,train
P09194,train
P09195,train
P09196,train
P09197,train
P09198,train
P09199,train
P09200,train
P09201,train
P09202,train
P09203,validation
P09204,train
P09205,train
P09206,train
P09207,train
P09208,train
P09209,validation
P09210,train
P09211,test
P09212,validation
P09213,train
P09214,train
P09215,train
P09216,train
P09217,train
P09218,train
P09219,train
P09220,train
P09221,train
P09222,validation
P09223,train
P09224,train
P09225,train
P09226,train
P09227,train
P09228,test
P09229,train
P09230,train
P09231,validation
P09232,train
P09233,train
P09234,train
P09235,test
P09236,train
P09237,train
P09238,train
P09239,train
P09240,train
P09241,train
P09242,train
P09243,train
P09244,test
P09245,train
P09246,train
P09247,validation
P09248,test
P09249,train
P09250,train
P09251,validation
P09252,train
P09253,train
P09254,train
P09255,train
P09256,validation
P09257,train
P09258,train
P09259,train
P09260,train
P09261,train
P09262,train
P09263,train
P09264,train
P09265,test
P09266,test
P09267,test
P09268,train
P09269,train
P09270,train
P09271,train
P09272,train
P09273,train
P09274,train
P09275,train
P09276,validation
P09277,test
P09278,train
P09279,train
P09280,validation
P09281,train
P09282,train
P09283,test
P09284,test
P09285,train
P09286,train
P09287,train
P09288,train
P09289,validation
P09290,validation
P09291,train
P09292,train
P09293,validation
P09294,train
P09295,test
P09296,train
P09297,train
P09298,train
P09299,validation
P09300,train
P09301,test
P09302,train
P09303,test
P09304,train
P09305,train
P09306,train
P09307,train
P09308,train
P09309,train
P09310,train
P09311,train
P09312,train
P09313,train
P09314,train
P09315,train
P09316,train
P09317,train
P09318,test
P09319,train
P09320,train
P09321,train
P09322,train
P09323,train
P09324,train
P09325,train
P09326,train
P09327,train
P09328,train
P09329,train
P09330,train
P09331,train
P09332,train
P09333,train
P09334,train
P09335,train
P09336,train
P09337,train
P09338,train
P09339,train
P09340,validation
P09341,train
P09342,test
P09343,train
P09344,validation
P09345,train
P09346,validation
P09347,validation
P09348,train
P09349,train
P09350,train
P09351,train
P09352,train
P09353,train
P09354,train
P09355,train
P09356,train
P09357,train
P09358,train
P09359,train
P09360,train
P09361,train
P09362,train
P09363,train
P09364,train
P09365,train
P09366,validation
P09367,train
P09368,train
P09369,train
P09370,train
P09371,train
P09372,train
P09373,test
P09374,train
P09375,validation
P09376,train
P09377,train
P09378,train
P09379,validation
P09380,train
P09381,train
P09382,train
P09383,validation
P09384,train
P09385,train
P09386,train
P09387,train
P09388,train
P09389,test
P09390,train
P09391,test
P09392,train
P09393,train
P09394,train
P09395,train
P09396,train
P09397,train
P09398,train
P09399,train
P09400,train
P09401,train
P09402,train
P09403,train
P09404,train
P09405,train
P09406,train
P09407,train
P09408,train
P09409,train
P09410,train
P09411,train
P09412,train
P09413,train
P09414,train
P09415,train
P09416,train
P09417,train
P09418,train
P09419,train
P09420,train
P09421,validation
P09422,train
P09423,test
P09424,train
P09425,train
P09426,train
P09427,train
P09428,train
P09429,train
P09430,train
P09431,train
P09432,validation
P09433,train
P09434,train
P09435,train
P09436,train
P09437,train
P09438,train
P09439,validation
P09440,train
P09441,train
P09442,train
P09443,train
P09444,train
P09445,train
P09446,train
P09447,test
P09448,train
P09449,train
P09450,train
P09451,train
P09452,test
P09453,train
P09454,train
P09455,train
P09456,test
P09457,train
P09458,validation
P09459,train
P09460,train
P09461,train
P09462,train
P09463,train
P09464,train
P09465,train
P09466,train
P09467,train
P09468,train
P09469,train
P09470,train
P09471,train
P09472,train
P09473,test
P09474,train
P09475,train
P09476,train
P09477,train
P09478,train
P09479,test
P09480,train
P09481,train
P09482,train
P09483,validation
P09484,train
P09485,train
P09486,train
P09487,train
P09488,train
P09489,train
P09490,train
P09491,train
P09492,validation
P09493,train
P09494,train
P09495,train
P09496,train
P09497,train
P09498,train
P09499,validation
P09500,train
P09501,train
P09502,train
P09503,train
P09504,train
P09505,train
P09506,train
P09507,train
P09508,train
P09509,train
P09510,train
P09511,train
P09512,train
P09513,train
P09514,test
P09515,train
P09516,train
P09517,train
P09518,validation
P09519,train
P09520,test
P09521,train
P09522,train
P09523,train
P09524,train
P09525,test
P09526,train
P09527,train
P09528,train
P09529,test
P09530,train
P09531,train
P09532,train
P09533,train
P09534,train
P09535,train
P09536,train
P09537,test
P09538,train
P09539,validation
P09540,train
P09541,train
P09542,train
P09543,train
P09544,train
P09545,validation
P09546,train
P09547,train
P09548,validation
P09549,train
P09550,test
P09551,train
P09552,train
P09553,train
P09554,train
P09555,train
P09556,train
P09557,train
P09558,train
P09559,train
P09560,test
P09561,train
P09562,train
P09563,train
P09564,train
P09565,test
P09566,train
P09567,train
P09568,train
P09569,validation
P09570,train
P09571,validation
P09572,train
P09573,train
P09574,validation
P09575,train
P09576,train
P09577,train
P09578,train
P09579,validation
P09580,train
P09581,train
P09582,train
P09583,test
P09584,train
P09585,test
P09586,train
P09587,train
P09588,validation
P09589,train
P09590,test
P09591,train
P09592,train
P09593,test
P09594,validation
P09595,test
P09596,train
P09597,train
P09598,train
P09599,train
P09600,train
P09601,test
P09602,train
P09603,train
P09604,train
P09605,train
P09606,train
P09607,train
P09608,train
P09609,train
P09610,test
P09611,train
P09612,train
P09613,train
P09614,train
P09615,train
P09616,train
P09617,train
P09618,train
P09619,train
P09620,train
P09621,train
P09622,train
P09623,train
P09624,train
P09625,train
P09626,train
P09627,train
P09628,train
P09629,train
P09630,train
P09631,validation
P09632,train
P09633,train
P09634,train
P09635,train
P09636,train
P09637,train
P09638,train
P09639,train
P09640,train
P09641,train
P09642,train
P09643,train
P09644,train
P09645,train
P09646,train
P09647,train
P09648,train
P09649,train
P09650,validation
P09651,test
P09652,test
P09653,train
P09654,train
P09655,train
P09656,train
P09657,train
P09658,train
P09659,train
P09660,train
P09661,train
P09662,train
P09663,validation
P09664,test
P09665,validation
P09666,train
P09667,train
P09668,validation
P09669,train
P09670,train
P09671,train
P09672,test
P09673,test
P09674,train
P09675,test
P09676,train
P09677,train
P09678,train
P09679,train
P09680,train
P09681,train
P09682,train
P09683,train
P09684,train
P09685,train
P09686,train
P09687,validation
P09688,test
P09689,train
P09690,train
P09691,train
P09692,train
P09693,train
P09694,train
P09695,train
P09696,train
P09697,train
P09698,train
P09699,test
P09700,train
P09701,train
P09702,train
P09703,train
P09704,validation
P09705,train
P09706,train
P09707,train
P09708,train
P09709,train
P09710,train
P09711,train
P09712,train
P09713,train
P09714,train
P09715,validation
P09716,train
P09717,train
P09718,train
P09719,test
P09720,test
P09721,train
P09722,validation
P09723,train
P09724,train
P09725,train
P09726,test
P09727,train
P09728,test
P09729,train
P09730,train
P09731,train
P09732,train
P09733,train
P09734,train
P09735,validation
P09736,train
P09737,train
P09738,train
P09739,train
P09740,train
P09741,train
P09742,test
P09743,train
P09744,test
P09745,train
P09746,train
P09747,train
P09748,train
P09749,train
P09750,train
P09751,train
P09752,train
P09753,validation
P09754,train
P09755,train
P09756,train
P09757,train
P09758,train
P09759,train
P09760,train
P09761,train
P09762,train
P09763,train
P09764,test
P09765,train
P09766,train
P09767,train
P09768,train
P09769,train
P09770,train
P09771,train
P09772,train
P09773,train
P09774,train
P09775,train
P09776,train
P09777,train
P09778,train
P09779,validation
P09780,validation
P09781,train
P09782,train
P09783,train
P09784,test
P09785,train
P09786,train
P09787,train
P09788,train
P09789,train
P09790,train
P09791,train
P09792,train
P09793,train
P09794,train
P09795,validation
P09796,train
P09797,train
P09798,train
P09799,train
P09800,train
P09801,train
P09802,train
P09803,train
P09804,train
P09805,train
P09806,train
P09807,train
P09808,train
P09809,train
P09810,validation
P09811,train
P09812,train
P09813,test
P09814,train
P09815,validation
P09816,train
P09817,train
P09818,train
P09819,test
P09820,train
P09821,train
P09822,train
P09823,train
P09824,train
P09825,train
P09826,train
P09827,test
P09828,train
P09829,train
P09830,train
P09831,validation
P09832,train
P09833,validation
P09834,test
P09835,train
P09836,train
P09837,train
P09838,train
P09839,train
P09840,train
P09841,train
P09842,train
P09843,train
P09844,validation
P09845,train
P09846,train
P09847,train
P09848,train
P09849,train
P09850,train
P09851,train
P09852,train
P09853,train
P09854,train
P09855,train
P09856,train
P09857,train
P09858,train
P09859,test
P09860,train
P09861,train
P09862,train
P09863,train
P09864,train
P09865,train
P09866,train
P09867,validation
P09868,train
P09869,train
P09870,train
P09871,validation
P09872,train
P09873,train
P09874,test
P09875,train
P09876,train
P09877,train
P09878,train
P09879,train
P09880,train
P09881,train
P09882,train
P09883,train
P09884,validation
P09885,test
P09886,train
P09887,train
P09888,validation
P09889,test
P09890,train
P09891,train
P09892,train
P09893,train
P09894,train
P09895,test
P09896,train
P09897,validation
P09898,train
P09899,train
P09900,train
P09901,train
P09902,train
P09903,test
P09904,train
P09905,train
P09906,train
P09907,train
P09908,train
P09909,validation
P09910,train
P09911,validation
P09912,train
P09913,train
P09914,train
P09915,train
P09916,train
P09917,validation
P09918,train
P09919,test
P09920,train
P09921,train
P09922,train
P09923,train
P09924,test
P09925,test
P09926,test
P09927,train
P09928,train
P09929,test
P09930,test
P09931,train
P09932,train
P09933,train
P09934,train
P09935,train
P09936,train
P09937,train
P09938,test
P09939,validation
P09940,train
P09941,train
P09942,train
P09943,validation
P09944,validation
P09945,train
P09946,train
P09947,train
P09948,train
P09949,train
P09950,test
P09951,train
P09952,train
P09953,train
P09954,train
P09955,train
P09956,test
P09957,train
P09958,train
P09959,train
P09960,train
P09961,train
P09962,train
P09963,train
P09964,test
P09965,train
P09966,train
P09967,train
P09968,train
P09969,train
P09970,train
P09971,train
P09972,test
P09973,test
P09974,validation
P09975,train
P09976,train
P09977,train
P09978,train
P09979,train
P09980,train
P09981,train
P09982,train
P09983,train
P09984,train
P09985,train
P09986,train
P09987,train
P09988,train
P09989,train
P09990,train
P09991,train
P09992,train
P09993,train
P09994,train
P09995,train
P09996,train
P09997,train
P09998,train
P09999,train
P10000,train
P10001,train
P10002,train
P10003,train
P10004,train
P10005,train
P10006,train
P10007,train
P10008,train
P10009,train
P10010,train
P10011,train
P10012,train
P10013,test
P10014,train
P10015,train
P10016,train
P10017,train
P10018,train
P10019,train
P10020,train
P10021,train
P10022,train
P10023,validation
P10024,train
P10025,train
P10026,train
P10027,train
P10028,train
P10029,train
P10030,validation
P10031,train
P10032,train
P10033,train
P10034,train
P10035,validation
P10036,validation
P10037,validation
P10038,validation
P10039,train
P10040,train
P10041,train
P10042,train
P10043,train
P10044,train
P10045,train
P10046,train
P10047,train
P10048,train
P10049,train
P10050,train
P10051,train
P10052,validation
P10053,train
P10054,test
P10055,train
P10056,test
P10057,train
P10058,train
P10059,train
P10060,train
P10061,train
P10062,train
P10063,train
P10064,train
P10065,train
P10066,train
P10067,train
P10068,test
P10069,validation
P10070,train
P10071,train
P10072,train
P10073,train
P10074,train
P10075,train
P10076,train
P10077,train
P10078,test
P10079,train
P10080,train
P10081,train
P10082,validation
P10083,train
P10084,validation
P10085,validation
P10086,train
P10087,train
P10088,train
P10089,train
P10090,train
P10091,train
P10092,train
P10093,train
P10094,train
P10095,train
P10096,train
P10097,train
P10098,test
P10099,validation
P10100,train
P10101,train
P10102,validation
P10103,train
P10104,train
P10105,validation
P10106,train
P10107,train
P10108,train
P10109,train
P10110,train
P10111,train
P10112,train
P10113,train
P10114,train
P10115,train
P10116,train
P10117,train
P10118,test
P10119,train
P10120,train
P10121,train
P10122,train
P10123,train
P10124,train
P10125,train
P10126,train
P10127,train
P10128,train
P10129,train
P10130,train
P10131,train
P10132,test
P10133,train
P10134,train
P10135,train
P10136,train
P10137,train
P10138,train
P10139,train
P10140,validation
P10141,train
P10142,validation
P10143,train
P10144,train
P10145,train
P10146,validation
P10147,train
P10148,train
P10149,train
P10150,train
P10151,train
P10152,train
P10153,train
P10154,train
P10155,train
P10156,train
P10157,train
P10158,train
P10159,train
P10160,validation
P10161,train
P10162,train
P10163,train
P10164,train
P10165,train
P10166,train
P10167,train
P10168,train
P10169,validation
P10170,train
P10171,train
P10172,train
P10173,train
P10174,train
P10175,train
P10176,train
P10177,train
P10178,train
P10179,train
P10180,train
P10181,train
P10182,train
P10183,train
P10184,train
P10185,train
P10186,validation
P10187,validation
P10188,validation
P10189,test
P10190,train
P10191,train
P10192,train
P10193,train
P10194,train
P10195,train
P10196,train
P10197,train
P10198,train
P10199,train
P10200,train
P10201,train
P10202,train
P10203,train
P10204,validation
P10205,train
P10206,train
P10207,train
P10208,train
P10209,train
P10210,train
P10211,validation
P10212,train
P10213,train
P10214,test
P10215,train
P10216,train
P10217,train
P10218,validation
P10219,train
P10220,train
P10221,train
P10222,test
P10223,train
P10224,train
P10225,test
P10226,train
P10227,train
P10228,train
P10229,train
P10230,train
P10231,train
P10232,train
P10233,train
P10234,test
P10235,train
P10236,validation
P10237,train
P10238,train
P10239,validation
P10240,train
P10241,train
P10242,train
P10243,train
P10244,validation
P10245,train
P10246,train
P10247,train
P10248,train
P10249,train
P10250,train
P10251,test
P10252,train
P10253,train
P10254,train
P10255,train
P10256,test
P10257,train
P10258,train
P10259,validation
P10260,train
P10261,train
P10262,validation
P10263,test
P10264,test
P10265,train
P10266,train
P10267,test
P10268,train
P10269,train
P10270,train
P10271,validation
P10272,test
P10273,validation
P10274,train
P10275,train
P10276,test
P10277,train
P10278,train
P10279,train
P10280,train
P10281,train
P10282,train
P10283,train
P10284,train
P10285,train
P10286,validation
P10287,train
P10288,train
P10289,validation
P10290,train
P10291,validation
P10292,train
P10293,validation
P10294,train
P10295,train
P10296,train
P10297,train
P10298,train
P10299,train
P10300,train
P10301,validation
P10302,train
P10303,train
P10304,train
P10305,train
P10306,validation
P10307,train
P10308,train
P10309,train
P10310,train
P10311,train
P10312,train
P10313,train
P10314,train
P10315,train
P10316,train
P10317,train
P10318,train
P10319,validation
P10320,train
P10321,train
P10322,train
P10323,train
P10324,train
P10325,train
P10326,train
P10327,train
P10328,train
P10329,train
P10330,validation
P10331,train
P10332,validation
P10333,train
P10334,train
P10335,train
P10336,train
P10337,validation
P10338,validation
P10339,test
P10340,train
P10341,train
P10342,train
P10343,train
P10344,train
P10345,train
P10346,test
P10347,test
P10348,train
P10349,train
P10350,train
P10351,train
P10352,train
P10353,train
P10354,train
P10355,train
P10356,train
P10357,train
P10358,train
P10359,test
P10360,train
P10361,train
P10362,train
P10363,train
P10364,train
P10365,train
P10366,train
P10367,train
P10368,validation
P10369,train
P10370,train
P10371,train
P10372,train
P10373,train
P10374,test
P10375,validation
P10376,train
P10377,train
P10378,train
P10379,train
P10380,train
P10381,train
P10382,train
P10383,test
P10384,train
P10385,test
P10386,train
P10387,test
P10388,validation
P10389,train
P10390,train
P10391,train
P10392,train
P10393,validation
P10394,validation
P10395,train
P10396,train
P10397,train
P10398,validation
P10399,train
P10400,validation
P10401,train
P10402,train
P10403,train
P10404,train
P10405,train
P10406,train
P10407,validation
P10408,train
P10409,test
P10410,train
P10411,train
P10412,train
P10413,test
P10414,test
P10415,train
P10416,validation
P10417,train
P10418,train
P10419,train
P10420,train
P10421,train
P10422,train
P10423,test
P10424,train
P10425,train
P10426,test
P10427,train
P10428,train
P10429,train
P10430,train
P10431,train
P10432,test
P10433,train
P10434,train
P10435,train
P10436,test
P10437,train
P10438,test
P10439,train
P10440,validation
P10441,train
P10442,train
P10443,train
P10444,train
P10445,train
P10446,train
P10447,train
P10448,train
P10449,train
P10450,validation
P10451,train
P10452,train
P10453,train
P10454,train
P10455,train
P10456,train
P10457,train
P10458,validation
P10459,train
P10460,validation
P10461,train
P10462,validation
P10463,train
P10464,train
P10465,train
P10466,train
P10467,validation
P10468,train
P10469,train
P10470,train
P10471,validation
P10472,train
P10473,train
P10474,train
P10475,test
P10476,train
P10477,train
P10478,train
P10479,train
P10480,validation
P10481,train
P10482,train
P10483,train
P10484,train
P10485,validation
P10486,train
P10487,train
P10488,train
P10489,train
P10490,train
P10491,train
P10492,train
P10493,train
P10494,train
P10495,train
P10496,train
P10497,train
P10498,test
P10499,train
P10500,train
P10501,train
P10502,train
P10503,train
P10504,train
P10505,validation
P10506,train
P10507,validation
P10508,train
P10509,train
P10510,train
P10511,test
P10512,train
P10513,train
P10514,train
P10515,validation
P10516,train
P10517,train
P10518,train
P10519,validation
P10520,train
P10521,train
P10522,train
P10523,train
P10524,train
P10525,test
P10526,train
P10527,train
P10528,train
P10529,test
P10530,train
P10531,train
P10532,train
P10533,train
P10534,train
P10535,train
P10536,validation
P10537,validation
P10538,train
P10539,train
P10540,train
P10541,train
P10542,validation
P10543,train
P10544,train
P10545,train
P10546,train
P10547,train
P10548,train
P10549,train
P10550,train
P10551,test
P10552,train
P10553,train
P10554,train
P10555,validation
P10556,test
P10557,train
P10558,validation
P10559,test
P10560,train
P10561,train
P10562,train
P10563,train
P10564,train
P10565,train
P10566,train
P10567,train
P10568,train
P10569,test
P10570,train
P10571,train
P10572,train
P10573,train
P10574,test
P10575,train
P10576,train
P10577,train
P10578,train
P10579,validation
P10580,validation
P10581,train
P10582,train
P10583,test
P10584,train
P10585,train
P10586,train
P10587,train
P10588,train
P10589,train
P10590,train
P10591,train
P10592,train
P10593,validation
P10594,train
P10595,test
P10596,test
P10597,train
P10598,train
P10599,test
P10600,train
P10601,train
P10602,train
P10603,validation
P10604,validation
P10605,validation
P10606,train
P10607,train
P10608,train
P10609,train
P10610,train
P10611,train
P10612,train
P10613,validation
P10614,validation
P10615,train
P10616,train
P10617,train
P10618,train
P10619,validation
P10620,train
P10621,train
P10622,train
P10623,train
P10624,train
P10625,train
P10626,train
P10627,train
P10628,train
P10629,validation
P10630,train
P10631,train
P10632,train
P10633,train
P10634,test
P10635,test
P10636,train
P10637,train
P10638,train
P10639,train
P10640,train
P10641,train
P10642,validation
P10643,test
P10644,train
P10645,train
P10646,train
P10647,train
P10648,train
P10649,validation
P10650,train
P10651,train
P10652,test
P10653,train
P10654,validation
P10655,train
P10656,train
P10657,train
P10658,train
P10659,validation
P10660,train
P10661,train
P10662,train
P10663,test
P10664,test
P10665,train
P10666,train
P10667,train
P10668,validation
P10669,train
P10670,train
P10671,train
P10672,train
P10673,validation
P10674,test
P10675,train
P10676,train
P10677,train
P10678,train
P10679,train
P10680,test
P10681,train
P10682,train
P10683,validation
P10684,test
P10685,train
P10686,train
P10687,train
P10688,train
P10689,train
P10690,train
P10691,train
P10692,train
P10693,test
P10694,test
P10695,train
P10696,train
P10697,train
P10698,train
P10699,train
P10700,train
P10701,train
P10702,train
P10703,train
P10704,train
P10705,train
P10706,test
P10707,test
P10708,train
P10709,validation
P10710,train
P10711,train
P10712,test
P10713,train
P10714,train
P10715,train
P10716,train
P10717,train
P10718,train
P10719,train
P10720,train
P10721,validation
P10722,test
P10723,train
P10724,train
P10725,train
P10726,train
P10727,train
P10728,train
P10729,train
P10730,train
P10731,train
P10732,train
P10733,train
P10734,train
P10735,validation
P10736,train
P10737,train
P10738,train
P10739,train
P10740,train
P10741,test
P10742,train
P10743,train
P10744,train
P10745,validation
P10746,train
P10747,train
P10748,test
P10749,train
P10750,test
P10751,train
P10752,train
P10753,train
P10754,train
P10755,train
P10756,test
P10757,train
P10758,validation
P10759,test
P10760,train
P10761,validation
P10762,train
P10763,train
P10764,train
P10765,train
P10766,validation
P10767,train
P10768,test
P10769,train
P10770,train
P10771,validation
P10772,train
P10773,train
P10774,train
P10775,train
P10776,train
P10777,train
P10778,train
P10779,test
P10780,train
P10781,train
P10782,validation
P10783,test
P10784,train
P10785,test
P10786,test
P10787,train
P10788,train
P10789,train
P10790,train
P10791,validation
P10792,train
P10793,train
P10794,train
P10795,train
P10796,train
P10797,train
P10798,train
P10799,train
P10800,train
P10801,validation
P10802,test
P10803,train
P10804,train
P10805,test
P10806,train
P10807,train
P10808,train
P10809,train
P10810,train
P10811,train
P10812,validation
P10813,test
P10814,train
P10815,train
P10816,train
P10817,train
P10818,train
P10819,train
P10820,test
P10821,train
P10822,train
P10823,train
P10824,train
P10825,validation
P10826,test
P10827,train
P10828,validation
P10829,train
P10830,train
P10831,validation
P10832,train
P10833,train
P10834,train
P10835,train
P10836,test
P10837,train
P10838,train
P10839,train
P10840,train
P10841,train
P10842,train
P10843,train
P10844,test
P10845,train
P10846,train
P10847,train
P10848,train
P10849,validation
P10850,validation
P10851,train
P10852,train
P10853,train
P10854,test
P10855,train
P10856,train
P10857,train
P10858,train
P10859,train
P10860,validation
P10861,test
P10862,validation
P10863,train
P10864,test
P10865,validation
P10866,validation
P10867,test
P10868,train
P10869,train
P10870,train
P10871,test
P10872,train
P10873,train
P10874,train
P10875,train
P10876,validation
P10877,train
P10878,train
P10879,train
P10880,train
P10881,validation
P10882,train
P10883,train
P10884,train
P10885,train
P10886,validation
P10887,train
P10888,train
P10889,train
P10890,validation
P10891,train
P10892,train
P10893,train
P10894,test
P10895,train
P10896,train
P10897,train
P10898,train
P10899,train
P10900,train
P10901,train
P10902,train
P10903,train
P10904,train
P10905,train
P10906,train
P10907,train
P10908,train
P10909,test
P10910,train
P10911,train
P10912,train
P10913,train
P10914,train
P10915,train
P10916,train
P10917,test
P10918,test
P10919,train
P10920,train
P10921,train
P10922,train
P10923,train
P10924,train
P10925,train
P10926,validation
P10927,train
P10928,train
P10929,validation
P10930,validation
P10931,train
P10932,train
P10933,test
P10934,train
P10935,train
P10936,train
P10937,train
P10938,train
P10939,train
P10940,test
P10941,validation
P10942,train
P10943,validation
P10944,test
P10945,train
P10946,train
P10947,train
P10948,train
P10949,train
P10950,train
P10951,train
P10952,train
P10953,train
P10954,train
P10955,train
P10956,train
P10957,train
P10958,train
P10959,train
P10960,train
P10961,train
P10962,validation
P10963,train
P10964,train
P10965,train
P10966,train
P10967,train
P10968,train
P10969,train
P10970,validation
P10971,validation
P10972,train
P10973,test
P10974,train
P10975,train
P10976,train
P10977,train
P10978,validation
P10979,train
P10980,test
P10981,train
P10982,train
P10983,train
P10984,train
P10985,train
P10986,train
P10987,train
P10988,train
P10989,train
P10990,train
P10991,validation
P10992,train
P10993,train
P10994,train
P10995,train
P10996,train
P10997,train
P10998,validation
P10999,train
P11000,train
P11001,train
P11002,train
P11003,train
P11004,train
P11005,train
P11006,train
P11007,train
P11008,test
P11009,train
P11010,train
P11011,train
P11012,train
P11013,train
P11014,train
P11015,train
P11016,train
P11017,test
P11018,train
P11019,train
P11020,train
P11021,train
P11022,train
P11023,train
P11024,train
P11025,train
P11026,train
P11027,train
P11028,validation
P11029,test
P11030,test
P11031,train
P11032,train
P11033,test
P11034,train
P11035,test
P11036,validation
P11037,validation
P11038,test
P11039,train
P11040,test
P11041,train
P11042,train
P11043,train
P11044,train
P11045,train
P11046,validation
P11047,test
P11048,train
P11049,validation
P11050,train
P11051,train
P11052,train
P11053,train
P11054,train
P11055,train
P11056,train
P11057,test
P11058,validation
P11059,train
P11060,train
P11061,test
P11062,train
P11063,train
P11064,train
P11065,validation
P11066,train
P11067,validation
P11068,train
P11069,train
P11070,test
P11071,train
P11072,train
P11073,train
P11074,train
P11075,train
P11076,train
P11077,validation
P11078,test
P11079,train
P11080,test
P11081,train
P11082,train
P11083,train
P11084,train
P11085,train
P11086,train
P11087,train
P11088,train
P11089,test
P11090,train
P11091,train
P11092,train
P11093,train
P11094,train
P11095,train
P11096,train
P11097,train
P11098,train
P11099,train
P11100,train
P11101,train
P11102,train
P11103,train
P11104,test
P11105,train
P11106,train
P11107,train
P11108,train
P11109,validation
P11110,train
P11111,train
P11112,train
P11113,train
P11114,train
P11115,train
P11116,train
P11117,train
P11118,train
P11119,validation
P11120,train
P11121,train
P11122,train
P11123,validation
P11124,train
P11125,train
P11126,train
P11127,train
P11128,train
P11129,train
P11130,train
P11131,train
P11132,train
P11133,train
P11134,train
P11135,train
P11136,train
P11137,train
P11138,train
P11139,train
P11140,train
P11141,train
P11142,train
P11143,train
P11144,test
P11145,train
P11146,train
P11147,test
P11148,train
P11149,train
P11150,train
P11151,train
P11152,train
P11153,train
P11154,train
P11155,train
P11156,train
P11157,test
P11158,validation
P11159,train
P11160,validation
P11161,train
P11162,train
P11163,test
P11164,train
P11165,train
P11166,test
P11167,train
P11168,train
P11169,validation
P11170,validation
P11171,validation
P11172,validation
P11173,train
P11174,train
P11175,train
P11176,train
P11177,train
P11178,validation
P11179,train
P11180,train
P11181,train
P11182,train
P11183,train
P11184,train
P11185,train
P11186,train
P11187,train
P11188,train
P11189,test
P11190,train
P11191,train
P11192,train
P11193,train
P11194,train
P11195,train
P11196,train
P11197,train
P11198,train
P11199,train
P11200,train
P11201,train
P11202,train
P11203,validation
P11204,train
P11205,train
P11206,train
P11207,train
P11208,train
P11209,train
P11210,train
P11211,train
P11212,train
P11213,train
P11214,train
P11215,train
P11216,train
P11217,train
P11218,train
P11219,train
P11220,train
P11221,train
P11222,train
P11223,validation
P11224,train
P11225,validation
P11226,train
P11227,train
P11228,train
P11229,train
P11230,test
P11231,train
P11232,train
P11233,train
P11234,train
P11235,train
P11236,train
P11237,train
P11238,train
P11239,test
P11240,train
P11241,train
P11242,train
P11243,train
P11244,train
P11245,train
P11246,train
P11247,train
P11248,train
P11249,train
P11250,validation
P11251,train
P11252,train
P11253,train
P11254,train
P11255,train
P11256,train
P11257,validation
P11258,train
P11259,test
P11260,train
P11261,train
P11262,train
P11263,train
P11264,train
P11265,train
P11266,train
P11267,validation
P11268,test
P11269,train
P11270,validation
P11271,test
P11272,train
P11273,train
P11274,train
P11275,train
P11276,train
P11277,train
P11278,train
P11279,train
P11280,train
P11281,train
P11282,train
P11283,train
P11284,train
P11285,train
P11286,train
P11287,train
P11288,train
P11289,train
P11290,train
P11291,test
P11292,train
P11293,train
P11294,train
P11295,validation
P11296,validation
P11297,train
P11298,train
P11299,validation
P11300,train
P11301,train
P11302,validation
P11303,train
P11304,validation
P11305,train
P11306,train
P11307,train
P11308,train
P11309,test
P11310,train
P11311,train
P11312,validation
P11313,train
P11314,train
P11315,train
P11316,train
P11317,train
P11318,train
P11319,train
P11320,train
P11321,validation
P11322,validation
P11323,train
P11324,train
P11325,test
P11326,train
P11327,train
P11328,train
P11329,train
P11330,test
P11331,train
P11332,train
P11333,validation
P11334,train
P11335,train
P11336,validation
P11337,train
P11338,train
P11339,train
P11340,train
P11341,train
P11342,test
P11343,train
P11344,train
P11345,train
P11346,train
P11347,train
P11348,train
P11349,train
P11350,test
P11351,train
P11352,train
P11353,train
P11354,validation
P11355,validation
P11356,train
P11357,train
P11358,validation
P11359,test
P11360,train
P11361,train
P11362,train
P11363,validation
P11364,train
P11365,train
P11366,train
P11367,test
P11368,train
P11369,train
P11370,test
P11371,validation
P11372,validation
P11373,train
P11374,train
P11375,test
P11376,train
P11377,train
P11378,train
P11379,test
P11380,train
P11381,train
P11382,train
P11383,train
P11384,train
P11385,train
P11386,validation
P11387,train
P11388,train
P11389,train
P11390,train
P11391,train
P11392,train
P11393,train
P11394,test
P11395,train
P11396,train
P11397,train
P11398,train
P11399,test
P11400,train
P11401,train
P11402,test
P11403,validation
P11404,train
P11405,validation
P11406,train
P11407,train
P11408,train
P11409,validation
P11410,train
P11411,train
P11412,train
P11413,train
P11414,train
P11415,test
P11416,train
P11417,train
P11418,train
P11419,train
P11420,train
P11421,validation
P11422,train
P11423,train
P11424,train
P11425,validation
P11426,train
P11427,train
P11428,train
P11429,train
P11430,train
P11431,train
P11432,train
P11433,train
P11434,train
P11435,train
P11436,train
P11437,train
P11438,train
P11439,train
P11440,train
P11441,train
P11442,train
P11443,validation
P11444,test
P11445,train
P11446,train
P11447,train
P11448,train
P11449,train
P11450,train
P11451,train
P11452,train
P11453,train
P11454,train
P11455,train
P11456,train
P11457,train
P11458,validation
P11459,train
P11460,validation
P11461,train
P11462,train
P11463,train
P11464,train
P11465,train
P11466,train
P11467,train
P11468,train
P11469,train
P11470,train
P11471,train
P11472,train
P11473,test
P11474,train
P11475,train
P11476,test
P11477,train
P11478,test
P11479,train
P11480,train
P11481,train
P11482,train
P11483,train
P11484,train
P11485,train
P11486,train
P11487,train
P11488,train
P11489,train
P11490,test
P11491,train
P11492,train
P11493,test
P11494,train
P11495,test
P11496,train
P11497,train
P11498,train
P11499,train
P11500,test
P11501,train
P11502,test
P11503,train
P11504,train
P11505,validation
P11506,train
P11507,train
P11508,validation
P11509,train
P11510,train
P11511,train
P11512,train
P11513,train
P11514,train
P11515,train
P11516,train
P11517,train
P11518,test
P11519,validation
P11520,train
P11521,train
P11522,train
P11523,train
P11524,train
P11525,train
P11526,validation
P11527,train
P11528,train
P11529,train
P11530,train
P11531,test
P11532,train
P11533,train
P11534,train
P11535,train
P11536,train
P11537,validation
P11538,train
P11539,train
P11540,train
P11541,train
P11542,train
P11543,train
P11544,validation
P11545,validation
P11546,train
P11547,train
P11548,train
P11549,train
P11550,validation
P11551,train
P11552,train
P11553,train
P11554,validation
P11555,train
P11556,train
P11557,test
P11558,train
P11559,train
P11560,train
P11561,train
P11562,train
P11563,train
P11564,train
P11565,train
P11566,train
P11567,train
P11568,train
P11569,train
P11570,train
P11571,train
P11572,train
P11573,train
P11574,test
P11575,train
P11576,train
P11577,validation
P11578,train
P11579,train
P11580,train
P11581,validation
P11582,test
P11583,train
P11584,train
P11585,train
P11586,train
P11587,train
P11588,train
P11589,train
P11590,test
P11591,train
P11592,test
P11593,train
P11594,train
P11595,test
P11596,validation
P11597,train
P11598,train
P11599,train
P11600,validation
P11601,train
P11602,train
P11603,validation
P11604,train
P11605,train
P11606,train
P11607,train
P11608,train
P11609,train
P11610,train
P11611,train
P11612,train
P11613,train
P11614,test
P11615,test
P11616,train
P11617,train
P11618,validation
P11619,train
P11620,validation
P11621,train
P11622,train
P11623,train
P11624,train
P11625,train
P11626,train
P11627,train
P11628,test
P11629,train
P11630,train
P11631,train
P11632,train
P11633,train
P11634,validation
P11635,train
P11636,train
P11637,train
P11638,train
P11639,train
P11640,train
P11641,train
P11642,train
P11643,train
P11644,train
P11645,train
P11646,train
P11647,train
P11648,train
P11649,train
P11650,test
P11651,train
P11652,train
P11653,train
P11654,train
P11655,train
P11656,validation
P11657,train
P11658,train
P11659,validation
P11660,train
P11661,test
P11662,train
P11663,train
P11664,train
P11665,train
P11666,train
P11667,validation
P11668,train
P11669,train
P11670,train
P11671,train
P11672,train
P11673,train
P11674,train
P11675,train
P11676,train
P11677,train
P11678,train
P11679,train
P11680,train
P11681,train
P11682,test
P11683,train
P11684,test
P11685,test
P11686,train
P11687,train
P11688,test
P11689,train
P11690,train
P11691,train
P11692,train
P11693,train
P11694,train
P11695,train
P11696,validation
P11697,train
P11698,train
P11699,train
P11700,train
P11701,train
P11702,test
P11703,train
P11704,train
P11705,train
P11706,test
P11707,test
P11708,test
P11709,train
P11710,train
P11711,train
P11712,train
P11713,train
P11714,train
P11715,train
P11716,train
P11717,train
P11718,train
P11719,train
P11720,train
P11721,train
P11722,train
P11723,test
P11724,train
P11725,train
P11726,train
P11727,validation
P11728,train
P11729,test
P11730,validation
P11731,train
P11732,validation
P11733,train
P11734,train
P11735,train
P11736,train
P11737,train
P11738,train
P11739,train
P11740,train
P11741,train
P11742,train
P11743,validation
P11744,train
P11745,train
P11746,train
P11747,train
P11748,train
P11749,train
P11750,train
P11751,train
P11752,train
P11753,train
P11754,train
P11755,train
P11756,train
P11757,test
P11758,train
P11759,train
P11760,train
P11761,train
P11762,test
P11763,test
P11764,train
P11765,train
P11766,validation
P11767,train
P11768,train
P11769,train
P11770,validation
P11771,test
P11772,train
P11773,validation
P11774,train
P11775,train
P11776,validation
P11777,validation
P11778,train
P11779,train
P11780,train
P11781,train
P11782,train
P11783,train
P11784,train
P11785,train
P11786,train
P11787,train
P11788,train
P11789,train
P11790,validation
P11791,test
P11792,train
P11793,validation
P11794,train
P11795,train
P11796,validation
P11797,train
P11798,train
P11799,train
P11800,train
P11801,test
P11802,test
P11803,test
P11804,train
P11805,train
P11806,train
P11807,train
P11808,train
P11809,validation
P11810,validation
P11811,train
P11812,test
P11813,train
P11814,train
P11815,train
P11816,train
P11817,train
P11818,train
P11819,train
P11820,train
P11821,test
P11822,train
P11823,train
P11824,train
P11825,train
P11826,train
P11827,train
P11828,train
P11829,train
P11830,train
P11831,train
P11832,train
P11833,train
P11834,train
P11835,validation
P11836,train
P11837,validation
P11838,train
P11839,test
P11840,train
P11841,train
P11842,train
P11843,test
P11844,validation
P11845,train
P11846,train
P11847,train
P11848,train
P11849,train
P11850,train
P11851,train
P11852,train
P11853,train
P11854,train
P11855,train
P11856,train
P11857,train
P11858,train
P11859,test
P11860,test
P11861,train
P11862,test
P11863,train
P11864,train
P11865,train
P11866,train
P11867,train
P11868,validation
P11869,validation
P11870,train
P11871,train
P11872,train
P11873,validation
P11874,train
P11875,train
P11876,train
P11877,test
P11878,train
P11879,train
P11880,train
P11881,train
P11882,train
P11883,train
P11884,train
P11885,train
P11886,train
P11887,train
P11888,train
P11889,validation
P11890,test
P11891,test
P11892,validation
P11893,train
P11894,train
P11895,train
P11896,validation
P11897,test
P11898,train
P11899,train
P11900,train
P11901,train
P11902,train
P11903,train
P11904,train
P11905,train
P11906,train
P11907,train
P11908,train
P11909,validation
P11910,train
P11911,train
P11912,test
P11913,train
P11914,train
P11915,train
P11916,train
P11917,validation
P11918,train
P11919,train
P11920,train
P11921,validation
P11922,train
P11923,train
P11924,train
P11925,train
P11926,test
P11927,test
P11928,train
P11929,test
P11930,test
P11931,train
P11932,train
P11933,train
P11934,train
P11935,train
P11936,train
P11937,train
P11938,train
P11939,train
P11940,train
P11941,train
P11942,train
P11943,train
P11944,train
P11945,train
P11946,validation
P11947,train
P11948,validation
P11949,train
P11950,train
P11951,train
P11952,train
P11953,train
P11954,validation
P11955,train
P11956,test
P11957,train
P11958,train
P11959,test
P11960,train
P11961,train
P11962,train
P11963,train
P11964,test
P11965,train
P11966,train
P11967,train
P11968,train
P11969,train
P11970,train
P11971,train
P11972,validation
P11973,train
P11974,train
P11975,train
P11976,test
P11977,train
P11978,train
P11979,train
P11980,train
P11981,validation
P11982,train
P11983,train
P11984,train
P11985,train
P11986,train
P11987,test
P11988,validation
P11989,train
P11990,test
P11991,train
P11992,train
P11993,train
P11994,train
P11995,train
P11996,validation
P11997,train
P11998,train
P11999,train
P12000,train
P12001,train
P12002,train
P12003,train
P12004,train
P12005,train
P12006,train
P12007,validation
P12008,validation
P12009,train
P12010,train
P12011,validation
P12012,train
P12013,train
P12014,train
P12015,train
P12016,train
P12017,train
P12018,train
P12019,train
P12020,validation
P12021,train
P12022,train
P12023,train
P12024,validation
P12025,train
P12026,validation
P12027,train
P12028,train
P12029,train
P12030,train
P12031,test
P12032,train
P12033,train
P12034,train
P12035,train
P12036,train
P12037,validation
P12038,train
P12039,train
P12040,train
P12041,train
P12042,train
P12043,validation
P12044,train
P12045,train
P12046,train
P12047,train
P12048,train
P12049,test
P12050,train
P12051,train
P12052,train
P12053,test
P12054,validation
P12055,train
P12056,train
P12057,test
P12058,validation
P12059,train
P12060,train
P12061,train
P12062,test
P12063,train
P12064,validation
P12065,train
P12066,train
P12067,validation
P12068,train
P12069,train
P12070,validation
P12071,train
P12072,train
P12073,train
P12074,test
P12075,train
P12076,train
P12077,test
P12078,validation
P12079,train
P12080,train
P12081,train
P12082,test
P12083,train
P12084,test
P12085,train
P12086,train
P12087,train
P12088,train
P12089,validation
P12090,train
P12091,train
P12092,test
P12093,test
P12094,validation
P12095,train
P12096,train
P12097,train
P12098,train
P12099,train
P12100,train
P12101,train
P12102,train
P12103,train
P12104,train
P12105,validation
P12106,train
P12107,train
P12108,train
P12109,train
P12110,train
P12111,train
P12112,train
P12113,train
P12114,train
P12115,test
P12116,train
P12117,test
P12118,train
P12119,train
P12120,train
P12121,train
P12122,train
P12123,train
P12124,train
P12125,train
P12126,train
P12127,test
P12128,train
P12129,train
P12130,validation
P12131,train
P12132,train
P12133,validation
P12134,train
P12135,validation
P12136,train
P12137,train
P12138,train
P12139,train
P12140,train
P12141,train
P12142,train
P12143,train
P12144,test
P12145,train
P12146,train
P12147,validation
P12148,train
P12149,train
P12150,train
P12151,train
P12152,test
P12153,train
P12154,train
P12155,train
P12156,train
P12157,train
P12158,train
P12159,train
P12160,train
P12161,train
P12162,validation
P12163,train
P12164,train
P12165,train
P12166,test
P12167,test
P12168,train
P12169,train
P12170,train
P12171,train
P12172,train
P12173,validation
P12174,train
P12175,train
P12176,train
P12177,test
P12178,train
P12179,validation
P12180,train
P12181,test
P12182,train
P12183,test
P12184,train
P12185,train
P12186,train
P12187,test
P12188,test
P12189,test
P12190,train
P12191,train
P12192,train
P12193,test
P12194,train
P12195,train
P12196,train
P12197,train
P12198,validation
P12199,train
P12200,train
P12201,validation
P12202,train
P12203,train
P12204,train
P12205,train
P12206,train
P12207,train
P12208,train
P12209,test
P12210,train
P12211,train
P12212,test
P12213,test
P12214,train
P12215,train
P12216,test
P12217,test
P12218,train
P12219,train
P12220,train
P12221,validation
P12222,train
P12223,test
P12224,train
P12225,validation
P12226,train
P12227,train
P12228,train
P12229,train
P12230,validation
P12231,train
P12232,train
P12233,train
P12234,train
P12235,train
P12236,train
P12237,validation
P12238,train
P12239,train
P12240,train
P12241,train
P12242,train
P12243,train
P12244,train
P12245,train
P12246,train
P12247,validation
P12248,train
P12249,validation
P12250,validation
P12251,train
P12252,train
P12253,train
P12254,train
P12255,train
P12256,train
P12257,train
P12258,train
P12259,train
P12260,validation
P12261,train
P12262,test
P12263,train
P12264,train
P12265,train
P12266,train
P12267,train
P12268,train
P12269,train
P12270,train
P12271,train
P12272,train
P12273,validation
P12274,train
P12275,train
P12276,train
P12277,train
P12278,train
P12279,train
P12280,train
P12281,train
P12282,train
P12283,train
P12284,train
P12285,test
P12286,test
P12287,test
P12288,test
P12289,train
P12290,train
P12291,train
P12292,train
P12293,train
P12294,train
P12295,train
P12296,train
P12297,train
P12298,validation
P12299,train
P12300,validation
P12301,train
P12302,train
P12303,train
P12304,train
P12305,validation
P12306,train
P12307,validation
P12308,validation
P12309,train
P12310,train
P12311,train
P12312,train
P12313,train
P12314,test
P12315,train
P12316,train
P12317,train
P12318,train
P12319,train
P12320,train
P12321,train
P12322,train
P12323,train
P12324,train
P12325,train
P12326,train
P12327,train
P12328,train
P12329,train
P12330,train
P12331,train
P12332,test
P12333,train
P12334,train
P12335,train
P12336,train
P12337,train
P12338,train
P12339,train
P12340,train
P12341,train
P12342,train
P12343,train
P12344,train
P12345,train
P12346,train
P12347,validation
P12348,train
P12349,validation
P12350,validation
P12351,validation
P12352,train
P12353,train
P12354,train
P12355,train
P12356,train
P12357,train
P12358,train
P12359,train
P12360,train
P12361,train
P12362,train
P12363,test
P12364,train
P12365,train
P12366,train
P12367,train
P12368,train
P12369,train
P12370,train
P12371,test
P12372,train
P12373,train
P12374,train
P12375,train
P12376,train
P12377,test
P12378,validation
P12379,validation
P12380,train
P12381,train
P12382,test
P12383,train
P12384,train
P12385,train
P12386,train
P12387,train
P12388,train
P12389,train
P12390,test
P12391,train
P12392,train
P12393,train
P12394,train
P12395,train
P12396,validation
P12397,train
P12398,train
P12399,train
P12400,train
P12401,train
P12402,train
P12403,test
P12404,train
P12405,train
P12406,train
P12407,train
P12408,test
P12409,train
P12410,test
P12411,train
P12412,validation
P12413,train
P12414,train
P12415,train
P12416,train
P12417,test
P12418,train
P12419,test
P12420,test
P12421,train
P12422,validation
P12423,train
P12424,train
P12425,train
P12426,train
P12427,train
P12428,test
P12429,test
P12430,train
P12431,train
P12432,train
P12433,train
P12434,train
P12435,test
P12436,train
P12437,train
P12438,test
P12439,train
P12440,train
P12441,train
P12442,train
P12443,train
P12444,train
P12445,train
P12446,train
P12447,train
P12448,train
P12449,train
P12450,validation
P12451,test
P12452,validation
P12453,train
P12454,train
P12455,train
P12456,train
P12457,train
P12458,train
P12459,train
P12460,train
P12461,train
P12462,train
P12463,train
P12464,train
P12465,train
P12466,test
P12467,train
P12468,test
P12469,train
P12470,train
P12471,validation
P12472,train
P12473,train
P12474,train
P12475,train
P12476,test
P12477,train
P12478,train
P12479,train
P12480,train
P12481,test
P12482,validation
P12483,train
P12484,train
P12485,train
P12486,train
P12487,train
P12488,train
P12489,train
P12490,train
P12491,train
P12492,test
P12493,train
P12494,train
P12495,train
P12496,train
P12497,train
P12498,train
P12499,train
P12500,train
P12501,train
P12502,train
P12503,train
P12504,test
P12505,train
P12506,train
P12507,train
P12508,train
P12509,train
P12510,test
P12511,train
P12512,train
P12513,train
P12514,train
P12515,train
P12516,train
P12517,train
P12518,train
P12519,train
P12520,train
P12521,train
P12522,train
P12523,train
P12524,train
P12525,train
P12526,train
P12527,train
P12528,train
P12529,test
P12530,train
P12531,train
P12532,train
P12533,train
P12534,train
P12535,train
P12536,test
P12537,train
P12538,train
P12539,train
P12540,validation
P12541,validation
P12542,train
P12543,train
P12544,test
P12545,validation
P12546,train
P12547,test
P12548,test
P12549,train
P12550,train
P12551,train
P12552,train
P12553,train
P12554,test
P12555,train
P12556,train
P12557,validation
P12558,train
P12559,train
P12560,train
P12561,train
P12562,train
P12563,train
P12564,train
P12565,train
P12566,train
P12567,train
P12568,train
P12569,test
P12570,train
P12571,train
P12572,train
P12573,train
P12574,train
P12575,train
P12576,train
P12577,train
P12578,train
P12579,train
P12580,test
P12581,train
P12582,train
P12583,train
P12584,test
P12585,train
P12586,train
P12587,train
P12588,train
P12589,train
P12590,train
P12591,test
P12592,train
P12593,train
P12594,train
P12595,train
P12596,train
P12597,test
P12598,validation
P12599,train
P12600,train
P12601,train
P12602,train
P12603,train
P12604,train
P12605,train
P12606,train
P12607,train
P12608,train
P12609,train
P12610,train
P12611,train
P12612,train
P12613,train
P12614,train
P12615,train
P12616,train
P12617,train
P12618,train
P12619,train
P12620,train
P12621,train
P12622,validation
P12623,train
P12624,train
P12625,train
P12626,validation
P12627,train
P12628,train
P12629,train
P12630,train
P12631,train
P12632,train
P12633,train
P12634,validation
P12635,test
P12636,test
P12637,train
P12638,train
P12639,validation
P12640,validation
P12641,train
P12642,train
P12643,train
P12644,train
P12645,train
P12646,train
P12647,train
P12648,test
P12649,train
P12650,train
P12651,train
P12652,train
P12653,train
P12654,train
P12655,train
P12656,train
P12657,train
P12658,train
P12659,train
P12660,train
P12661,train
P12662,validation
P12663,train
P12664,train
P12665,test
P12666,train
P12667,train
P12668,train
P12669,train
P12670,train
P12671,train
P12672,train
P12673,train
P12674,train
P12675,train
P12676,test
P12677,train
P12678,train
P12679,train
P12680,train
P12681,train
P12682,train
P12683,train
P12684,train
P12685,validation
P12686,train
P12687,train
P12688,train
P12689,test
P12690,train
P12691,train
P12692,train
P12693,train
P12694,train
P12695,train
P12696,train
P12697,test
P12698,validation
P12699,validation
P12700,validation
P12701,train
P12702,train
P12703,train
P12704,train
P12705,validation
P12706,train
P12707,train
P12708,train
P12709,train
P12710,test
P12711,train
P12712,train
P12713,train
P12714,train
P12715,train
P12716,test
P12717,validation
P12718,train
P12719,validation
P12720,train
P12721,train
P12722,train
P12723,train
P12724,validation
P12725,train
P12726,train
P12727,train
P12728,train
P12729,train
P12730,train
P12731,train
P12732,test
P12733,test
P12734,test
P12735,train
P12736,train
P12737,train
P12738,train
P12739,train
P12740,test
P12741,validation
P12742,train
P12743,train
P12744,train
P12745,train
P12746,train
P12747,train
P12748,train
P12749,train
P12750,train
P12751,train
P12752,train
P12753,train
P12754,train
P12755,train
P12756,train
P12757,train
P12758,train
P12759,train
P12760,train
P12761,test
P12762,train
P12763,train
P12764,test
P12765,train
P12766,train
P12767,train
P12768,train
P12769,train
P12770,validation
P12771,train
P12772,train
P12773,test
P12774,validation
P12775,train
P12776,train
P12777,train
P12778,validation
P12779,train
P12780,train
P12781,train
P12782,train
P12783,train
P12784,validation
P12785,train
P12786,train
P12787,validation
P12788,train
P12789,train
P12790,train
P12791,train
P12792,train
P12793,train
P12794,train
P12795,train
P12796,train
P12797,train
P12798,test
P12799,train
P12800,train
P12801,train
P12802,train
P12803,validation
P12804,validation
P12805,test
P12806,train
P12807,train
P12808,validation
P12809,train
P12810,test
P12811,validation
P12812,train
P12813,train
P12814,train
P12815,validation
P12816,train
P12817,train
P12818,train
P12819,test
P12820,train
P12821,test
P12822,test
P12823,train
P12824,train
P12825,train
P12826,train
P12827,train
P12828,train
P12829,train
P12830,train
P12831,test
P12832,train
P12833,train
P12834,train
P12835,train
P12836,validation
P12837,train
P12838,train
P12839,train
P12840,train
P12841,train
P12842,train
P12843,train
P12844,train
P12845,train
P12846,train
P12847,train
P12848,train
P12849,train
P12850,train
P12851,train
P12852,train
P12853,validation
P12854,train
P12855,train
P12856,train
P12857,train
P12858,train
P12859,train
P12860,train
P12861,test
P12862,train
P12863,train
P12864,train
P12865,train
P12866,test
P12867,train
P12868,train
P12869,validation
P12870,train
P12871,test
P12872,train
P12873,train
P12874,train
P12875,test
P12876,train
P12877,train
P12878,train
P12879,train
P12880,train
P12881,train
P12882,train
P12883,test
P12884,train
P12885,train
P12886,train
P12887,train
P12888,train
P12889,train
P12890,train
P12891,train
P12892,test
P12893,train
P12894,test
P12895,test
P12896,train
P12897,train
P12898,test
P12899,train
P12900,train
P12901,train
P12902,test
P12903,train
P12904,train
P12905,train
P12906,train
P12907,train
P12908,train
P12909,train
P12910,train
P12911,train
P12912,train
P12913,train
P12914,validation
P12915,train
P12916,train
P12917,train
P12918,train
P12919,train
P12920,validation
P12921,train
P12922,train
P12923,train
P12924,train
P12925,train
P12926,validation
P12927,train
P12928,train
P12929,train
P12930,train
P12931,train
P12932,train
P12933,train
P12934,train
P12935,test
P12936,test
P12937,train
P12938,train
P12939,train
P12940,train
P12941,train
P12942,train
P12943,train
P12944,train
P12945,train
P12946,test
P12947,test
P12948,train
P12949,train
P12950,train
P12951,train
P12952,train
P12953,train
P12954,train
P12955,train
P12956,train
P12957,test
P12958,train
P12959,train
P12960,train
P12961,train
P12962,train
P12963,train
P12964,train
P12965,train
P12966,validation
P12967,test
P12968,train
P12969,train
P12970,test
P12971,train
P12972,train
P12973,test
P12974,train
P12975,train
P12976,train
P12977,train
P12978,train
P12979,train
P12980,train
P12981,validation
P12982,train
P12983,train
P12984,validation
P12985,train
P12986,train
P12987,test
P12988,validation
P12989,train
P12990,train
P12991,train
P12992,train
P12993,train
P12994,train
P12995,train
P12996,train
P12997,train
P12998,train
P12999,train
P13000,train
P13001,train
P13002,train
P13003,test
P13004,test
P13005,train
P13006,train
P13007,train
P13008,train
P13009,train
P13010,train
P13011,train
P13012,test
P13013,train
P13014,train
P13015,train
P13016,train
P13017,train
P13018,train
P13019,train
P13020,train
P13021,train
P13022,train
P13023,train
P13024,train
P13025,train
P13026,train
P13027,train
P13028,train
P13029,train
P13030,validation
P13031,train
P13032,train
P13033,train
P13034,test
P13035,validation
P13036,train
P13037,train
P13038,validation
P13039,train
P13040,train
P13041,train
P13042,validation
P13043,train
P13044,train
P13045,train
P13046,test
P13047,train
P13048,train
P13049,train
P13050,train
P13051,train
P13052,train
P13053,train
P13054,test
P13055,validation
P13056,train
P13057,train
P13058,train
P13059,train
P13060,train
P13061,train
P13062,train
P13063,train
P13064,train
P13065,train
P13066,test
P13067,train
P13068,train
P13069,train
P13070,test
P13071,validation
P13072,train
P13073,train
P13074,validation
P13075,train
P13076,train
P13077,train
P13078,train
P13079,train
P13080,train
P13081,train
P13082,train
P13083,train
P13084,train
P13085,train
P13086,train
P13087,train
P13088,validation
P13089,train
P13090,test
P13091,train
P13092,train
P13093,train
P13094,test
P13095,train
P13096,train
P13097,train
P13098,train
P13099,train
P13100,train
P13101,train
P13102,train
P13103,train
P13104,train
P13105,train
P13106,train
P13107,train
P13108,train
P13109,train
P13110,train
P13111,train
P13112,train
P13113,train
P13114,train
P13115,train
P13116,train
P13117,test
P13118,train
P13119,train
P13120,train
P13121,train
P13122,test
P13123,train
P13124,train
P13125,train
P13126,train
P13127,train
P13128,train
P13129,train
P13130,train
P13131,test
P13132,test
P13133,train
P13134,validation
P13135,train
P13136,train
P13137,validation
P13138,train
P13139,test
P13140,test
P13141,train
P13142,train
P13143,train
P13144,train
P13145,test
P13146,train
P13147,test
P13148,train
P13149,validation
P13150,train
P13151,validation
P13152,train
P13153,train
P13154,train
P13155,train
P13156,train
P13157,train
P13158,train
P13159,train
P13160,train
P13161,train
P13162,train
P13163,train
P13164,train
P13165,train
P13166,train
P13167,train
P13168,train
P13169,train
P13170,train
P13171,train
P13172,validation
P13173,train
P13174,train
P13175,train
P13176,train
P13177,train
P13178,train
P13179,train
P13180,validation
P13181,test
P13182,train
P13183,test
P13184,train
P13185,train
P13186,train
P13187,train
P13188,validation
P13189,train
P13190,train
P13191,train
P13192,test
P13193,train
P13194,train
P13195,validation
P13196,train
P13197,train
P13198,train
P13199,train
P13200,train
P13201,train
P13202,test
P13203,train
P13204,train
P13205,train
P13206,validation
P13207,train
P13208,train
P13209,train
P13210,train
P13211,train
P13212,train
P13213,train
P13214,train
P13215,train
P13216,train
P13217,train
P13218,validation
P13219,train
P13220,train
P13221,train
P13222,test
P13223,train
P13224,test
P13225,train
P13226,validation
P13227,train
P13228,train
P13229,train
P13230,train
P13231,train
P13232,train
P13233,train
P13234,train
P13235,train
P13236,train
P13237,train
P13238,test
P13239,train
P13240,train
P13241,train
P13242,train
P13243,train
P13244,train
P13245,train
P13246,train
P13247,test
P13248,train
P13249,train
P13250,train
P13251,train
P13252,train
P13253,test
P13254,train
P13255,train
P13256,train
P13257,train
P13258,validation
P13259,train
P13260,validation
P13261,train
P13262,train
P13263,train
P13264,train
P13265,train
P13266,train
P13267,train
P13268,train
P13269,validation
P13270,test
P13271,test
P13272,train
P13273,train
P13274,validation
P13275,train
P13276,validation
P13277,train
P13278,train
P13279,train
P13280,train
P13281,test
P13282,test
P13283,train
P13284,train
P13285,train
P13286,validation
P13287,train
P13288,test
P13289,test
P13290,train
P13291,train
P13292,train
P13293,train
P13294,train
P13295,train
P13296,train
P13297,train
P13298,train
P13299,train
P13300,train
P13301,train
P13302,test
P13303,test
P13304,train
P13305,train
P13306,train
P13307,train
P13308,validation
P13309,train
P13310,test
P13311,train
P13312,train
P13313,train
P13314,test
P13315,train
P13316,train
P13317,train
P13318,train
P13319,train
P13320,train
P13321,train
P13322,train
P13323,train
P13324,train
P13325,validation
P13326,train
P13327,train
P13328,train
P13329,train
P13330,train
P13331,train
P13332,train
P13333,train
P13334,train
P13335,train
P13336,train
P13337,train
P13338,train
P13339,train
P13340,train
P13341,train
P13342,train
P13343,test
P13344,train
P13345,validation
P13346,train
P13347,train
P13348,train
P13349,train
P13350,train
P13351,train
P13352,train
P13353,train
P13354,train
P13355,test
P13356,train
P13357,train
P13358,train
P13359,train
P13360,train
P13361,validation
P13362,train
P13363,train
P13364,test
P13365,test
P13366,test
P13367,train
P13368,train
P13369,train
P13370,train
P13371,train
P13372,train
P13373,train
P13374,train
P13375,train
P13376,train
P13377,train
P13378,validation
P13379,train
P13380,train
P13381,train
P13382,train
P13383,train
P13384,train
P13385,test
P13386,train
P13387,train
P13388,train
P13389,train
P13390,train
P13391,test
P13392,train
P13393,train
P13394,train
P13395,validation
P13396,train
P13397,train
P13398,train
P13399,train
P13400,train
P13401,train
P13402,train
P13403,test
P13404,train
P13405,train
P13406,validation
P13407,validation
P13408,train
P13409,train
P13410,train
P13411,train
P13412,train
P13413,train
P13414,train
P13415,train
P13416,train
P13417,train
P13418,validation
P13419,train
P13420,train
P13421,test
P13422,validation
P13423,train
P13424,validation
P13425,train
P13426,train
P13427,test
P13428,train
P13429,train
P13430,train
P13431,test
P13432,train
P13433,train
P13434,train
P13435,train
P13436,train
P13437,validation
P13438,train
P13439,train
P13440,test
P13441,validation
P13442,train
P13443,train
P13444,test
P13445,train
P13446,train
P13447,validation
P13448,train
P13449,train
P13450,train
P13451,test
P13452,train
P13453,train
P13454,train
P13455,train
P13456,train
P13457,train
P13458,validation
P13459,train
P13460,validation
P13461,train
P13462,validation
P13463,train
P13464,train
P13465,train
P13466,train
P13467,train
P13468,train
P13469,test
P13470,train
P13471,train
P13472,train
P13473,train
P13474,train
P13475,train
P13476,train
P13477,train
P13478,train
P13479,train
P13480,validation
P13481,train
P13482,train
P13483,test
P13484,train
P13485,train
P13486,train
P13487,test
P13488,train
P13489,train
P13490,train
P13491,train
P13492,train
P13493,validation
P13494,train
P13495,train
P13496,test
P13497,train
P13498,train
P13499,validation
P13500,validation
P13501,train
P13502,train
P13503,train
P13504,train
P13505,test
P13506,train
P13507,train
P13508,train
P13509,train
P13510,train
P13511,train
P13512,train
P13513,validation
P13514,train
P13515,train
P13516,train
P13517,train
P13518,train
P13519,test
P13520,train
P13521,train
P13522,validation
P13523,train
P13524,train
P13525,train
P13526,train
P13527,train
P13528,train
P13529,train
P13530,validation
P13531,train
P13532,train
P13533,train
P13534,train
P13535,train
P13536,train
P13537,train
P13538,train
P13539,train
P13540,train
P13541,train
P13542,train
P13543,train
P13544,test
P13545,validation
P13546,train
P13547,train
P13548,train
P13549,train
P13550,train
P13551,train
P13552,test
P13553,train
P13554,train
P13555,train
P13556,train
P13557,train
P13558,train
P13559,train
P13560,train
P13561,train
P13562,validation
P13563,train
P13564,train
P13565,validation
P13566,train
P13567,validation
P13568,train
P13569,train
P13570,train
P13571,train
P13572,train
P13573,train
P13574,validation
P13575,train
P13576,train
P13577,train
P13578,train
P13579,train
P13580,train
P13581,train
P13582,train
P13583,train
P13584,train
P13585,train
P13586,train
P13587,test
P13588,train
P13589,validation
P13590,train
P13591,train
P13592,train
P13593,train
P13594,train
P13595,train
P13596,train
P13597,train
P13598,train
P13599,train
P13600,train
P13601,test
P13602,train
P13603,train
P13604,train
P13605,test
P13606,train
P13607,train
P13608,train
P13609,train
P13610,train
P13611,test
P13612,train
P13613,train
P13614,train
P13615,test
P13616,test
P13617,train
P13618,train
P13619,validation
P13620,train
P13621,test
P13622,train
P13623,train
P13624,train
P13625,train
P13626,train
P13627,test
P13628,train
P13629,train
P13630,train
P13631,train
P13632,train
P13633,train
P13634,train
P13635,train
P13636,train
P13637,train
P13638,train
P13639,validation
P13640,test
P13641,train
P13642,train
P13643,train
P13644,validation
P13645,train
P13646,train
P13647,train
P13648,train
P13649,train
P13650,train
P13651,train
P13652,train
P13653,train
P13654,train
P13655,test
P13656,train
P13657,train
P13658,validation
P13659,train
P13660,train
P13661,train
P13662,train
P13663,train
P13664,test
P13665,train
P13666,train
P13667,validation
P13668,train
P13669,train
P13670,train
P13671,train
P13672,validation
P13673,train
P13674,train
P13675,train
P13676,train
P13677,test
P13678,train
P13679,validation
P13680,train
P13681,train
P13682,train
P13683,train
P13684,train
P13685,train
P13686,train
P13687,validation
P13688,train
P13689,train
P13690,test
P13691,train
P13692,train
P13693,train
P13694,validation
P13695,train
P13696,validation
P13697,train
P13698,validation
P13699,train
P13700,train
P13701,validation
P13702,train
P13703,train
P13704,train
P13705,train
P13706,train
P13707,train
P13708,train
P13709,train
P13710,train
P13711,train
P13712,train
P13713,train
P13714,train
P13715,train
P13716,train
P13717,test
P13718,train
P13719,train
P13720,train
P13721,train
P13722,train
P13723,train
P13724,train
P13725,train
P13726,train
P13727,train
P13728,train
P13729,train
P13730,train
P13731,train
P13732,train
P13733,train
P13734,test
P13735,train
P13736,train
P13737,train
P13738,test
P13739,train
P13740,train
P13741,train
P13742,validation
P13743,train
P13744,validation
P13745,train
P13746,train
P13747,train
P13748,test
P13749,validation
P13750,train
P13751,validation
P13752,test
P13753,train
P13754,train
P13755,train
P13756,validation
P13757,train
P13758,train
P13759,train
P13760,train
P13761,test
P13762,train
P13763,train
P13764,train
P13765,test
P13766,test
P13767,validation
P13768,train
P13769,train
P13770,test
P13771,train
P13772,train
P13773,train
P13774,train
P13775,test
P13776,train
P13777,train
P13778,train
P13779,train
P13780,train
P13781,train
P13782,validation
P13783,validation
P13784,train
P13785,train
P13786,test
P13787,train
P13788,train
P13789,train
P13790,train
P13791,validation
P13792,train
P13793,train
P13794,train
P13795,test
P13796,validation
P13797,train
P13798,train
P13799,validation
P13800,validation
P13801,train
P13802,train
P13803,train
P13804,train
P13805,test
P13806,train
P13807,train
P13808,validation
P13809,train
P13810,train
P13811,train
P13812,test
P13813,validation
P13814,train
P13815,train
P13816,train
P13817,train
P13818,train
P13819,train
P13820,train
P13821,test
P13822,train
P13823,train
P13824,validation
P13825,train
P13826,train
P13827,train
P13828,train
P13829,train
P13830,validation
P13831,validation
P13832,train
P13833,validation
P13834,test
P13835,train
P13836,train
P13837,train
P13838,train
P13839,validation
P13840,validation
P13841,validation
P13842,test
P13843,train
P13844,test
P13845,train
P13846,train
P13847,test
P13848,train
P13849,train
P13850,train
P13851,test
P13852,validation
P13853,train
P13854,train
P13855,train
P13856,train
P13857,train
P13858,train
P13859,train
P13860,train
P13861,train
P13862,validation
P13863,train
P13864,train
P13865,train
P13866,train
P13867,train
P13868,train
P13869,train
P13870,train
P13871,train
P13872,train
P13873,test
P13874,train
P13875,train
P13876,train
P13877,train
P13878,train
P13879,train
P13880,train
P13881,train
P13882,train
P13883,train
P13884,train
P13885,train
P13886,train
P13887,train
P13888,train
P13889,train
P13890,train
P13891,train
P13892,train
P13893,train
P13894,train
P13895,train
P13896,train
P13897,train
P13898,train
P13899,validation
P13900,train
P13901,train
P13902,train
P13903,train
P13904,train
P13905,train
P13906,test
P13907,train
P13908,train
P13909,train
P13910,train
P13911,validation
P13912,train
P13913,train
P13914,validation
P13915,validation
P13916,train
P13917,train
P13918,train
P13919,train
P13920,train
P13921,train
P13922,train
P13923,train
P13924,train
P13925,train
P13926,train
P13927,test
P13928,train
P13929,test
P13930,train
P13931,train
P13932,train
P13933,train
P13934,train
P13935,train
P13936,train
P13937,test
P13938,train
P13939,train
P13940,train
P13941,train
P13942,test
P13943,train
P13944,train
P13945,train
P13946,test
P13947,train
P13948,test
P13949,validation
P13950,train
P13951,validation
P13952,train
P13953,train
P13954,train
P13955,train
P13956,train
P13957,train
P13958,train
P13959,train
P13960,train
P13961,train
P13962,train
P13963,train
P13964,train
P13965,train
P13966,train
P13967,train
P13968,validation
P13969,train
P13970,train
P13971,train
P13972,train
P13973,train
P13974,train
P13975,train
P13976,train
P13977,train
P13978,train
P13979,test
P13980,train
P13981,train
P13982,train
P13983,validation
P13984,train
P13985,train
P13986,train
P13987,train
P13988,train
P13989,train
P13990,train
P13991,train
P13992,train
P13993,train
P13994,validation
P13995,train
P13996,train
P13997,train
P13998,train
P13999,validation
P14000,test
P14001,train
P14002,train
P14003,test
P14004,train
P14005,test
P14006,test
P14007,train
P14008,train
P14009,train
P14010,train
P14011,train
P14012,train
P14013,train
P14014,train
P14015,train
P14016,train
P14017,train
P14018,train
P14019,train
P14020,train
P14021,train
P14022,train
P14023,train
P14024,train
P14025,test
P14026,train
P14027,train
P14028,train
P14029,train
P14030,test
P14031,train
P14032,train
P14033,train
P14034,train
P14035,train
P14036,train
P14037,train
P14038,train
P14039,train
P14040,train
P14041,train
P14042,train
P14043,train
P14044,train
P14045,train
P14046,validation
P14047,train
P14048,train
P14049,test
P14050,test
P14051,train
P14052,test
P14053,train
P14054,test
P14055,train
P14056,train
P14057,train
P14058,train
P14059,test
P14060,test
P14061,validation
P14062,train
P14063,train
P14064,validation
P14065,test
P14066,train
P14067,train
P14068,train
P14069,train
P14070,train
P14071,train
P14072,test
P14073,train
P14074,train
P14075,test
P14076,train
P14077,test
P14078,train
P14079,train
P14080,validation
P14081,train
P14082,train
P14083,train
P14084,train
P14085,train
P14086,train
P14087,train
P14088,test
P14089,train
P14090,test
P14091,train
P14092,train
P14093,validation
P14094,train
P14095,train
P14096,train
P14097,train
P14098,train
P14099,train
P14100,validation
P14101,train
P14102,test
P14103,train
P14104,train
P14105,test
P14106,train
P14107,train
P14108,train
P14109,train
P14110,test
P14111,train
P14112,test
P14113,train
P14114,train
P14115,train
P14116,train
P14117,train
P14118,train
P14119,train
P14120,train
P14121,train
P14122,train
P14123,test
P14124,train
P14125,train
P14126,train
P14127,train
P14128,train
P14129,train
P14130,train
P14131,train
P14132,test
P14133,train
P14134,train
P14135,train
P14136,validation
P14137,train
P14138,test
P14139,train
P14140,train
P14141,train
P14142,train
P14143,train
P14144,train
P14145,validation
P14146,train
P14147,test
P14148,validation
P14149,train
P14150,train
P14151,train
P14152,train
P14153,train
P14154,train
P14155,train
P14156,train
P14157,test
P14158,train
P14159,train
P14160,train
P14161,train
P14162,train
P14163,train
P14164,train
P14165,train
P14166,train
P14167,train
P14168,train
P14169,train
P14170,train
P14171,train
P14172,validation
P14173,train
P14174,train
P14175,train
P14176,train
P14177,train
P14178,train
P14179,train
P14180,train
P14181,train
P14182,train
P14183,train
P14184,train
P14185,train
P14186,test
P14187,test
P14188,train
P14189,train
P14190,train
P14191,train
P14192,test
P14193,test
P14194,train
P14195,train
P14196,train
P14197,train
P14198,train
P14199,train
P14200,validation
P14201,train
P14202,train
P14203,test
P14204,validation
P14205,train
P14206,test
P14207,train
P14208,train
P14209,train
P14210,train
P14211,train
P14212,validation
P14213,train
P14214,train
P14215,train
P14216,train
P14217,train
P14218,train
P14219,train
P14220,train
P14221,train
P14222,train
P14223,train
P14224,train
P14225,train
P14226,train
P14227,train
P14228,train
P14229,train
P14230,validation
P14231,train
P14232,train
P14233,test
P14234,train
P14235,train
P14236,train
P14237,train
P14238,train
P14239,validation
P14240,train
P14241,train
P14242,train
P14243,test
P14244,train
P14245,test
P14246,validation
P14247,test
P14248,train
P14249,train
P14250,train
P14251,test
P14252,train
P14253,train
P14254,test
P14255,validation
P14256,train
P14257,train
P14258,train
P14259,train
P14260,train
P14261,train
P14262,train
P14263,train
P14264,train
P14265,train
P14266,train
P14267,test
P14268,train
P14269,train
P14270,train
P14271,train
P14272,test
P14273,train
P14274,train
P14275,train
P14276,test
P14277,train
P14278,train
P14279,train
P14280,train
P14281,train
P14282,train
P14283,test
P14284,train
P14285,validation
P14286,validation
P14287,train
P14288,validation
P14289,test
P14290,train
P14291,train
P14292,train
P14293,train
P14294,train
P14295,train
P14296,train
P14297,train
P14298,train
P14299,validation
P14300,train
P14301,train
P14302,test
P14303,validation
P14304,train
P14305,train
P14306,train
P14307,train
P14308,train
P14309,train
P14310,train
P14311,train
P14312,train
P14313,train
P14314,train
P14315,test
P14316,train
P14317,train
P14318,train
P14319,test
P14320,train
P14321,train
P14322,train
P14323,train
P14324,train
P14325,train
P14326,train
P14327,train
P14328,train
P14329,train
P14330,train
P14331,train
P14332,train
P14333,validation
P14334,train
P14335,train
P14336,train
P14337,train
P14338,train
P14339,train
P14340,test
P14341,train
P14342,test
P14343,train
P14344,test
P14345,train
P14346,train
P14347,train
P14348,train
P14349,train
P14350,test
P14351,train
P14352,train
P14353,train
P14354,train
P14355,train
P14356,train
P14357,train
P14358,train
P14359,test
P14360,validation
P14361,test
P14362,train
P14363,train
P14364,train
P14365,train
P14366,train
P14367,validation
P14368,validation
P14369,train
P14370,train
P14371,train
P14372,train
P14373,validation
P14374,train
P14375,train
P14376,train
P14377,train
P14378,train
P14379,train
P14380,train
P14381,train
P14382,test
P14383,train
P14384,train
P14385,train
P14386,train
P14387,train
P14388,train
P14389,validation
P14390,train
P14391,train
P14392,test
P14393,train
P14394,train
P14395,train
P14396,train
P14397,train
P14398,train
P14399,train
P14400,train
P14401,train
P14402,train
P14403,train
P14404,train
P14405,test
P14406,validation
P14407,train
P14408,train
P14409,train
P14410,train
P14411,train
P14412,train
P14413,train
P14414,train
P14415,train
P14416,validation
P14417,train
P14418,validation
P14419,train
P14420,test
P14421,train
P14422,validation
P14423,train
P14424,train
P14425,train
P14426,test
P14427,train
P14428,train
P14429,train
P14430,train
P14431,train
P14432,train
P14433,test
P14434,train
P14435,train
P14436,train
P14437,test
P14438,train
P14439,train
P14440,train
P14441,test
P14442,train
P14443,validation
P14444,validation
P14445,train
P14446,train
P14447,train
P14448,train
P14449,train
P14450,train
P14451,train
P14452,train
P14453,train
P14454,train
P14455,train
P14456,train
P14457,train
P14458,train
P14459,train
P14460,train
P14461,validation
P14462,train
P14463,train
P14464,train
P14465,train
P14466,validation
P14467,train
P14468,train
P14469,train
P14470,train
P14471,validation
P14472,train
P14473,train
P14474,train
P14475,test
P14476,validation
P14477,train
P14478,train
P14479,test
P14480,validation
P14481,train
P14482,train
P14483,train
P14484,validation
P14485,train
P14486,train
P14487,train
P14488,validation
P14489,train
P14490,train
P14491,train
P14492,train
P14493,train
P14494,train
P14495,train
P14496,train
P14497,test
P14498,train
P14499,train
P14500,train
P14501,train
P14502,train
P14503,train
P14504,train
P14505,train
P14506,validation
P14507,train
P14508,validation
P14509,train
P14510,train
P14511,train
P14512,train
P14513,train
P14514,test
P14515,train
P14516,train
P14517,train
P14518,train
P14519,test
P14520,train
P14521,train
P14522,train
P14523,train
P14524,train
P14525,train
P14526,validation
P14527,train
P14528,train
P14529,train
P14530,validation
P14531,test
P14532,test
P14533,train
P14534,train
P14535,train
P14536,train
P14537,train
P14538,validation
P14539,train
P14540,train
P14541,train
P14542,train
P14543,train
P14544,train
P14545,validation
P14546,train
P14547,test
P14548,train
P14549,train
P14550,train
P14551,test
P14552,test
P14553,train
P14554,train
P14555,train
P14556,train
P14557,train
P14558,train
P14559,train
P14560,train
P14561,train
P14562,train
P14563,validation
P14564,train
P14565,train
P14566,train
P14567,train
P14568,test
P14569,train
P14570,train
P14571,train
P14572,test
P14573,train
P14574,train
P14575,test
P14576,validation
P14577,train
P14578,train
P14579,train
P14580,train
P14581,train
P14582,train
P14583,train
P14584,train
P14585,train
P14586,train
P14587,train
P14588,train
P14589,train
P14590,validation
P14591,train
P14592,train
P14593,test
P14594,test
P14595,train
P14596,train
P14597,train
P14598,train
P14599,train
P14600,validation
P14601,train
P14602,train
P14603,train
P14604,train
P14605,test
P14606,train
P14607,train
P14608,test
P14609,test
P14610,test
P14611,train
P14612,train
P14613,train
P14614,train
P14615,train
P14616,train
P14617,train
P14618,train
P14619,train
P14620,train
P14621,train
P14622,train
P14623,validation
P14624,validation
P14625,train
P14626,train
P14627,train
P14628,validation
P14629,test
P14630,train
P14631,test
P14632,train
P14633,train
P14634,train
P14635,validation
P14636,train
P14637,train
P14638,train
P14639,validation
P14640,train
P14641,train
P14642,test
P14643,test
P14644,validation
P14645,train
P14646,train
P14647,train
P14648,train
P14649,train
P14650,train
P14651,validation
P14652,train
P14653,train
P14654,train
P14655,train
P14656,train
P14657,validation
P14658,train
P14659,test
P14660,train
P14661,test
P14662,train
P14663,train
P14664,test
P14665,train
P14666,train
P14667,train
P14668,train
P14669,train
P14670,train
P14671,validation
P14672,train
P14673,train
P14674,train
P14675,train
P14676,train
P14677,train
P14678,train
P14679,train
P14680,test
P14681,train
P14682,validation
P14683,train
P14684,train
P14685,train
P14686,validation
P14687,train
P14688,train
P14689,test
P14690,train
P14691,train
P14692,train
P14693,train
P14694,train
P14695,train
P14696,train
P14697,train
P14698,train
P14699,train
P14700,train
P14701,train
P14702,train
P14703,train
P14704,test
P14705,train
P14706,train
P14707,train
P14708,test
P14709,train
P14710,train
P14711,train
P14712,train
P14713,train
P14714,train
P14715,validation
P14716,train
P14717,train
P14718,train
P14719,train
P14720,train
P14721,train
P14722,test
P14723,train
P14724,validation
P14725,train
P14726,train
P14727,train
P14728,train
P14729,train
P14730,train
P14731,test
P14732,validation
P14733,train
P14734,test
P14735,train
P14736,train
P14737,train
P14738,train
P14739,validation
P14740,train
P14741,validation
P14742,train
P14743,train
P14744,train
P14745,validation
P14746,train
P14747,train
P14748,train
P14749,train
P14750,test
P14751,validation
P14752,train
P14753,train
P14754,train
P14755,train
P14756,train
P14757,train
P14758,validation
P14759,train
P14760,train
P14761,train
P14762,validation
P14763,validation
P14764,train
P14765,train
P14766,train
P14767,test
P14768,train
P14769,train
P14770,train
P14771,train
P14772,train
P14773,train
P14774,train
P14775,train
P14776,train
P14777,train
P14778,train
P14779,train
P14780,test
P14781,train
P14782,train
P14783,test
P14784,validation
P14785,train
P14786,train
P14787,train
P14788,train
P14789,train
P14790,test
P14791,train
P14792,test
P14793,validation
P14794,test
P14795,train
P14796,train
P14797,test
P14798,train
P14799,train
P14800,train
P14801,train
P14802,train
P14803,train
P14804,test
P14805,validation
P14806,train
P14807,train
P14808,train
P14809,train
P14810,train
P14811,train
P14812,test
P14813,train
P14814,train
P14815,train
P14816,train
P14817,train
P14818,train
P14819,train
P14820,train
P14821,train
P14822,train
P14823,train
P14824,train
P14825,train
P14826,train
P14827,train
P14828,train
P14829,train
P14830,train
P14831,validation
P14832,test
P14833,train
P14834,train
P14835,test
P14836,test
P14837,train
P14838,train
P14839,train
P14840,train
P14841,train
P14842,train
P14843,train
P14844,train
P14845,train
P14846,train
P14847,train
P14848,test
P14849,train
P14850,train
P14851,train
P14852,train
P14853,train
P14854,train
P14855,train
P14856,train
P14857,train
P14858,train
P14859,train
P14860,train
P14861,train
P14862,train
P14863,train
P14864,train
P14865,train
P14866,validation
P14867,train
P14868,train
P14869,train
P14870,train
P14871,train
P14872,test
P14873,train
P14874,test
P14875,train
P14876,test
P14877,train
P14878,train
P14879,train
P14880,train
P14881,train
P14882,train
P14883,test
P14884,train
P14885,test
P14886,test
P14887,train
P14888,train
P14889,train
P14890,train
P14891,train
P14892,train
P14893,train
P14894,train
P14895,test
P14896,train
P14897,train
P14898,validation
P14899,train
P14900,train
P14901,train
P14902,train
P14903,test
P14904,validation
P14905,train
P14906,train
P14907,validation
P14908,train
P14909,train
P14910,train
P14911,validation
P14912,validation
P14913,train
P14914,train
P14915,train
P14916,train
P14917,train
P14918,train
P14919,train
P14920,train
P14921,train
P14922,train
P14923,test
P14924,train
P14925,train
P14926,validation
P14927,train
P14928,train
P14929,train
P14930,train
P14931,train
P14932,train
P14933,train
P14934,train
P14935,train
P14936,train
P14937,train
P14938,validation
P14939,train
P14940,train
P14941,train
P14942,train
P14943,train
P14944,train
P14945,train
P14946,train
P14947,train
P14948,train
P14949,train
P14950,train
P14951,train
P14952,validation
P14953,train
P14954,train
P14955,train
P14956,test
P14957,train
P14958,train
P14959,train
P14960,train
P14961,validation
P14962,validation
P14963,test
P14964,train
P14965,validation
P14966,train
P14967,train
P14968,train
P14969,train
P14970,train
P14971,train
P14972,validation
P14973,train
P14974,train
P14975,train
P14976,train
P14977,validation
P14978,train
P14979,train
P14980,train
P14981,test
P14982,train
P14983,train
P14984,train
P14985,train
P14986,train
P14987,test
P14988,train
P14989,train
P14990,train
P14991,test
P14992,train
P14993,train
P14994,test
P14995,train
P14996,train
P14997,train
P14998,train
P14999,validation
P15000,train
P15001,validation
P15002,validation
P15003,train
P15004,train
P15005,validation
P15006,validation
P15007,validation
P15008,train
P15009,train
P15010,test
P15011,validation
P15012,train
P15013,train
P15014,train
P15015,train
P15016,train
P15017,train
P15018,train
P15019,train
P15020,train
P15021,train
P15022,train
P15023,train
P15024,validation
P15025,train
P15026,train
P15027,train
P15028,train
P15029,train
P15030,train
P15031,train
P15032,train
P15033,train
P15034,train
P15035,train
P15036,train
P15037,validation
P15038,train
P15039,train
P15040,validation
P15041,train
P15042,train
P15043,validation
P15044,train
P15045,train
P15046,train
P15047,train
P15048,validation
P15049,test
P15050,train
P15051,train
P15052,train
P15053,test
P15054,train
P15055,train
P15056,test
P15057,train
P15058,train
P15059,train
P15060,validation
P15061,train
P15062,validation
P15063,train
P15064,train
P15065,test
P15066,train
P15067,train
P15068,train
P15069,train
P15070,train
P15071,train
P15072,train
P15073,train
P15074,validation
P15075,train
P15076,train
P15077,train
P15078,train
P15079,train
P15080,train
P15081,validation
P15082,validation
P15083,train
P15084,train
P15085,validation
P15086,validation
P15087,validation
P15088,train
P15089,train
P15090,train
P15091,train
P15092,train
P15093,train
P15094,train
P15095,train
P15096,train
P15097,train
P15098,train
P15099,train
P15100,train
P15101,train
P15102,test
P15103,train
P15104,train
P15105,train
P15106,test
P15107,train
P15108,train
P15109,train
P15110,train
P15111,train
P15112,train
P15113,test
P15114,train
P15115,test
P15116,train
P15117,train
P15118,train
P15119,train
P15120,train
P15121,test
P15122,test
P15123,train
P15124,train
P15125,train
P15126,train
P15127,test
P15128,train
P15129,train
P15130,validation
P15131,train
P15132,test
P15133,train
P15134,train
P15135,test
P15136,train
P15137,train
P15138,train
P15139,validation
P15140,train
P15141,train
P15142,test
P15143,train
P15144,train
P15145,validation
P15146,train
P15147,train
P15148,train
P15149,train
P15150,train
P15151,train
P15152,validation
P15153,train
P15154,train
P15155,train
P15156,train
P15157,train
P15158,train
P15159,train
P15160,train
P15161,train
P15162,train
P15163,test
P15164,test
P15165,train
P15166,validation
P15167,test
P15168,train
P15169,train
P15170,validation
P15171,test
P15172,validation
P15173,train
P15174,train
P15175,validation
P15176,test
P15177,train
P15178,train
P15179,validation
P15180,train
P15181,train
P15182,test
P15183,test
P15184,train
P15185,train
P15186,train
P15187,test
P15188,train
P15189,validation
P15190,train
P15191,train
P15192,train
P15193,validation
P15194,train
P15195,train
P15196,train
P15197,train
P15198,train
P15199,test
P15200,train
P15201,validation
P15202,train
P15203,train
P15204,train
P15205,train
P15206,train
P15207,train
P15208,train
P15209,validation
P15210,validation
P15211,train
P15212,validation
P15213,train
P15214,test
P15215,train
P15216,train
P15217,test
P15218,train
P15219,train
P15220,test
P15221,train
P15222,train
P15223,train
P15224,train
P15225,test
P15226,train
P15227,train
P15228,train
P15229,train
P15230,train
P15231,test
P15232,test
P15233,train
P15234,train
P15235,train
P15236,train
P15237,test
P15238,train
P15239,train
P15240,test
P15241,train
P15242,train
P15243,train
P15244,train
P15245,validation
P15246,train
P15247,train
P15248,train
P15249,train
P15250,train
P15251,train
P15252,train
P15253,train
P15254,train
P15255,validation
P15256,test
P15257,train
P15258,train
P15259,train
P15260,validation
P15261,train
P15262,train
P15263,train
P15264,train
P15265,train
P15266,validation
P15267,train
P15268,train
P15269,train
P15270,train
P15271,train
P15272,train
P15273,validation
P15274,train
P15275,train
P15276,train
P15277,validation
P15278,train
P15279,train
P15280,train
P15281,train
P15282,train
P15283,train
P15284,train
P15285,test
P15286,train
P15287,train
P15288,validation
P15289,train
P15290,train
P15291,train
P15292,train
P15293,train
P15294,train
P15295,train
P15296,train
P15297,train
P15298,train
P15299,validation
P15300,train
P15301,train
P15302,train
P15303,train
P15304,train
P15305,train
P15306,train
P15307,train
P15308,train
P15309,test
P15310,train
P15311,validation
P15312,train
P15313,train
P15314,train
P15315,train
P15316,train
P15317,train
P15318,train
P15319,test
P15320,validation
P15321,validation
P15322,train
P15323,train
P15324,train
P15325,train
P15326,train
P15327,validation
P15328,train
P15329,train
P15330,train
P15331,train
P15332,test
P15333,train
P15334,train
P15335,train
P15336,train
P15337,test
P15338,train
P15339,train
P15340,train
P15341,train
P15342,train
P15343,validation
P15344,validation
P15345,train
P15346,train
P15347,train
P15348,train
P15349,train
P15350,train
P15351,train
P15352,train
P15353,test
P15354,validation
P15355,train
P15356,train
P15357,train
P15358,train
P15359,train
P15360,train
P15361,validation
P15362,train
P15363,train
P15364,validation
P15365,validation
P15366,train
P15367,train
P15368,train
P15369,train
P15370,train
P15371,train
P15372,train
P15373,train
P15374,train
P15375,validation
P15376,train
P15377,train
P15378,test
P15379,train
P15380,train
P15381,train
P15382,train
P15383,test
P15384,train
P15385,train
P15386,train
P15387,validation
P15388,train
P15389,train
P15390,train
P15391,train
P15392,train
P15393,train
P15394,train
P15395,train
P15396,test
P15397,train
P15398,test
P15399,train
P15400,train
P15401,test
P15402,train
P15403,train
P15404,train
P15405,validation
P15406,train
P15407,train
P15408,train
P15409,train
P15410,train
P15411,train
P15412,test
P15413,train
P15414,validation
P15415,validation
P15416,train
P15417,validation
P15418,train
P15419,test
P15420,train
P15421,train
P15422,train
P15423,train
P15424,train
P15425,test
P15426,train
P15427,train
P15428,test
P15429,test
P15430,train
P15431,train
P15432,train
P15433,train
P15434,test
P15435,train
P15436,train
P15437,test
P15438,train
P15439,test
P15440,train
P15441,train
P15442,train
P15443,train
P15444,train
P15445,train
P15446,train
P15447,train
P15448,train
P15449,train
P15450,train
P15451,train
P15452,train
P15453,train
P15454,train
P15455,train
P15456,train
P15457,train
P15458,validation
P15459,train
P15460,train
P15461,train
P15462,train
P15463,train
P15464,train
P15465,train
P15466,train
P15467,test
P15468,train
P15469,train
P15470,train
P15471,test
P15472,train
P15473,train
P15474,train
P15475,train
P15476,train
P15477,train
P15478,test
P15479,train
P15480,train
P15481,train
P15482,train
P15483,train
P15484,train
P15485,train
P15486,test
P15487,train
P15488,train
P15489,train
P15490,validation
P15491,train
P15492,train
P15493,train
P15494,train
P15495,validation
P15496,train
P15497,train
P15498,validation
P15499,train
P15500,train
P15501,train
P15502,train
P15503,train
P15504,train
P15505,train
P15506,train
P15507,train
P15508,train
P15509,test
P15510,train
P15511,train
P15512,train
P15513,train
P15514,train
P15515,train
P15516,train
P15517,train
P15518,train
P15519,test
P15520,train
P15521,validation
P15522,train
P15523,train
P15524,train
P15525,train
P15526,validation
P15527,validation
P15528,test
P15529,train
P15530,train
P15531,train
P15532,train
P15533,test
P15534,train
P15535,train
P15536,train
P15537,test
P15538,train
P15539,test
P15540,test
P15541,validation
P15542,train
P15543,test
P15544,train
P15545,validation
P15546,train
P15547,train
P15548,train
P15549,validation
P15550,validation
P15551,train
P15552,train
P15553,train
P15554,train
P15555,train
P15556,train
P15557,train
P15558,train
P15559,test
P15560,train
P15561,train
P15562,test
P15563,train
P15564,train
P15565,train
P15566,test
P15567,train
P15568,train
P15569,train
P15570,train
P15571,test
P15572,train
P15573,train
P15574,train
P15575,train
P15576,train
P15577,train
P15578,train
P15579,validation
P15580,train
P15581,train
P15582,train
P15583,train
P15584,train
P15585,train
P15586,test
P15587,train
P15588,validation
P15589,train
P15590,train
P15591,train
P15592,train
P15593,train
P15594,test
P15595,train
P15596,train
P15597,train
P15598,train
P15599,train
P15600,train
P15601,train
P15602,test
P15603,train
P15604,validation
P15605,validation
P15606,train
P15607,test
P15608,test
P15609,train
P15610,train
P15611,train
P15612,train
P15613,train
P15614,train
P15615,train
P15616,train
P15617,test
P15618,train
P15619,test
P15620,train
P15621,train
P15622,train
P15623,train
P15624,train
P15625,train
P15626,train
P15627,train
P15628,train
P15629,train
P15630,validation
P15631,train
P15632,train
P15633,train
P15634,test
P15635,train
P15636,test
P15637,test
P15638,train
P15639,train
P15640,train
P15641,test
P15642,train
P15643,validation
P15644,train
P15645,test
P15646,train
P15647,train
P15648,train
P15649,test
P15650,train
P15651,test
P15652,validation
P15653,train
P15654,validation
P15655,test
P15656,train
P15657,test
P15658,train
P15659,train
P15660,train
P15661,train
P15662,train
P15663,validation
P15664,train
P15665,test
P15666,train
P15667,train
P15668,train
P15669,train
P15670,train
P15671,train
P15672,train
P15673,test
P15674,train
P15675,train
P15676,train
P15677,train
P15678,train
P15679,train
P15680,train
P15681,train
P15682,train
P15683,train
P15684,train
P15685,train
P15686,train
P15687,train
P15688,train
P15689,train
P15690,train
P15691,train
P15692,train
P15693,train
P15694,train
P15695,train
P15696,train
P15697,train
P15698,train
P15699,train
P15700,train
P15701,train
P15702,train
P15703,train
P15704,validation
P15705,train
P15706,train
P15707,train
P15708,train
P15709,train
P15710,train
P15711,train
P15712,train
P15713,train
P15714,train
P15715,train
P15716,train
P15717,train
P15718,test
P15719,train
P15720,train
P15721,train
P15722,train
P15723,train
P15724,test
P15725,train
P15726,train
P15727,train
P15728,train
P15729,test
P15730,train
P15731,train
P15732,train
P15733,test
P15734,test
P15735,train
P15736,train
P15737,train
P15738,train
P15739,train
P15740,train
P15741,train
P15742,train
P15743,train
P15744,train
P15745,train
P15746,train
P15747,test
P15748,train
P15749,train
P15750,train
P15751,validation
P15752,train
P15753,train
P15754,validation
P15755,train
P15756,test
P15757,train
P15758,train
P15759,train
P15760,train
P15761,train
P15762,train
P15763,train
P15764,train
P15765,train
P15766,train
P15767,train
P15768,validation
P15769,train
P15770,train
P15771,train
P15772,test
P15773,train
P15774,train
P15775,train
P15776,train
P15777,train
P15778,train
P15779,train
P15780,train
P15781,train
P15782,train
P15783,train
P15784,train
P15785,train
P15786,train
P15787,train
P15788,train
P15789,validation
P15790,test
P15791,validation
P15792,train
P15793,validation
P15794,train
P15795,test
P15796,train
P15797,validation
P15798,train
P15799,train
P15800,train
P15801,train
P15802,train
P15803,train
P15804,train
P15805,validation
P15806,train
P15807,train
P15808,train
P15809,train
P15810,train
P15811,train
P15812,train
P15813,train
P15814,train
P15815,train
P15816,validation
P15817,train
P15818,train
P15819,train
P15820,validation
P15821,train
P15822,train
P15823,train
P15824,train
P15825,test
P15826,train
P15827,train
P15828,train
P15829,train
P15830,train
P15831,validation
P15832,train
P15833,train
P15834,train
P15835,train
P15836,train
P15837,train
P15838,validation
P15839,train
P15840,train
P15841,train
P15842,test
P15843,train
P15844,train
P15845,train
P15846,test
P15847,train
P15848,train
P15849,train
P15850,train
P15851,train
P15852,train
P15853,validation
P15854,train
P15855,train
P15856,train
P15857,validation
P15858,train
P15859,validation
P15860,train
P15861,train
P15862,train
P15863,train
P15864,train
P15865,train
P15866,train
P15867,validation
P15868,train
P15869,train
P15870,train
P15871,train
P15872,train
P15873,train
P15874,train
P15875,train
P15876,test
P15877,train
P15878,train
P15879,train
P15880,validation
P15881,validation
P15882,train
P15883,train
P15884,train
P15885,train
P15886,train
P15887,train
P15888,train
P15889,train
P15890,train
P15891,validation
P15892,train
P15893,test
P15894,train
P15895,train
P15896,validation
P15897,train
P15898,validation
P15899,train
P15900,train
P15901,train
P15902,train
P15903,train
P15904,train
P15905,train
P15906,train
P15907,train
P15908,train
P15909,train
P15910,train
P15911,train
P15912,train
P15913,train
P15914,train
P15915,train
P15916,train
P15917,train
P15918,train
P15919,train
P15920,train
P15921,train
P15922,validation
P15923,test
P15924,train
P15925,validation
P15926,test
P15927,train
P15928,train
P15929,train
P15930,train
P15931,train
P15932,validation
P15933,train
P15934,train
P15935,train
P15936,train
P15937,validation
P15938,test
P15939,train
P15940,train
P15941,train
P15942,test
P15943,train
P15944,train
P15945,train
P15946,train
P15947,validation
P15948,train
P15949,validation
P15950,train
P15951,train
P15952,train
P15953,train
P15954,train
P15955,train
P15956,train
P15957,train
P15958,train
P15959,train
P15960,test
P15961,train
P15962,train
P15963,test
P15964,train
P15965,train
P15966,train
P15967,train
P15968,train
P15969,validation
P15970,train
P15971,train
P15972,train
P15973,train
P15974,validation
P15975,train
P15976,train
P15977,train
P15978,train
P15979,train
P15980,train
P15981,train
P15982,train
P15983,train
P15984,train
P15985,train
P15986,train
P15987,train
P15988,train
P15989,validation
P15990,validation
P15991,train
P15992,train
P15993,test
P15994,train
P15995,train
P15996,train
P15997,train
P15998,train
P15999,train
P16000,train
P16001,train
P16002,train
P16003,train
P16004,train
P16005,train
P16006,train
P16007,train
P16008,test
P16009,train
P16010,train
P16011,train
P16012,validation
P16013,validation
P16014,test
P16015,train
P16016,train
P16017,validation
P16018,train
P16019,validation
P16020,train
P16021,train
P16022,train
P16023,train
P16024,train
P16025,train
P16026,train
P16027,train
P16028,train
P16029,train
P16030,train
P16031,train
P16032,train
P16033,train
P16034,train
P16035,train
P16036,train
P16037,train
P16038,train
P16039,train
P16040,train
P16041,test
P16042,test
P16043,test
P16044,train
P16045,train
P16046,validation
P16047,train
P16048,test
P16049,train
P16050,train
P16051,train
P16052,train
P16053,train
P16054,validation
P16055,train
P16056,train
P16057,train
P16058,train
P16059,test
P16060,train
P16061,train
P16062,train
P16063,train
P16064,test
P16065,train
P16066,train
P16067,train
P16068,train
P16069,train
P16070,train
P16071,validation
P16072,test
P16073,train
P16074,train
P16075,test
P16076,train
P16077,test
P16078,train
P16079,train
P16080,train
P16081,train
P16082,train
P16083,train
P16084,train
P16085,validation
P16086,train
P16087,train
P16088,train
P16089,train
P16090,train
P16091,train
P16092,train
P16093,test
P16094,train
P16095,train
P16096,train
P16097,train
P16098,train
P16099,train
P16100,train
P16101,train
P16102,train
P16103,train
P16104,train
P16105,train
P16106,train
P16107,train
P16108,train
P16109,test
P16110,train
P16111,train
P16112,train
P16113,train
P16114,train
P16115,train
P16116,train
P16117,train
P16118,train
P16119,test
P16120,validation
P16121,train
P16122,train
P16123,train
P16124,train
P16125,train
P16126,validation
P16127,train
P16128,train
P16129,train
P16130,validation
P16131,train
P16132,validation
P16133,train
P16134,train
P16135,train
P16136,train
P16137,train
P16138,train
P16139,train
P16140,validation
P16141,train
P16142,train
P16143,train
P16144,train
P16145,train
P16146,train
P16147,train
P16148,train
P16149,train
P16150,train
P16151,train
P16152,validation
P16153,validation
P16154,test
P16155,train
P16156,train
P16157,train
P16158,train
P16159,validation
P16160,train
P16161,train
P16162,validation
P16163,train
P16164,train
P16165,train
P16166,train
P16167,train
P16168,train
P16169,train
P16170,train
P16171,train
P16172,train
P16173,validation
P16174,train
P16175,train
P16176,train
P16177,train
P16178,train
P16179,train
P16180,train
P16181,train
P16182,train
P16183,validation
P16184,train
P16185,train
P16186,test
P16187,train
P16188,test
P16189,train
P16190,train
P16191,train
P16192,train
P16193,train
P16194,train
P16195,train
P16196,train
P16197,validation
P16198,test
P16199,train
P16200,train
P16201,train
P16202,train
P16203,train
P16204,train
P16205,test
P16206,validation
P16207,train
P16208,train
P16209,train
P16210,train
P16211,test
P16212,train
P16213,test
P16214,train
P16215,train
P16216,train
P16217,train
P16218,train
P16219,train
P16220,train
P16221,train
P16222,train
P16223,train
P16224,train
P16225,train
P16226,train
P16227,train
P16228,train
P16229,train
P16230,train
P16231,train
P16232,train
P16233,train
P16234,train
P16235,train
P16236,train
P16237,train
P16238,train
P16239,train
P16240,train
P16241,train
P16242,validation
P16243,train
P16244,train
P16245,train
P16246,train
P16247,train
P16248,train
P16249,train
P16250,train
P16251,train
P16252,train
P16253,train
P16254,train
P16255,test
P16256,train
P16257,train
P16258,test
P16259,train
P16260,train
P16261,train
P16262,train
P16263,train
P16264,train
P16265,train
P16266,train
P16267,train
P16268,train
P16269,train
P16270,train
P16271,train
P16272,train
P16273,train
P16274,train
P16275,train
P16276,validation
P16277,train
P16278,test
P16279,train
P16280,train
P16281,train
P16282,train
P16283,train
P16284,validation
P16285,train
P16286,train
P16287,train
P16288,train
P16289,train
P16290,train
P16291,train
P16292,train
P16293,train
P16294,train
P16295,train
P16296,train
P16297,validation
P16298,train
P16299,train
P16300,train
P16301,train
P16302,train
P16303,validation
P16304,train
P16305,train
P16306,train
P16307,train
P16308,train
P16309,validation
P16310,train
P16311,train
P16312,validation
P16313,train
P16314,train
P16315,train
P16316,train
P16317,train
P16318,train
P16319,train
P16320,train
P16321,train
P16322,train
P16323,test
P16324,validation
P16325,test
P16326,validation
P16327,train
P16328,train
P16329,test
P16330,validation
P16331,train
P16332,test
P16333,train
P16334,train
P16335,train
P16336,validation
P16337,train
P16338,train
P16339,train
P16340,train
P16341,train
P16342,train
P16343,train
P16344,train
P16345,test
P16346,train
P16347,validation
P16348,test
P16349,train
P16350,test
P16351,train
P16352,train
P16353,train
P16354,validation
P16355,train
P16356,train
P16357,train
P16358,train
P16359,train
P16360,validation
P16361,train
P16362,test
P16363,validation
P16364,train
P16365,train
P16366,validation
P16367,test
P16368,train
P16369,train
P16370,train
P16371,train
P16372,train
P16373,test
P16374,train
P16375,train
P16376,train
P16377,test
P16378,train
P16379,validation
P16380,validation
P16381,train
P16382,train
P16383,train
P16384,train
P16385,train
P16386,train
P16387,train
P16388,train
P16389,train
P16390,train
P16391,train
P16392,train
P16393,train
P16394,train
P16395,train
P16396,train
P16397,train
P16398,train
P16399,train
P16400,train
P16401,train
P16402,train
P16403,train
P16404,train
P16405,train
P16406,train
P16407,train
P16408,train
P16409,train
P16410,train
P16411,train
P16412,test
P16413,train
P16414,train
P16415,test
P16416,train
P16417,train
P16418,train
P16419,train
P16420,train
P16421,train
P16422,train
P16423,train
P16424,train
P16425,validation
P16426,train
P16427,train
P16428,train
P16429,train
P16430,validation
P16431,train
P16432,train
P16433,train
P16434,validation
P16435,validation
P16436,train
P16437,train
P16438,train
P16439,train
P16440,train
P16441,train
P16442,train
P16443,train
P16444,train
P16445,train
P16446,train
P16447,test
P16448,train
P16449,train
P16450,train
P16451,train
P16452,test
P16453,train
P16454,train
P16455,train
P16456,train
P16457,train
P16458,train
P16459,train
P16460,train
P16461,train
P16462,validation
P16463,train
P16464,train
P16465,train
P16466,train
P16467,train
P16468,train
P16469,train
P16470,train
P16471,train
P16472,train
P16473,validation
P16474,train
P16475,train
P16476,test
P16477,train
P16478,train
P16479,validation
P16480,train
P16481,train
P16482,test
P16483,validation
P16484,train
P16485,test
P16486,train
P16487,train
P16488,train
P16489,train
P16490,train
P16491,train
P16492,test
P16493,train
P16494,train
P16495,train
P16496,train
P16497,test
P16498,train
P16499,train
P16500,train
P16501,train
P16502,train
P16503,train
P16504,train
P16505,train
P16506,test
P16507,train
P16508,validation
P16509,train
P16510,train
P16511,train
P16512,train
P16513,test
P16514,train
P16515,validation
P16516,test
P16517,train
P16518,train
P16519,test
P16520,validation
P16521,train
P16522,train
P16523,train
P16524,train
P16525,train
P16526,train
P16527,train
P16528,validation
P16529,train
P16530,train
P16531,train
P16532,train
P16533,train
P16534,train
P16535,train
P16536,train
P16537,train
P16538,test
P16539,train
P16540,train
P16541,train
P16542,train
P16543,train
P16544,train
P16545,train
P16546,train
P16547,train
P16548,train
P16549,train
P16550,train
P16551,test
P16552,train
P16553,test
P16554,train
P16555,train
P16556,train
P16557,train
P16558,train
P16559,train
P16560,train
P16561,train
P16562,train
P16563,test
P16564,train
P16565,test
P16566,train
P16567,train
P16568,train
P16569,train
P16570,train
P16571,train
P16572,train
P16573,train
P16574,train
P16575,train
P16576,train
P16577,train
P16578,train
P16579,train
P16580,train
P16581,test
P16582,train
P16583,train
P16584,train
P16585,train
P16586,train
P16587,validation
P16588,train
P16589,train
P16590,train
P16591,train
P16592,train
P16593,train
P16594,train
P16595,train
P16596,validation
P16597,test
P16598,train
P16599,train
P16600,train
P16601,train
P16602,test
P16603,train
P16604,validation
P16605,train
P16606,train
P16607,train
P16608,train
P16609,train
P16610,test
P16611,train
P16612,train
P16613,train
P16614,validation
P16615,train
P16616,train
P16617,train
P16618,train
P16619,test
P16620,train
P16621,train
P16622,train
P16623,train
P16624,train
P16625,train
P16626,test
P16627,train
P16628,train
P16629,train
P16630,train
P16631,train
P16632,train
P16633,train
P16634,train
P16635,train
P16636,train
P16637,test
P16638,train
P16639,train
P16640,train
P16641,train
P16642,train
P16643,train
P16644,train
P16645,test
P16646,train
P16647,test
P16648,train
P16649,train
P16650,train
P16651,validation
P16652,test
P16653,validation
P16654,train
P16655,train
P16656,train
P16657,train
P16658,test
P16659,validation
P16660,test
P16661,train
P16662,train
P16663,test
P16664,train
P16665,train
P16666,test
P16667,train
P16668,train
P16669,train
P16670,train
P16671,train
P16672,train
P16673,train
P16674,train
P16675,test
P16676,train
P16677,train
P16678,train
P16679,train
P16680,train
P16681,train
P16682,train
P16683,train
P16684,validation
P16685,train
P16686,train
P16687,test
P16688,train
P16689,train
P16690,train
P16691,train
P16692,train
P16693,train
P16694,train
P16695,train
P16696,test
P16697,train
P16698,train
P16699,validation
P16700,train
P16701,train
P16702,train
P16703,test
P16704,train
P16705,train
P16706,train
P16707,train
P16708,train
P16709,train
P16710,train
P16711,test
P16712,train
P16713,train
P16714,train
P16715,test
P16716,validation
P16717,train
P16718,train
P16719,train
P16720,train
P16721,train
P16722,train
P16723,train
P16724,train
P16725,train
P16726,train
P16727,validation
P16728,train
P16729,train
P16730,train
P16731,train
P16732,train
P16733,train
P16734,train
P16735,train
P16736,train
P16737,train
P16738,train
P16739,train
P16740,train
P16741,train
P16742,train
P16743,train
P16744,train
P16745,train
P16746,train
P16747,train
P16748,validation
P16749,train
P16750,test
P16751,test
P16752,train
P16753,train
P16754,validation
P16755,train
P16756,train
P16757,validation
P16758,train
P16759,train
P16760,train
P16761,train
P16762,train
P16763,train
P16764,test
P16765,train
P16766,train
P16767,train
P16768,train
P16769,train
P16770,train
P16771,train
P16772,train
P16773,train
P16774,train
P16775,train
P16776,train
P16777,train
P16778,train
P16779,train
P16780,train
P16781,train
P16782,train
P16783,validation
P16784,train
P16785,train
P16786,train
P16787,train
P16788,train
P16789,train
P16790,train
P16791,train
P16792,train
P16793,train
P16794,train
P16795,test
P16796,train
P16797,train
P16798,train
P16799,train
P16800,train
P16801,train
P16802,train
P16803,train
P16804,test
P16805,train
P16806,train
P16807,train
P16808,train
P16809,train
P16810,train
P16811,train
P16812,train
P16813,train
P16814,train
P16815,train
P16816,train
P16817,train
P16818,train
P16819,train
P16820,train
P16821,validation
P16822,train
P16823,train
P16824,train
P16825,train
P16826,validation
P16827,train
P16828,train
P16829,train
P16830,test
P16831,train
P16832,train
P16833,train
P16834,train
P16835,train
P16836,train
P16837,train
P16838,train
P16839,train
P16840,train
P16841,validation
P16842,validation
P16843,train
P16844,train
P16845,train
P16846,train
P16847,train
P16848,train
P16849,test
P16850,train
P16851,test
P16852,train
P16853,train
P16854,validation
P16855,train
P16856,test
P16857,train
P16858,train
P16859,train
P16860,train
P16861,train
P16862,train
P16863,train
P16864,train
P16865,train
P16866,train
P16867,train
P16868,train
P16869,train
P16870,train
P16871,train
P16872,train
P16873,train
P16874,train
P16875,train
P16876,train
P16877,train
P16878,train
P16879,train
P16880,train
P16881,train
P16882,train
P16883,train
P16884,train
P16885,train
P16886,validation
P16887,test
P16888,train
P16889,train
P16890,train
P16891,train
P16892,train
P16893,validation
P16894,validation
P16895,train
P16896,train
P16897,train
P16898,train
P16899,validation
P16900,train
P16901,test
P16902,validation
P16903,train
P16904,validation
P16905,train
P16906,train
P16907,train
P16908,validation
P16909,train
P16910,train
P16911,train
P16912,test
P16913,train
P16914,train
P16915,train
P16916,train
P16917,train
P16918,train
P16919,train
P16920,train
P16921,train
P16922,train
P16923,train
P16924,train
P16925,train
P16926,validation
P16927,train
P16928,train
P16929,validation
P16930,train
P16931,test
P16932,train
P16933,validation
P16934,train
P16935,train
P16936,train
P16937,train
P16938,test
P16939,train
P16940,train
P16941,train
P16942,test
P16943,train
P16944,validation
P16945,train
P16946,train
P16947,train
P16948,train
P16949,validation
P16950,train
P16951,train
P16952,train
P16953,train
P16954,train
P16955,train
P16956,train
P16957,train
P16958,train
P16959,train
P16960,train
P16961,train
P16962,test
P16963,train
P16964,train
P16965,train
P16966,validation
P16967,train
P16968,train
P16969,validation
P16970,validation
P16971,train
P16972,train
P16973,test
P16974,validation
P16975,train
P16976,test
P16977,train
P16978,train
P16979,test
P16980,train
P16981,validation
P16982,train
P16983,train
P16984,test
P16985,train
P16986,train
P16987,train
P16988,train
P16989,train
P16990,train
P16991,train
P16992,train
P16993,test
P16994,validation
P16995,train
P16996,validation
P16997,train
P16998,train
P16999,test
P17000,test
P17001,train
P17002,train
P17003,train
P17004,test
P17005,test
P17006,train
P17007,train
P17008,train
P17009,validation
P17010,train
P17011,train
P17012,train
P17013,validation
P17014,train
P17015,train
P17016,train
P17017,test
P17018,train
P17019,validation
P17020,test
P17021,train
P17022,train
P17023,train
P17024,train
P17025,train
P17026,train
P17027,train
P17028,train
P17029,train
P17030,train
P17031,train
P17032,train
P17033,train
P17034,train
P17035,test
P17036,train
P17037,train
P17038,train
P17039,train
P17040,validation
P17041,train
P17042,train
P17043,train
P17044,train
P17045,train
P17046,train
P17047,validation
P17048,validation
P17049,validation
P17050,test
P17051,train
P17052,train
P17053,train
P17054,validation
P17055,train
P17056,train
P17057,train
P17058,test
P17059,train
P17060,train
P17061,train
P17062,test
P17063,train
P17064,train
P17065,train
P17066,test
P17067,train
P17068,train
P17069,train
P17070,train
P17071,train
P17072,test
P17073,train
P17074,train
P17075,train
P17076,train
P17077,validation
P17078,test
P17079,train
P17080,train
P17081,train
P17082,train
P17083,train
P17084,train
P17085,train
P17086,train
P17087,train
P17088,train
P17089,validation
P17090,test
P17091,train
P17092,train
P17093,train
P17094,train
P17095,train
P17096,train
P17097,train
P17098,validation
P17099,test
P17100,test
P17101,test
P17102,train
P17103,train
P17104,train
P17105,train
P17106,train
P17107,train
P17108,train
P17109,train
P17110,train
P17111,train
P17112,train
P17113,train
P17114,train
P17115,train
P17116,train
P17117,train
P17118,train
P17119,train
P17120,train
P17121,train
P17122,train
P17123,validation
P17124,train
P17125,train
P17126,train
P17127,train
P17128,test
P17129,validation
P17130,train
P17131,train
P17132,validation
P17133,train
P17134,train
P17135,train
P17136,train
P17137,train
P17138,train
P17139,train
P17140,train
P17141,train
P17142,train
P17143,train
P17144,train
P17145,train
P17146,train
P17147,train
P17148,train
P17149,train
P17150,test
P17151,validation
P17152,train
P17153,train
P17154,train
P17155,train
P17156,train
P17157,train
P17158,test
P17159,train
P17160,train
P17161,train
P17162,validation
P17163,train
P17164,train
P17165,train
P17166,test
P17167,train
P17168,train
P17169,train
P17170,train
P17171,train
P17172,test
P17173,train
P17174,train
P17175,train
P17176,train
P17177,validation
P17178,validation
P17179,train
P17180,test
P17181,train
P17182,train
P17183,train
P17184,train
P17185,train
P17186,test
P17187,train
P17188,train
P17189,train
P17190,train
P17191,train
P17192,train
P17193,train
P17194,test
P17195,train
P17196,train
P17197,validation
P17198,test
P17199,validation
P17200,train
P17201,train
P17202,train
P17203,train
P17204,train
P17205,validation
P17206,validation
P17207,train
P17208,train
P17209,train
P17210,train
P17211,train
P17212,train
P17213,train
P17214,train
P17215,train
P17216,train
P17217,train
P17218,train
P17219,train
P17220,train
P17221,validation
P17222,train
P17223,train
P17224,train
P17225,train
P17226,train
P17227,train
P17228,train
P17229,train
P17230,test
P17231,validation
P17232,train
P17233,train
P17234,validation
P17235,train
P17236,train
P17237,train
P17238,train
P17239,train
P17240,validation
P17241,train
P17242,train
P17243,train
P17244,train
P17245,validation
P17246,train
P17247,validation
P17248,train
P17249,train
P17250,train
P17251,train
P17252,validation
P17253,train
P17254,test
P17255,train
P17256,train
P17257,train
P17258,train
P17259,train
P17260,train
P17261,train
P17262,train
P17263,validation
P17264,train
P17265,train
P17266,train
P17267,train
P17268,train
P17269,test
P17270,train
P17271,train
P17272,train
P17273,train
P17274,train
P17275,test
P17276,train
P17277,train
P17278,train
P17279,train
P17280,train
P17281,validation
P17282,train
P17283,train
P17284,train
P17285,train
P17286,train
P17287,train
P17288,train
P17289,train
P17290,test
P17291,train
P17292,validation
P17293,train
P17294,train
P17295,train
P17296,test
P17297,train
P17298,train
P17299,train
P17300,train
P17301,train
P17302,train
P17303,train
P17304,train
P17305,validation
P17306,train
P17307,train
P17308,train
P17309,train
P17310,test
P17311,train
P17312,train
P17313,train
P17314,train
P17315,train
P17316,train
P17317,train
P17318,train
P17319,validation
P17320,train
P17321,train
P17322,train
P17323,train
P17324,train
P17325,train
P17326,train
P17327,test
P17328,train
P17329,train
P17330,train
P17331,train
P17332,train
P17333,train
P17334,train
P17335,train
P17336,train
P17337,train
P17338,test
P17339,train
P17340,validation
P17341,train
P17342,train
P17343,train
P17344,train
P17345,train
P17346,validation
P17347,test
P17348,train
P17349,train
P17350,train
P17351,train
P17352,train
P17353,train
P17354,train
P17355,train
P17356,train
P17357,train
P17358,train
P17359,train
P17360,train
P17361,validation
P17362,train
P17363,test
P17364,train
P17365,test
P17366,train
P17367,train
P17368,train
P17369,train
P17370,test
P17371,train
P17372,train
P17373,train
P17374,train
P17375,train
P17376,train
P17377,train
P17378,train
P17379,train
P17380,train
P17381,train
P17382,train
P17383,validation
P17384,validation
P17385,train
P17386,train
P17387,train
P17388,train
P17389,train
P17390,train
P17391,train
P17392,train
P17393,train
P17394,train
P17395,train
P17396,train
P17397,test
P17398,train
P17399,train
P17400,train
P17401,validation
P17402,train
P17403,train
P17404,train
P17405,test
P17406,test
P17407,train
P17408,train
P17409,train
P17410,test
P17411,validation
P17412,train
P17413,train
P17414,train
P17415,validation
P17416,train
P17417,train
P17418,validation
P17419,train
P17420,train
P17421,validation
P17422,train
P17423,train
P17424,train
P17425,train
P17426,train
P17427,train
P17428,train
P17429,validation
P17430,train
P17431,train
P17432,train
P17433,train
P17434,train
P17435,train
P17436,train
P17437,train
P17438,train
P17439,train
P17440,train
P17441,train
P17442,train
P17443,validation
P17444,validation
P17445,train
P17446,train
P17447,train
P17448,validation
P17449,test
P17450,train
P17451,train
P17452,train
P17453,train
P17454,test
P17455,validation
P17456,train
P17457,train
P17458,train
P17459,train
P17460,train
P17461,test
P17462,train
P17463,train
P17464,train
P17465,train
P17466,train
P17467,test
P17468,test
P17469,validation
P17470,train
P17471,train
P17472,train
P17473,train
P17474,train
P17475,train
P17476,validation
P17477,validation
P17478,validation
P17479,test
P17480,train
P17481,train
P17482,train
P17483,train
P17484,validation
P17485,train
P17486,train
P17487,train
P17488,train
P17489,train
P17490,validation
P17491,train
P17492,train
P17493,train
P17494,train
P17495,validation
P17496,train
P17497,train
P17498,train
P17499,train
P17500,train
P17501,validation
P17502,train
P17503,validation
P17504,train
P17505,validation
P17506,train
P17507,test
P17508,train
P17509,test
P17510,validation
P17511,validation
P17512,train
P17513,train
P17514,train
P17515,train
P17516,train
P17517,train
P17518,train
P17519,train
P17520,test
P17521,train
P17522,train
P17523,train
P17524,train
P17525,train
P17526,train
P17527,train
P17528,train
P17529,train
P17530,train
P17531,train
P17532,train
P17533,train
P17534,validation
P17535,train
P17536,train
P17537,train
P17538,test
P17539,train
P17540,train
P17541,train
P17542,train
P17543,train
P17544,train
P17545,validation
P17546,train
P17547,train
P17548,train
P17549,train
P17550,train
P17551,train
P17552,train
P17553,train
P17554,validation
P17555,train
P17556,train
P17557,train
P17558,train
P17559,train
P17560,train
P17561,train
P17562,test
P17563,train
P17564,train
P17565,train
P17566,train
P17567,train
P17568,train
P17569,train
P17570,train
P17571,train
P17572,train
P17573,train
P17574,train
P17575,train
P17576,train
P17577,train
P17578,train
P17579,train
P17580,train
P17581,train
P17582,train
P17583,train
P17584,validation
P17585,train
P17586,train
P17587,train
P17588,train
P17589,train
P17590,train
P17591,train
P17592,train
P17593,train
P17594,train
P17595,train
P17596,train
P17597,train
P17598,train
P17599,train
P17600,train
P17601,train
P17602,validation
P17603,train
P17604,test
P17605,test
P17606,train
P17607,train
P17608,train
P17609,train
P17610,validation
P17611,train
P17612,train
P17613,train
P17614,train
P17615,train
P17616,train
P17617,train
P17618,train
P17619,test
P17620,train
P17621,train
P17622,train
P17623,train
P17624,validation
P17625,train
P17626,train
P17627,train
P17628,train
P17629,test
P17630,train
P17631,train
P17632,train
P17633,train
P17634,train
P17635,train
P17636,train
P17637,train
P17638,train
P17639,train
P17640,train
P17641,validation
P17642,train
P17643,train
P17644,train
P17645,train
P17646,validation
P17647,train
P17648,test
P17649,train
P17650,train
P17651,train
P17652,train
P17653,train
P17654,test
P17655,train
P17656,train
P17657,train
P17658,train
P17659,validation
P17660,train
P17661,train
P17662,train
P17663,train
P17664,test
P17665,train
P17666,train
P17667,validation
P17668,train
P17669,train
P17670,train
P17671,train
P17672,train
P17673,train
P17674,test
P17675,train
P17676,train
P17677,train
P17678,train
P17679,train
P17680,train
P17681,train
P17682,train
P17683,train
P17684,train
P17685,train
P17686,train
P17687,test
P17688,train
P17689,train
P17690,validation
P17691,train
P17692,validation
P17693,train
P17694,train
P17695,train
P17696,train
P17697,train
P17698,train
P17699,train
P17700,validation
P17701,train
P17702,train
P17703,train
P17704,train
P17705,train
P17706,validation
P17707,validation
P17708,train
P17709,train
P17710,train
P17711,train
P17712,train
P17713,train
P17714,train
P17715,train
P17716,validation
P17717,train
P17718,train
P17719,test
P17720,train
P17721,train
P17722,train
P17723,train
P17724,validation
P17725,train
P17726,test
P17727,train
P17728,train
P17729,validation
P17730,train
P17731,train
P17732,validation
P17733,train
P17734,train
P17735,train
P17736,test
P17737,train
P17738,test
P17739,train
P17740,train
P17741,train
P17742,test
P17743,train
P17744,train
P17745,train
P17746,train
P17747,test
P17748,train
P17749,train
P17750,validation
P17751,train
P17752,train
P17753,test
P17754,train
P17755,train
P17756,train
P17757,train
P17758,train
P17759,train
P17760,train
P17761,validation
P17762,train
P17763,train
P17764,train
P17765,train
P17766,train
P17767,train
P17768,train
P17769,train
P17770,train
P17771,train
P17772,train
P17773,train
P17774,train
P17775,train
P17776,test
P17777,train
P17778,train
P17779,train
P17780,validation
P17781,train
P17782,train
P17783,train
P17784,train
P17785,test
P17786,train
P17787,train
P17788,test
P17789,validation
P17790,train
P17791,train
P17792,train
P17793,train
P17794,validation
P17795,train
P17796,train
P17797,train
P17798,train
P17799,train
P17800,test
P17801,train
P17802,validation
P17803,train
P17804,train
P17805,train
P17806,train
P17807,test
P17808,train
P17809,train
P17810,test
P17811,train
P17812,train
P17813,train
P17814,train
P17815,train
P17816,train
P17817,train
P17818,train
P17819,train
P17820,train
P17821,train
P17822,train
P17823,train
P17824,train
P17825,train
P17826,train
P17827,train
P17828,train
P17829,train
P17830,train
P17831,train
P17832,train
P17833,train
P17834,train
P17835,validation
P17836,test
P17837,train
P17838,train
P17839,validation
P17840,train
P17841,validation
P17842,train
P17843,train
P17844,train
P17845,train
P17846,validation
P17847,train
P17848,test
P17849,train
P17850,train
P17851,train
P17852,train
P17853,train
P17854,train
P17855,train
P17856,test
P17857,train
P17858,validation
P17859,train
P17860,validation
P17861,train
P17862,train
P17863,train
P17864,test
P17865,train
P17866,train
P17867,train
P17868,test
P17869,train
P17870,train
P17871,train
P17872,validation
P17873,train
P17874,train
P17875,train
P17876,train
P17877,train
P17878,test
P17879,train
P17880,train
P17881,train
P17882,train
P17883,train
P17884,train
P17885,train
P17886,train
P17887,train
P17888,train
P17889,train
P17890,train
P17891,train
P17892,train
P17893,train
P17894,train
P17895,train
P17896,test
P17897,train
P17898,train
P17899,test
P17900,train
P17901,validation
P17902,test
P17903,validation
P17904,test
P17905,train
P17906,train
P17907,train
P17908,train
P17909,train
P17910,train
P17911,train
P17912,train
P17913,train
P17914,train
P17915,test
P17916,train
P17917,train
P17918,train
P17919,train
P17920,train
P17921,train
P17922,test
P17923,train
P17924,train
P17925,train
P17926,train
P17927,train
P17928,train
P17929,test
P17930,test
P17931,test
P17932,train
P17933,train
P17934,train
P17935,train
P17936,test
P17937,test
P17938,train
P17939,validation
P17940,train
P17941,train
P17942,train
P17943,test
P17944,train
P17945,validation
P17946,test
P17947,train
P17948,train
P17949,train
P17950,test
P17951,validation
P17952,train
P17953,validation
P17954,train
P17955,train
P17956,train
P17957,train
P17958,train
P17959,train
P17960,train
P17961,train
P17962,train
P17963,train
P17964,train
P17965,train
P17966,train
P17967,train
P17968,train
P17969,train
P17970,train
P17971,test
P17972,train
P17973,train
P17974,train
P17975,train
P17976,train
P17977,train
P17978,validation
P17979,train
P17980,train
P17981,train
P17982,test
P17983,test
P17984,validation
P17985,test
P17986,train
P17987,train
P17988,train
P17989,train
P17990,train
P17991,train
P17992,test
P17993,train
P17994,validation
P17995,test
P17996,train
P17997,train
P17998,train
P17999,train
P18000,train
P18001,train
P18002,train
P18003,train
P18004,train
P18005,train
P18006,test
P18007,train
P18008,train
P18009,train
P18010,train
P18011,validation
P18012,train
P18013,train
P18014,train
P18015,train
P18016,train
P18017,validation
P18018,train
P18019,validation
P18020,train
P18021,train
P18022,train
P18023,train
P18024,train
P18025,train
P18026,train
P18027,train
P18028,train
P18029,train
P18030,test
P18031,train
P18032,train
P18033,train
P18034,train
P18035,train
P18036,train
P18037,train
P18038,validation
P18039,train
P18040,test
P18041,validation
P18042,train
P18043,train
P18044,train
P18045,validation
P18046,train
P18047,validation
P18048,train
P18049,train
P18050,train
P18051,train
P18052,test
P18053,train
P18054,train
P18055,train
P18056,train
P18057,train
P18058,train
P18059,train
P18060,train
P18061,train
P18062,train
P18063,train
P18064,validation
P18065,train
P18066,train
P18067,test
P18068,train
P18069,train
P18070,train
P18071,validation
P18072,train
P18073,train
P18074,train
P18075,test
P18076,train
P18077,train
P18078,test
P18079,train
P18080,train
P18081,train
P18082,train
P18083,train
P18084,test
P18085,validation
P18086,train
P18087,train
P18088,train
P18089,train
P18090,train
P18091,train
P18092,train
P18093,train
P18094,test
P18095,train
P18096,train
P18097,train
P18098,train
P18099,train
P18100,train
P18101,train
P18102,train
P18103,train
P18104,test
P18105,train
P18106,train
P18107,validation
P18108,validation
P18109,train
P18110,train
P18111,train
P18112,train
P18113,train
P18114,test
P18115,train
P18116,train
P18117,train
P18118,train
P18119,train
P18120,train
P18121,train
P18122,test
P18123,train
P18124,train
P18125,train
P18126,validation
P18127,test
P18128,test
P18129,test
P18130,validation
P18131,train
P18132,train
P18133,train
P18134,train
P18135,train
P18136,train
P18137,train
P18138,train
P18139,train
P18140,test
P18141,validation
P18142,train
P18143,train
P18144,train
P18145,train
P18146,validation
P18147,train
P18148,train
P18149,train
P18150,train
P18151,train
P18152,train
P18153,train
P18154,validation
P18155,train
P18156,validation
P18157,test
P18158,train
P18159,train
P18160,train
P18161,train
P18162,train
P18163,train
P18164,train
P18165,train
P18166,train
P18167,train
P18168,train
P18169,train
P18170,train
P18171,train
P18172,train
P18173,train
P18174,train
P18175,test
P18176,train
P18177,train
P18178,train
P18179,train
P18180,train
P18181,train
P18182,train
P18183,train
P18184,train
P18185,train
P18186,train
P18187,train
P18188,train
P18189,train
P18190,train
P18191,train
P18192,train
P18193,train
P18194,train
P18195,test
P18196,train
P18197,train
P18198,train
P18199,train
P18200,train
P18201,train
P18202,test
P18203,test
P18204,train
P18205,train
P18206,test
P18207,train
P18208,train
P18209,test
P18210,train
P18211,train
P18212,test
P18213,train
P18214,test
P18215,validation
P18216,train
P18217,test
P18218,train
P18219,train
P18220,train
P18221,train
P18222,train
P18223,train
P18224,train
P18225,train
P18226,train
P18227,train
P18228,validation
P18229,train
P18230,validation
P18231,test
P18232,train
P18233,train
P18234,test
P18235,validation
P18236,train
P18237,train
P18238,validation
P18239,train
P18240,train
P18241,train
P18242,train
P18243,train
P18244,train
P18245,validation
P18246,test
P18247,train
P18248,train
P18249,train
P18250,train
P18251,test
P18252,test
P18253,train
P18254,train
P18255,train
P18256,train
P18257,train
P18258,train
P18259,train
P18260,train
P18261,train
P18262,train
P18263,train
P18264,train
P18265,test
P18266,train
P18267,train
P18268,test
P18269,train
P18270,test
P18271,train
P18272,train
P18273,train
P18274,validation
P18275,train
P18276,train
P18277,train
P18278,train
P18279,train
P18280,train
P18281,train
P18282,train
P18283,train
P18284,train
P18285,train
P18286,train
P18287,train
P18288,train
P18289,train
P18290,train
P18291,train
P18292,train
P18293,train
P18294,train
P18295,test
P18296,train
P18297,train
P18298,train
P18299,test
P18300,test
P18301,test
P18302,train
P18303,train
P18304,train
P18305,train
P18306,train
P18307,train
P18308,train
P18309,train
P18310,validation
P18311,train
P18312,train
P18313,validation
P18314,train
P18315,train
P18316,train
P18317,train
P18318,train
P18319,train
P18320,train
P18321,train
P18322,test
P18323,test
P18324,train
P18325,train
P18326,train
P18327,train
P18328,test
P18329,train
P18330,train
P18331,validation
P18332,train
P18333,train
P18334,train
P18335,train
P18336,train
P18337,train
P18338,train
P18339,train
P18340,train
P18341,train
P18342,train
P18343,validation
P18344,train
P18345,train
P18346,train
P18347,train
P18348,train
P18349,train
P18350,train
P18351,train
P18352,train
P18353,train
P18354,validation
P18355,train
P18356,train
P18357,train
P18358,train
P18359,train
P18360,train
P18361,train
P18362,test
P18363,train
P18364,train
P18365,validation
P18366,train
P18367,train
P18368,test
P18369,train
P18370,test
P18371,train
P18372,test
P18373,validation
P18374,train
P18375,train
P18376,train
P18377,train
P18378,train
P18379,train
P18380,train
P18381,train
P18382,train
P18383,train
P18384,train
P18385,test
P18386,train
P18387,train
P18388,train
P18389,train
P18390,train
P18391,train
P18392,validation
P18393,train
P18394,train
P18395,train
P18396,train
P18397,test
P18398,train
P18399,train
P18400,validation
P18401,train
P18402,train
P18403,train
P18404,train
P18405,validation
P18406,train
P18407,train
P18408,train
P18409,test
P18410,train
P18411,train
P18412,train
P18413,train
P18414,train
P18415,train
P18416,train
P18417,train
P18418,train
P18419,train
P18420,test
P18421,train
P18422,test
P18423,train
P18424,train
P18425,train
P18426,train
P18427,train
P18428,validation
P18429,validation
P18430,train
P18431,train
P18432,train
P18433,train
P18434,train
P18435,train
P18436,train
P18437,train
P18438,validation
P18439,test
P18440,train
P18441,train
P18442,train
P18443,test
P18444,train
P18445,train
P18446,test
P18447,train
P18448,train
P18449,validation
P18450,train
P18451,validation
P18452,train
P18453,train
P18454,train
P18455,train
P18456,train
P18457,train
P18458,train
P18459,train
P18460,train
P18461,train
P18462,test
P18463,test
P18464,train
P18465,train
P18466,train
P18467,validation
P18468,train
P18469,train
P18470,train
P18471,train
P18472,train
P18473,train
P18474,train
P18475,train
P18476,train
P18477,train
P18478,train
P18479,validation
P18480,train
P18481,train
P18482,train
P18483,test
P18484,validation
P18485,train
P18486,train
P18487,train
P18488,train
P18489,train
P18490,train
P18491,train
P18492,test
P18493,train
P18494,test
P18495,train
P18496,train
P18497,train
P18498,train
P18499,train
P18500,train
P18501,test
P18502,train
P18503,train
P18504,train
P18505,train
P18506,test
P18507,validation
P18508,test
P18509,train
P18510,validation
P18511,test
P18512,train
P18513,train
P18514,train
P18515,train
P18516,train
P18517,validation
P18518,validation
P18519,train
P18520,train
P18521,train
P18522,train
P18523,train
P18524,train
P18525,train
P18526,train
P18527,train
P18528,train
P18529,validation
P18530,train
P18531,test
P18532,validation
P18533,train
P18534,train
P18535,train
P18536,train
P18537,train
P18538,test
P18539,validation
P18540,train
P18541,validation
P18542,train
P18543,train
P18544,validation
P18545,train
P18546,train
P18547,test
P18548,validation
P18549,train
P18550,train
P18551,train
P18552,train
P18553,test
P18554,train
P18555,train
P18556,train
P18557,train
P18558,train
P18559,train
P18560,train
P18561,train
P18562,train
P18563,validation
P18564,train
P18565,train
P18566,train
P18567,train
P18568,train
P18569,train
P18570,train
P18571,train
P18572,train
P18573,train
P18574,train
P18575,validation
P18576,train
P18577,validation
P18578,train
P18579,validation
P18580,train
P18581,train
P18582,train
P18583,train
P18584,train
P18585,validation
P18586,validation
P18587,train
P18588,train
P18589,train
P18590,train
P18591,train
P18592,validation
P18593,train
P18594,train
P18595,train
P18596,train
P18597,train
P18598,train
P18599,train
P18600,train
P18601,train
P18602,test
P18603,train
P18604,train
P18605,train
P18606,train
P18607,train
P18608,train
P18609,train
P18610,train
P18611,train
P18612,train
P18613,train
P18614,train
P18615,train
P18616,train
P18617,train
P18618,train
P18619,train
P18620,train
P18621,train
P18622,test
P18623,train
P18624,train
P18625,train
P18626,validation
P18627,train
P18628,train
P18629,train
P18630,validation
P18631,train
P18632,train
P18633,train
P18634,train
P18635,train
P18636,validation
P18637,train
P18638,train
P18639,train
P18640,train
P18641,train
P18642,train
P18643,train
P18644,train
P18645,train
P18646,validation
P18647,train
P18648,train
P18649,train
P18650,train
P18651,train
P18652,test
P18653,train
P18654,test
P18655,test
P18656,train
P18657,train
P18658,train
P18659,train
P18660,train
P18661,train
P18662,train
P18663,train
P18664,train
P18665,train
P18666,train
P18667,train
P18668,train
P18669,train
P18670,train
P18671,train
P18672,train
P18673,train
P18674,train
P18675,train
P18676,train
P18677,train
P18678,train
P18679,train
P18680,validation
P18681,test
P18682,train
P18683,train
P18684,train
P18685,train
P18686,train
P18687,train
P18688,train
P18689,train
P18690,train
P18691,train
P18692,train
P18693,train
P18694,validation
P18695,train
P18696,train
P18697,train
P18698,train
P18699,train
P18700,train
P18701,train
P18702,validation
P18703,train
P18704,validation
P18705,train
P18706,train
P18707,train
P18708,train
P18709,train
P18710,train
P18711,train
P18712,train
P18713,train
P18714,train
P18715,test
P18716,train
P18717,train
P18718,train
P18719,train
P18720,validation
P18721,train
P18722,test
P18723,train
P18724,train
P18725,train
P18726,train
P18727,test
P18728,test
P18729,train
P18730,test
P18731,train
P18732,train
P18733,train
P18734,train
P18735,train
P18736,test
P18737,train
P18738,train
P18739,train
P18740,train
P18741,train
P18742,train
P18743,train
P18744,train
P18745,train
P18746,train
P18747,train
P18748,train
P18749,train
P18750,train
P18751,train
P18752,train
P18753,train
P18754,test
P18755,test
P18756,train
P18757,train
P18758,test
P18759,train
P18760,validation
P18761,train
P18762,train
P18763,train
P18764,train
P18765,train
P18766,train
P18767,train
P18768,train
P18769,train
P18770,test
P18771,train
P18772,train
P18773,train
P18774,train
P18775,train
P18776,train
P18777,train
P18778,train
P18779,train
P18780,train
P18781,train
P18782,train
P18783,train
P18784,train
P18785,validation
P18786,train
P18787,train
P18788,train
P18789,validation
P18790,train
P18791,train
P18792,test
P18793,train
P18794,train
P18795,train
P18796,validation
P18797,train
P18798,validation
P18799,train
P18800,train
P18801,train
P18802,validation
P18803,train
P18804,train
P18805,train
P18806,train
P18807,validation
P18808,train
P18809,validation
P18810,train
P18811,validation
P18812,train
P18813,train
P18814,train
P18815,train
P18816,validation
P18817,train
P18818,train
P18819,train
P18820,train
P18821,train
P18822,train
P18823,train
P18824,train
P18825,train
P18826,train
P18827,train
P18828,train
P18829,train
P18830,train
P18831,train
P18832,train
P18833,validation
P18834,train
P18835,train
P18836,validation
P18837,validation
P18838,train
P18839,train
P18840,train
P18841,train
P18842,train
P18843,validation
P18844,train
P18845,train
P18846,train
P18847,train
P18848,train
P18849,test
P18850,train
P18851,validation
P18852,train
P18853,train
P18854,test
P18855,train
P18856,train
P18857,train
P18858,validation
P18859,train
P18860,train
P18861,train
P18862,train
P18863,validation
P18864,train
P18865,train
P18866,train
P18867,train
P18868,train
P18869,train
P18870,train
P18871,train
P18872,train
P18873,train
P18874,train
P18875,train
P18876,train
P18877,train
P18878,train
P18879,train
P18880,train
P18881,train
P18882,train
P18883,test
P18884,train
P18885,train
P18886,train
P18887,train
P18888,validation
P18889,train
P18890,test
P18891,train
P18892,train
P18893,train
P18894,train
P18895,train
P18896,train
P18897,train
P18898,train
P18899,train
P18900,test
P18901,train
P18902,train
P18903,validation
P18904,train
P18905,train
P18906,train
P18907,train
P18908,train
P18909,train
P18910,validation
P18911,train
P18912,train
P18913,train
P18914,train
P18915,train
P18916,train
P18917,train
P18918,train
P18919,validation
P18920,train
P18921,train
P18922,train
P18923,test
P18924,train
P18925,train
P18926,train
P18927,test
P18928,train
P18929,train
P18930,train
P18931,train
P18932,train
P18933,train
P18934,train
P18935,test
P18936,train
P18937,train
P18938,train
P18939,train
P18940,train
P18941,train
P18942,train
P18943,train
P18944,train
P18945,train
P18946,train
P18947,train
P18948,train
P18949,test
P18950,train
P18951,train
P18952,test
P18953,train
P18954,train
P18955,validation
P18956,train
P18957,train
P18958,train
P18959,train
P18960,train
P18961,test
P18962,train
P18963,train
P18964,train
P18965,train
P18966,train
P18967,train
P18968,train
P18969,train
P18970,validation
P18971,test
P18972,train
P18973,train
P18974,test
P18975,train
P18976,train
P18977,train
P18978,train
P18979,train
P18980,train
P18981,train
P18982,train
P18983,train
P18984,train
P18985,train
P18986,train
P18987,train
P18988,train
P18989,train
P18990,train
P18991,train
P18992,validation
P18993,train
P18994,train
P18995,train
P18996,train
P18997,test
P18998,train
P18999,test
P19000,train
P19001,train
P19002,train
P19003,train
P19004,train
P19005,train
P19006,train
P19007,train
P19008,train
P19009,train
P19010,train
P19011,validation
P19012,train
P19013,train
P19014,train
P19015,train
P19016,validation
P19017,train
P19018,train
P19019,train
P19020,validation
P19021,test
P19022,test
P19023,train
P19024,train
P19025,validation
P19026,validation
P19027,train
P19028,train
P19029,train
P19030,train
P19031,train
P19032,train
P19033,train
P19034,train
P19035,validation
P19036,train
P19037,train
P19038,train
P19039,train
P19040,train
P19041,test
P19042,train
P19043,train
P19044,train
P19045,train
P19046,train
P19047,train
P19048,train
P19049,train
P19050,train
P19051,train
P19052,train
P19053,train
P19054,train
P19055,train
P19056,train
P19057,train
P19058,train
P19059,test
P19060,train
P19061,train
P19062,train
P19063,train
P19064,train
P19065,validation
P19066,train
P19067,train
P19068,train
P19069,train
P19070,test
P19071,train
P19072,test
P19073,train
P19074,train
P19075,train
P19076,train
P19077,train
P19078,train
P19079,train
P19080,test
P19081,train
P19082,validation
P19083,train
P19084,test
P19085,train
P19086,train
P19087,train
P19088,train
P19089,train
P19090,train
P19091,train
P19092,train
P19093,train
P19094,train
P19095,train
P19096,train
P19097,train
P19098,train
P19099,train
P19100,train
P19101,train
P19102,train
P19103,train
P19104,test
P19105,train
P19106,train
P19107,train
P19108,train
P19109,test
P19110,test
P19111,validation
P19112,train
P19113,train
P19114,validation
P19115,train
P19116,train
P19117,train
P19118,train
P19119,train
P19120,train
P19121,train
P19122,train
P19123,test
P19124,train
P19125,train
P19126,train
P19127,validation
P19128,train
P19129,train
P19130,train
P19131,train
P19132,train
P19133,train
P19134,test
P19135,train
P19136,train
P19137,train
P19138,train
P19139,train
P19140,train
P19141,train
P19142,train
P19143,train
P19144,train
P19145,validation
P19146,validation
P19147,train
P19148,train
P19149,train
P19150,train
P19151,train
P19152,train
P19153,train
P19154,train
P19155,test
P19156,validation
P19157,train
P19158,validation
P19159,train
P19160,validation
P19161,train
P19162,train
P19163,train
P19164,train
P19165,train
P19166,validation
P19167,train
P19168,validation
P19169,test
P19170,test
P19171,train
P19172,train
P19173,train
P19174,train
P19175,train
P19176,train
P19177,test
P19178,train
P19179,train
P19180,train
P19181,train
P19182,train
P19183,validation
P19184,train
P19185,train
P19186,train
P19187,train
P19188,train
P19189,train
P19190,train
P19191,train
P19192,train
P19193,train
P19194,test
P19195,test
P19196,test
P19197,train
P19198,validation
P19199,train
P19200,train
P19201,train
P19202,train
P19203,train
P19204,train
P19205,train
P19206,train
P19207,train
P19208,train
P19209,train
P19210,train
P19211,train
P19212,train
P19213,test
P19214,train
P19215,train
P19216,train
P19217,train
P19218,train
P19219,train
P19220,train
P19221,train
P19222,train
P19223,train
P19224,train
P19225,validation
P19226,train
P19227,train
P19228,test
P19229,train
P19230,train
P19231,train
P19232,train
P19233,train
P19234,validation
P19235,train
P19236,validation
P19237,train
P19238,test
P19239,train
P19240,train
P19241,train
P19242,train
P19243,train
P19244,train
P19245,train
P19246,train
P19247,train
P19248,train
P19249,train
P19250,train
P19251,train
P19252,train
P19253,train
P19254,train
P19255,train
P19256,validation
P19257,train
P19258,train
P19259,validation
P19260,train
P19261,train
P19262,train
P19263,train
P19264,train
P19265,train
P19266,train
P19267,train
P19268,test
P19269,validation
P19270,train
P19271,train
P19272,train
P19273,train
P19274,train
P19275,train
P19276,train
P19277,train
P19278,train
P19279,train
P19280,train
P19281,test
P19282,train
P19283,train
P19284,train
P19285,test
P19286,train
P19287,train
P19288,test
P19289,train
P19290,train
P19291,train
P19292,train
P19293,train
P19294,train
P19295,train
P19296,train
P19297,train
P19298,train
P19299,train
P19300,train
P19301,train
P19302,train
P19303,train
P19304,train
P19305,train
P19306,train
P19307,train
P19308,train
P19309,train
P19310,validation
P19311,train
P19312,train
P19313,train
P19314,train
P19315,train
P19316,test
P19317,train
P19318,train
P19319,train
P19320,validation
P19321,train
P19322,validation
P19323,train
P19324,train
P19325,train
P19326,train
P19327,train
P19328,train
P19329,train
P19330,train
P19331,train
P19332,train
P19333,test
P19334,train
P19335,train
P19336,train
P19337,train
P19338,train
P19339,validation
P19340,train
P19341,train
P19342,train
P19343,test
P19344,train
P19345,train
P19346,validation
P19347,train
P19348,train
P19349,train
P19350,train
P19351,train
P19352,train
P19353,train
P19354,train
P19355,train
P19356,train
P19357,validation
P19358,train
P19359,train
P19360,validation
P19361,train
P19362,test
P19363,train
P19364,train
P19365,train
P19366,train
P19367,validation
P19368,train
P19369,test
P19370,train
P19371,train
P19372,test
P19373,test
P19374,train
P19375,train
P19376,train
P19377,train
P19378,validation
P19379,train
P19380,test
P19381,train
P19382,train
P19383,train
P19384,train
P19385,train
P19386,train
P19387,test
P19388,train
P19389,train
P19390,train
P19391,train
P19392,train
P19393,train
P19394,train
P19395,train
P19396,train
P19397,train
P19398,train
P19399,validation
P19400,train
P19401,train
P19402,train
P19403,train
P19404,train
P19405,train
P19406,train
P19407,train
P19408,train
P19409,train
P19410,test
P19411,test
P19412,train
P19413,train
P19414,train
P19415,train
P19416,validation
P19417,test
P19418,train
P19419,train
P19420,train
P19421,validation
P19422,train
P19423,test
P19424,train
P19425,train
P19426,train
P19427,train
P19428,train
P19429,train
P19430,train
P19431,test
P19432,train
P19433,train
P19434,train
P19435,train
P19436,train
P19437,train
P19438,train
P19439,validation
P19440,test
P19441,test
P19442,train
P19443,train
P19444,train
P19445,train
P19446,train
P19447,train
P19448,train
P19449,train
P19450,train
P19451,train
P19452,train
P19453,train
P19454,train
P19455,train
P19456,train
P19457,train
P19458,validation
P19459,train
P19460,train
P19461,test
P19462,train
P19463,train
P19464,validation
P19465,train
P19466,train
P19467,test
P19468,validation
P19469,train
P19470,train
P19471,train
P19472,train
P19473,train
P19474,validation
P19475,train
P19476,train
P19477,train
P19478,train
P19479,validation
P19480,train
P19481,train
P19482,test
P19483,train
P19484,train
P19485,train
P19486,train
P19487,train
P19488,train
P19489,train
P19490,train
P19491,train
P19492,test
P19493,train
P19494,train
P19495,test
P19496,train
P19497,test
P19498,train
P19499,train
P19500,train
P19501,train
P19502,train
P19503,train
P19504,train
P19505,validation
P19506,train
P19507,train
P19508,train
P19509,train
P19510,train
P19511,validation
P19512,train
P19513,train
P19514,validation
P19515,validation
P19516,train
P19517,train
P19518,validation
P19519,train
P19520,train
P19521,train
P19522,validation
P19523,train
P19524,validation
P19525,train
P19526,test
P19527,train
P19528,test
P19529,train
P19530,test
P19531,test
P19532,test
P19533,train
P19534,train
P19535,train
P19536,train
P19537,train
P19538,train
P19539,train
P19540,train
P19541,train
P19542,train
P19543,train
P19544,train
P19545,validation
P19546,train
P19547,train
P19548,train
P19549,train
P19550,validation
P19551,train
P19552,train
P19553,train
P19554,train
P19555,train
P19556,train
P19557,train
P19558,test
P19559,train
P19560,train
P19561,train
P19562,train
P19563,test
P19564,validation
P19565,train
P19566,train
P19567,train
P19568,validation
P19569,train
P19570,test
P19571,train
P19572,train
P19573,train
P19574,train
P19575,train
P19576,test
P19577,test
P19578,train
P19579,train
P19580,train
P19581,train
P19582,train
P19583,train
P19584,train
P19585,train
P19586,train
P19587,train
P19588,validation
P19589,train
P19590,train
P19591,train
P19592,train
P19593,train
P19594,train
P19595,train
P19596,train
P19597,train
P19598,validation
P19599,test
P19600,test
P19601,train
P19602,train
P19603,train
P19604,train
P19605,validation
P19606,validation
P19607,validation
P19608,train
P19609,test
P19610,train
P19611,train
P19612,train
P19613,validation
P19614,train
P19615,train
P19616,train
P19617,train
P19618,train
P19619,train
P19620,train
P19621,train
P19622,train
P19623,train
P19624,test
P19625,train
P19626,train
P19627,train
P19628,train
P19629,train
P19630,train
P19631,train
P19632,train
P19633,train
P19634,train
P19635,train
P19636,train
P19637,validation
P19638,train
P19639,test
P19640,train
P19641,train
P19642,test
P19643,train
P19644,train
P19645,train
P19646,train
P19647,train
P19648,validation
P19649,train
P19650,train
P19651,train
P19652,train
P19653,train
P19654,train
P19655,train
P19656,train
P19657,train
P19658,train
P19659,test
P19660,train
P19661,train
P19662,train
P19663,train
P19664,validation
P19665,train
P19666,train
P19667,train
P19668,train
P19669,train
P19670,train
P19671,train
P19672,train
P19673,train
P19674,train
P19675,train
P19676,train
P19677,train
P19678,train
P19679,train
P19680,validation
P19681,train
P19682,train
P19683,test
P19684,train
P19685,train
P19686,train
P19687,train
P19688,train
P19689,validation
P19690,validation
P19691,validation
P19692,validation
P19693,test
P19694,train
P19695,train
P19696,train
P19697,train
P19698,test
P19699,train
P19700,train
P19701,train
P19702,train
P19703,train
P19704,validation
P19705,train
P19706,train
P19707,train
P19708,train
P19709,train
P19710,train
P19711,train
P19712,train
P19713,train
P19714,train
P19715,train
P19716,train
P19717,test
P19718,train
P19719,train
P19720,train
P19721,validation
P19722,train
P19723,train
P19724,train
P19725,test
P19726,train
P19727,train
P19728,test
P19729,test
P19730,test
P19731,test
P19732,train
P19733,train
P19734,train
P19735,train
P19736,train
P19737,validation
P19738,train
P19739,train
P19740,train
P19741,train
P19742,train
P19743,train
P19744,train
P19745,validation
P19746,validation
P19747,train
P19748,test
P19749,train
P19750,train
P19751,train
P19752,train
P19753,test
P19754,train
P19755,train
P19756,train
P19757,train
P19758,train
P19759,train
P19760,validation
P19761,train
P19762,train
P19763,train
P19764,train
P19765,train
P19766,validation
P19767,train
P19768,train
P19769,validation
P19770,test
P19771,validation
P19772,train
P19773,train
P19774,train
P19775,train
P19776,train
P19777,train
P19778,train
P19779,train
P19780,train
P19781,train
P19782,train
P19783,train
P19784,validation
P19785,train
P19786,train
P19787,train
P19788,train
P19789,train
P19790,train
P19791,train
P19792,train
P19793,train
P19794,train
P19795,train
P19796,train
P19797,train
P19798,train
P19799,validation
P19800,train
P19801,train
P19802,train
P19803,train
P19804,train
P19805,train
P19806,validation
P19807,test
P19808,train
P19809,train
P19810,test
P19811,test
P19812,validation
P19813,test
P19814,test
P19815,train
P19816,validation
P19817,validation
P19818,train
P19819,validation
P19820,train
P19821,train
P19822,test
P19823,train
P19824,train
P19825,test
P19826,test
P19827,train
P19828,train
P19829,train
P19830,train
P19831,test
P19832,train
P19833,train
P19834,test
P19835,train
P19836,train
P19837,train
P19838,train
P19839,train
P19840,train
P19841,train
P19842,train
P19843,train
P19844,test
P19845,train
P19846,train
P19847,train
P19848,train
P19849,validation
P19850,train
P19851,test
P19852,train
P19853,train
P19854,train
P19855,train
P19856,train
P19857,train
P19858,train
P19859,train
P19860,train
P19861,train
P19862,train
P19863,train
P19864,train
P19865,train
P19866,train
P19867,train
P19868,train
P19869,train
P19870,train
P19871,train
P19872,train
P19873,train
P19874,train
P19875,train
P19876,train
P19877,train
P19878,train
P19879,train
P19880,train
P19881,train
P19882,train
P19883,train
P19884,test
P19885,train
P19886,train
P19887,train
P19888,train
P19889,train
P19890,train
P19891,train
P19892,train
P19893,train
P19894,train
P19895,train
P19896,train
P19897,train
P19898,train
P19899,validation
P19900,train
P19901,train
P19902,train
P19903,validation
P19904,validation
P19905,train
P19906,train
P19907,train
P19908,train
P19909,train
P19910,test
P19911,train
P19912,train
P19913,train
P19914,validation
P19915,train
P19916,train
P19917,validation
P19918,test
P19919,train
P19920,train
P19921,train
P19922,test
P19923,train
P19924,train
P19925,train
P19926,train
P19927,train
P19928,validation
P19929,train
P19930,train
P19931,train
P19932,train
P19933,train
P19934,train
P19935,train
P19936,train
P19937,train
P19938,validation
P19939,train
P19940,train
P19941,train
P19942,test
P19943,validation
P19944,validation
P19945,train
P19946,train
P19947,train
P19948,train
P19949,test
P19950,train
P19951,train
P19952,train
P19953,train
P19954,test
P19955,train
P19956,train
P19957,train
P19958,train
P19959,train
P19960,train
P19961,train
P19962,train
P19963,train
P19964,train
P19965,test
P19966,train
P19967,test
P19968,train
P19969,test
P19970,validation
P19971,train
P19972,train
P19973,train
P19974,train
P19975,train
P19976,train
P19977,test
P19978,train
P19979,train
P19980,validation
P19981,train
P19982,validation
P19983,train
P19984,validation
P19985,train
P19986,train
P19987,train
P19988,train
P19989,train
P19990,validation
P19991,validation
P19992,train
P19993,test
P19994,train
P19995,train
P19996,train
P19997,train
P19998,test
P19999,train
P20000,train
P20001,test
P20002,train
P20003,train
P20004,train
P20005,train
P20006,train
P20007,train
P20008,train
P20009,train
P20010,test
P20011,train
P20012,validation
P20013,train
P20014,train
P20015,validation
P20016,test
P20017,validation
P20018,train
P20019,train
P20020,train
P20021,train
P20022,train
P20023,train
P20024,validation
P20025,train
P20026,test
P20027,validation
P20028,train
P20029,train
P20030,train
P20031,train
P20032,train
P20033,train
P20034,validation
P20035,validation
P20036,train
P20037,train
P20038,validation
P20039,train
P20040,train
P20041,train
P20042,train
P20043,train
P20044,train
P20045,train
P20046,train
P20047,train
P20048,train
P20049,test
P20050,train
P20051,train
P20052,validation
P20053,train
P20054,train
P20055,train
P20056,train
P20057,train
P20058,train
P20059,train
P20060,train
P20061,test
P20062,train
P20063,train
P20064,train
P20065,test
P20066,train
P20067,train
P20068,train
P20069,train
P20070,train
P20071,train
P20072,train
P20073,train
P20074,validation
P20075,train
P20076,train
P20077,train
P20078,train
P20079,train
P20080,train
P20081,train
P20082,train
P20083,train
P20084,train
P20085,train
P20086,train
P20087,train
P20088,train
P20089,train
P20090,train
P20091,train
P20092,train
P20093,train
P20094,train
P20095,train
P20096,train
P20097,test
P20098,test
P20099,train
P20100,train
P20101,train
P20102,train
P20103,train
P20104,train
P20105,train
P20106,train
P20107,train
P20108,train
P20109,test
P20110,train
P20111,train
P20112,train
P20113,train
P20114,train
P20115,test
P20116,test
P20117,test
P20118,train
P20119,validation
P20120,validation
P20121,train
P20122,train
P20123,train
P20124,train
P20125,test
P20126,train
P20127,validation
P20128,train
P20129,train
P20130,train
P20131,train
P20132,train
P20133,train
P20134,train
P20135,train
P20136,train
P20137,train
P20138,train
P20139,train
P20140,train
P20141,train
P20142,train
P20143,train
P20144,train
P20145,validation
P20146,train
P20147,train
P20148,train
P20149,train
P20150,test
P20151,train
P20152,train
P20153,test
P20154,train
P20155,validation
P20156,train
P20157,train
P20158,test
P20159,train
P20160,validation
P20161,train
P20162,train
P20163,train
P20164,train
P20165,train
P20166,train
P20167,train
P20168,train
P20169,train
P20170,train
P20171,train
P20172,train
P20173,train
P20174,train
P20175,train
P20176,train
P20177,train
P20178,train
P20179,train
P20180,test
P20181,train
P20182,train
P20183,train
P20184,train
P20185,train
P20186,train
P20187,train
P20188,train
P20189,train
P20190,train
P20191,train
P20192,validation
P20193,test
P20194,train
P20195,validation
P20196,train
P20197,train
P20198,train
P20199,train
P20200,train
P20201,train
P20202,train
P20203,validation
P20204,train
P20205,train
P20206,train
P20207,train
P20208,train
P20209,train
P20210,validation
P20211,validation
P20212,train
P20213,train
P20214,validation
P20215,train
P20216,train
P20217,train
P20218,train
P20219,validation
P20220,validation
P20221,train
P20222,train
P20223,train
P20224,train
P20225,train
P20226,train
P20227,train
P20228,train
P20229,validation
P20230,train
P20231,train
P20232,train
P20233,test
P20234,test
P20235,validation
P20236,test
P20237,test
P20238,train
P20239,test
P20240,train
P20241,train
P20242,test
P20243,train
P20244,train
P20245,validation
P20246,train
P20247,train
P20248,train
P20249,train
P20250,train
P20251,train
P20252,train
P20253,train
P20254,train
P20255,train
P20256,train
P20257,train
P20258,validation
P20259,train
P20260,train
P20261,train
P20262,train
P20263,test
P20264,train
P20265,train
P20266,train
P20267,test
P20268,train
P20269,train
P20270,train
P20271,train
P20272,train
P20273,train
P20274,train
P20275,train
P20276,train
P20277,test
P20278,train
P20279,train
P20280,validation
P20281,train
P20282,test
P20283,validation
P20284,train
P20285,train
P20286,train
P20287,train
P20288,train
P20289,train
P20290,train
P20291,train
P20292,test
P20293,train
P20294,train
P20295,train
P20296,train
P20297,train
P20298,train
P20299,train
P20300,train
P20301,train
P20302,train
P20303,test
P20304,train
P20305,train
P20306,train
P20307,train
P20308,train
P20309,train
P20310,test
P20311,train
P20312,train
P20313,test
P20314,train
P20315,train
P20316,train
P20317,train
P20318,test
P20319,train
P20320,train
P20321,test
P20322,train
P20323,train
P20324,train
P20325,train
P20326,train
P20327,train
P20328,train
P20329,train
P20330,train
P20331,train
P20332,train
P20333,test
P20334,validation
P20335,train
P20336,train
P20337,test
P20338,train
P20339,validation
P20340,train
P20341,train
P20342,train
P20343,train
P20344,train
P20345,train
P20346,validation
P20347,train
P20348,test
P20349,train
P20350,train
P20351,train
P20352,train
P20353,train
P20354,train
P20355,train
P20356,validation
P20357,test
P20358,validation
P20359,train
P20360,validation
P20361,train
P20362,train
P20363,train
P20364,test
P20365,train
P20366,train
P20367,test
P20368,train
P20369,train
P20370,test
P20371,train
P20372,train
P20373,train
P20374,train
P20375,train
P20376,validation
P20377,train
P20378,test
P20379,train
P20380,validation
P20381,train
P20382,train
P20383,train
P20384,train
P20385,train
P20386,train
P20387,train
P20388,train
P20389,train
P20390,train
P20391,train
P20392,train
P20393,train
P20394,validation
P20395,validation
P20396,train
P20397,train
P20398,train
P20399,train
P20400,train
P20401,train
P20402,train
P20403,test
P20404,train
P20405,validation
P20406,test
P20407,train
P20408,train
P20409,validation
P20410,train
P20411,train
P20412,train
P20413,train
P20414,train
P20415,train
P20416,train
P20417,train
P20418,train
P20419,train
P20420,train
P20421,train
P20422,train
P20423,validation
P20424,validation
P20425,train
P20426,train
P20427,train
P20428,test
P20429,train
P20430,train
P20431,test
P20432,train
P20433,train
P20434,validation
P20435,train
P20436,train
P20437,train
P20438,train
P20439,train
P20440,train
P20441,train
P20442,test
P20443,train
P20444,train
P20445,train
P20446,train
P20447,train
P20448,train
P20449,train
P20450,train
P20451,train
P20452,train
P20453,train
P20454,train
P20455,train
P20456,validation
P20457,train
P20458,test
P20459,train
P20460,train
P20461,train
P20462,train
P20463,train
P20464,validation
P20465,train
P20466,train
P20467,train
P20468,train
P20469,train
P20470,train
P20471,train
P20472,train
P20473,train
P20474,train
P20475,train
P20476,train
P20477,train
P20478,train
P20479,train
P20480,test
P20481,train
P20482,train
P20483,validation
P20484,train
P20485,train
P20486,train
P20487,train
P20488,train
P20489,validation
P20490,test
P20491,train
P20492,train
P20493,validation
P20494,train
P20495,train
P20496,train
P20497,validation
P20498,train
P20499,train
P20500,train
P20501,train
P20502,train
P20503,train
P20504,train
P20505,train
P20506,train
P20507,test
P20508,train
P20509,train
P20510,train
P20511,train
P20512,train
P20513,train
P20514,train
P20515,train
P20516,train
P20517,validation
P20518,train
P20519,test
P20520,train
P20521,train
P20522,train
P20523,train
P20524,train
P20525,train
P20526,train
P20527,test
P20528,train
P20529,test
P20530,test
P20531,train
P20532,train
P20533,train
P20534,train
P20535,train
P20536,train
P20537,train
P20538,train
P20539,test
P20540,test
P20541,test
P20542,train
P20543,train
P20544,train
P20545,train
P20546,test
P20547,validation
P20548,train
P20549,train
P20550,train
P20551,train
P20552,train
P20553,validation
P20554,train
P20555,train
P20556,train
P20557,train
P20558,train
P20559,train
P20560,train
P20561,train
P20562,train
P20563,train
P20564,train
P20565,train
P20566,validation
P20567,train
P20568,train
P20569,train
P20570,test
P20571,train
P20572,train
P20573,train
P20574,validation
P20575,train
P20576,train
P20577,validation
P20578,train
P20579,test
P20580,train
P20581,validation
P20582,train
P20583,train
P20584,train
P20585,train
P20586,train
P20587,validation
P20588,train
P20589,train
P20590,train
P20591,train
P20592,train
P20593,train
P20594,train
P20595,train
P20596,train
P20597,train
P20598,test
P20599,train
P20600,train
P20601,validation
P20602,train
P20603,train
P20604,train
P20605,train
P20606,test
P20607,train
P20608,train
P20609,test
P20610,train
P20611,train
P20612,train
P20613,train
P20614,train
P20615,validation
P20616,train
P20617,train
P20618,train
P20619,train
P20620,train
P20621,train
P20622,train
P20623,train
P20624,train
P20625,test
P20626,train
P20627,train
P20628,test
P20629,validation
P20630,train
P20631,validation
P20632,train
P20633,validation
P20634,train
P20635,train
P20636,test
P20637,train
P20638,train
P20639,test
P20640,train
P20641,train
P20642,test
P20643,train
P20644,train
P20645,validation
P20646,validation
P20647,train
P20648,train
P20649,test
P20650,train
P20651,train
P20652,train
P20653,train
P20654,train
P20655,test
P20656,test
P20657,train
P20658,train
P20659,train
P20660,train
P20661,train
P20662,train
P20663,train
P20664,train
P20665,train
P20666,train
P20667,validation
P20668,train
P20669,test
P20670,train
P20671,test
P20672,test
P20673,train
P20674,train
P20675,train
P20676,train
P20677,train
P20678,train
P20679,train
P20680,validation
P20681,train
P20682,train
P20683,train
P20684,train
P20685,train
P20686,train
P20687,train
P20688,train
P20689,test
P20690,train
P20691,train
P20692,validation
P20693,train
P20694,train
P20695,train
P20696,train
P20697,train
P20698,test
P20699,train
P20700,train
P20701,train
P20702,train
P20703,train
P20704,test
P20705,train
P20706,train
P20707,train
P20708,train
P20709,train
P20710,train
P20711,train
P20712,train
P20713,test
P20714,test
P20715,train
P20716,train
P20717,test
P20718,train
P20719,train
P20720,train
P20721,train
P20722,train
P20723,train
P20724,train
P20725,train
P20726,train
P20727,test
P20728,train
P20729,train
P20730,train
P20731,train
P20732,train
P20733,train
P20734,train
P20735,validation
P20736,train
P20737,train
P20738,validation
P20739,train
P20740,train
P20741,train
P20742,train
P20743,train
P20744,train
P20745,train
P20746,train
P20747,train
P20748,train
P20749,validation
P20750,train
P20751,test
P20752,train
P20753,train
P20754,test
P20755,train
P20756,train
P20757,train
P20758,train
P20759,validation
P20760,train
P20761,train
P20762,train
P20763,train
P20764,train
P20765,validation
P20766,train
P20767,train
P20768,train
P20769,train
P20770,train
P20771,train
P20772,train
P20773,train
P20774,train
P20775,train
P20776,train
P20777,train
P20778,train
P20779,train
P20780,train
P20781,train
P20782,train
P20783,validation
P20784,train
P20785,train
P20786,test
P20787,test
P20788,train
P20789,train
P20790,train
P20791,test
P20792,train
P20793,train
P20794,train
P20795,test
P20796,train
P20797,train
P20798,train
P20799,test
P20800,train
P20801,test
P20802,train
P20803,train
P20804,train
P20805,train
P20806,test
P20807,train
P20808,train
P20809,validation
P20810,train
P20811,train
P20812,train
P20813,train
P20814,train
P20815,validation
P20816,train
P20817,train
P20818,train
P20819,train
P20820,train
P20821,train
P20822,train
P20823,train
P20824,train
P20825,train
P20826,train
P20827,train
P20828,validation
P20829,train
P20830,train
P20831,train
P20832,train
P20833,train
P20834,train
P20835,train
P20836,test
P20837,train
P20838,train
P20839,train
P20840,test
P20841,train
P20842,train
P20843,train
P20844,train
P20845,test
P20846,train
P20847,train
P20848,validation
P20849,validation
P20850,train
P20851,validation
P20852,train
P20853,validation
P20854,train
P20855,train
P20856,train
P20857,train
P20858,train
P20859,test
P20860,train
P20861,train
P20862,train
P20863,train
P20864,train
P20865,validation
P20866,train
P20867,train
P20868,train
P20869,train
P20870,validation
P20871,train
P20872,train
P20873,train
P20874,train
P20875,train
P20876,validation
P20877,train
P20878,train
P20879,train
P20880,train
P20881,train
P20882,train
P20883,train
P20884,train
P20885,train
P20886,train
P20887,train
P20888,train
P20889,train
P20890,train
P20891,validation
P20892,validation
P20893,train
P20894,train
P20895,train
P20896,train
P20897,train
P20898,train
P20899,train
P20900,train
P20901,train
P20902,train
P20903,train
P20904,validation
P20905,train
P20906,train
P20907,train
P20908,train
P20909,train
P20910,train
P20911,train
P20912,train
P20913,train
P20914,train
P20915,train
P20916,train
P20917,train
P20918,train
P20919,train
P20920,train
P20921,train
P20922,train
P20923,train
P20924,train
P20925,train
P20926,train
P20927,test
P20928,train
P20929,train
P20930,train
P20931,train
P20932,train
P20933,train
P20934,train
P20935,train
P20936,train
P20937,train
P20938,test
P20939,train
P20940,validation
P20941,train
P20942,train
P20943,train
P20944,test
P20945,train
P20946,train
P20947,train
P20948,train
P20949,train
P20950,train
P20951,train
P20952,train
P20953,test
P20954,train
P20955,train
P20956,train
P20957,train
P20958,train
P20959,train
P20960,train
P20961,train
P20962,train
P20963,train
P20964,train
P20965,train
P20966,train
P20967,train
P20968,validation
P20969,train
P20970,train
P20971,train
P20972,test
P20973,test
P20974,validation
P20975,train
P20976,validation
P20977,train
P20978,test
P20979,train
P20980,test
P20981,train
P20982,validation
P20983,train
P20984,train
P20985,train
P20986,validation
P20987,test
P20988,train
P20989,train
P20990,train
P20991,validation
P20992,train
P20993,train
P20994,train
P20995,train
P20996,train
P20997,test
P20998,train
P20999,train
P21000,train
P21001,validation
P21002,train
P21003,validation
P21004,train
P21005,test
P21006,train
P21007,test
P21008,train
P21009,train
P21010,test
P21011,train
P21012,train
P21013,train
P21014,train
P21015,train
P21016,validation
P21017,validation
P21018,validation
P21019,train
P21020,test
P21021,train
P21022,train
P21023,train
P21024,train
P21025,test
P21026,train
P21027,train
P21028,train
P21029,train
P21030,train
P21031,test
P21032,train
P21033,train
P21034,train
P21035,train
P21036,train
P21037,train
P21038,validation
P21039,train
P21040,train
P21041,train
P21042,train
P21043,train
P21044,train
P21045,test
P21046,train
P21047,train
P21048,train
P21049,train
P21050,train
P21051,validation
P21052,train
P21053,validation
P21054,train
P21055,train
P21056,train
P21057,train
P21058,train
P21059,test
P21060,train
P21061,train
P21062,train
P21063,validation
P21064,train
P21065,train
P21066,train
P21067,validation
P21068,train
P21069,train
P21070,train
P21071,train
P21072,test
P21073,train
P21074,train
P21075,train
P21076,train
P21077,train
P21078,train
P21079,validation
P21080,train
P21081,train
P21082,validation
P21083,train
P21084,test
P21085,train
P21086,train
P21087,train
P21088,validation
P21089,test
P21090,train
P21091,train
P21092,train
P21093,train
P21094,train
P21095,train
P21096,train
P21097,test
P21098,train
P21099,train
P21100,train
P21101,train
P21102,train
P21103,train
P21104,validation
P21105,train
P21106,train
P21107,train
P21108,train
P21109,train
P21110,train
P21111,train
P21112,train
P21113,train
P21114,train
P21115,train
P21116,train
P21117,train
P21118,train
P21119,train
P21120,train
P21121,train
P21122,train
P21123,test
P21124,train
P21125,train
P21126,train
P21127,test
P21128,train
P21129,validation
P21130,train
P21131,train
P21132,train
P21133,train
P21134,validation
P21135,validation
P21136,train
P21137,train
P21138,train
P21139,train
P21140,train
P21141,train
P21142,train
P21143,train
P21144,train
P21145,train
P21146,train
P21147,validation
P21148,test
P21149,train
P21150,train
P21151,train
P21152,train
P21153,train
P21154,train
P21155,train
P21156,train
P21157,train
P21158,train
P21159,train
P21160,validation
P21161,train
P21162,train
P21163,train
P21164,train
P21165,train
P21166,train
P21167,train
P21168,train
P21169,train
P21170,test
P21171,validation
P21172,train
P21173,validation
P21174,train
P21175,validation
P21176,train
P21177,train
P21178,train
P21179,validation
P21180,train
P21181,train
P21182,train
P21183,train
P21184,train
P21185,train
P21186,train
P21187,train
P21188,train
P21189,validation
P21190,test
P21191,train
P21192,validation
P21193,train
P21194,train
P21195,train
P21196,train
P21197,train
P21198,train
P21199,test
P21200,train
P21201,train
P21202,train
P21203,validation
P21204,train
P21205,train
P21206,train
P21207,train
P21208,train
P21209,train
P21210,train
P21211,train
P21212,test
P21213,train
P21214,train
P21215,train
P21216,validation
P21217,train
P21218,train
P21219,train
P21220,train
P21221,train
P21222,test
P21223,train
P21224,train
P21225,train
P21226,train
P21227,test
P21228,train
P21229,test
P21230,train
P21231,train
P21232,train
P21233,train
P21234,train
P21235,train
P21236,train
P21237,train
P21238,train
P21239,train
P21240,train
P21241,train
P21242,test
P21243,train
P21244,train
P21245,train
P21246,train
P21247,train
P21248,train
P21249,train
P21250,train
P21251,train
P21252,train
P21253,train
P21254,train
P21255,train
P21256,train
P21257,train
P21258,train
P21259,train
P21260,test
P21261,train
P21262,train
P21263,train
P21264,train
P21265,train
P21266,train
P21267,train
P21268,test
P21269,train
P21270,train
P21271,train
P21272,train
P21273,train
P21274,train
P21275,test
P21276,train
P21277,train
P21278,train
P21279,train
P21280,train
P21281,test
P21282,train
P21283,train
P21284,test
P21285,validation
P21286,train
P21287,train
P21288,train
P21289,train
P21290,train
P21291,train
P21292,train
P21293,validation
P21294,test
P21295,train
P21296,validation
P21297,train
P21298,train
P21299,test
P21300,train
P21301,train
P21302,train
P21303,train
P21304,train
P21305,train
P21306,train
P21307,train
P21308,validation
P21309,test
P21310,train
P21311,train
P21312,train
P21313,train
P21314,train
P21315,train
P21316,train
P21317,train
P21318,train
P21319,train
P21320,train
P21321,train
P21322,train
P21323,train
P21324,train
P21325,train
P21326,train
P21327,validation
P21328,validation
P21329,validation
P21330,train
P21331,train
P21332,train
P21333,train
P21334,validation
P21335,validation
P21336,train
P21337,train
P21338,train
P21339,test
P21340,train
P21341,train
P21342,train
P21343,train
P21344,train
P21345,train
P21346,train
P21347,train
P21348,train
P21349,train
P21350,train
P21351,train
P21352,train
P21353,train
P21354,train
P21355,validation
P21356,train
P21357,validation
P21358,train
P21359,train
P21360,train
P21361,train
P21362,train
P21363,train
P21364,train
P21365,train
P21366,train
P21367,train
P21368,validation
P21369,validation
P21370,train
P21371,train
P21372,train
P21373,train
P21374,validation
P21375,train
P21376,train
P21377,train
P21378,train
P21379,validation
P21380,train
P21381,test
P21382,train
P21383,validation
P21384,train
P21385,train
P21386,train
P21387,train
P21388,test
P21389,train
P21390,train
P21391,train
P21392,train
P21393,train
P21394,train
P21395,train
P21396,train
P21397,train
P21398,train
P21399,train
P21400,train
P21401,train
P21402,train
P21403,train
P21404,train
P21405,train
P21406,train
P21407,validation
P21408,train
P21409,train
P21410,train
P21411,train
P21412,train
P21413,train
P21414,train
P21415,test
P21416,train
P21417,train
P21418,train
P21419,train
P21420,test
P21421,test
P21422,test
P21423,train
P21424,train
P21425,train
P21426,train
P21427,train
P21428,train
P21429,train
P21430,train
P21431,train
P21432,train
P21433,train
P21434,test
P21435,validation
P21436,train
P21437,validation
P21438,test
P21439,train
P21440,validation
P21441,train
P21442,train
P21443,test
P21444,validation
P21445,train
P21446,train
P21447,validation
P21448,train
P21449,test
P21450,train
P21451,train
P21452,validation
P21453,train
P21454,train
P21455,train
P21456,train
P21457,train
P21458,train
P21459,train
P21460,train
P21461,validation
P21462,train
P21463,train
P21464,train
P21465,test
P21466,train
P21467,train
P21468,validation
P21469,train
P21470,train
P21471,train
P21472,train
P21473,train
P21474,train
P21475,validation
P21476,train
P21477,validation
P21478,train
P21479,validation
P21480,validation
P21481,train
P21482,train
P21483,train
P21484,train
P21485,train
P21486,test
P21487,validation
P21488,train
P21489,train
P21490,train
P21491,train
P21492,test
P21493,train
P21494,train
P21495,test
P21496,train
P21497,train
P21498,train
P21499,train
P21500,train
P21501,train
P21502,validation
P21503,train
P21504,train
P21505,train
P21506,validation
P21507,train
P21508,train
P21509,train
P21510,train
P21511,train
P21512,test
P21513,train
P21514,train
P21515,train
P21516,train
P21517,train
P21518,train
P21519,train
P21520,test
P21521,test
P21522,train
P21523,train
P21524,train
P21525,train
P21526,train
P21527,train
P21528,test
P21529,train
P21530,train
P21531,train
P21532,train
P21533,train
P21534,validation
P21535,train
P21536,train
P21537,train
P21538,train
P21539,test
P21540,train
P21541,train
P21542,train
P21543,train
P21544,train
P21545,train
P21546,validation
P21547,train
P21548,validation
P21549,test
P21550,train
P21551,test
P21552,validation
P21553,train
P21554,train
P21555,train
P21556,train
P21557,train
P21558,train
P21559,train
P21560,train
P21561,train
P21562,test
P21563,train
P21564,train
P21565,train
P21566,train
P21567,train
P21568,train
P21569,train
P21570,train
P21571,train
P21572,train
P21573,validation
P21574,train
P21575,train
P21576,train
P21577,train
P21578,train
P21579,test
P21580,train
P21581,train
P21582,train
P21583,validation
P21584,train
P21585,train
P21586,train
P21587,test
P21588,validation
P21589,test
P21590,validation
P21591,train
P21592,test
P21593,train
P21594,train
P21595,train
P21596,train
P21597,validation
P21598,train
P21599,train
P21600,train
P21601,train
P21602,test
P21603,test
P21604,train
P21605,train
P21606,train
P21607,test
P21608,train
P21609,train
P21610,train
P21611,validation
P21612,train
P21613,train
P21614,test
P21615,train
P21616,train
P21617,train
P21618,train
P21619,train
P21620,train
P21621,train
P21622,train
P21623,validation
P21624,train
P21625,train
P21626,train
P21627,train
P21628,train
P21629,train
P21630,train
P21631,train
P21632,train
P21633,train
P21634,train
P21635,train
P21636,train
P21637,train
P21638,train
P21639,train
P21640,train
P21641,train
P21642,train
P21643,train
P21644,train
P21645,train
P21646,train
P21647,train
P21648,train
P21649,train
P21650,train
P21651,test
P21652,train
P21653,train
P21654,train
P21655,train
P21656,train
P21657,validation
P21658,train
P21659,train
P21660,validation
P21661,train
P21662,train
P21663,train
P21664,train
P21665,train
P21666,train
P21667,train
P21668,train
P21669,train
P21670,validation
P21671,validation
P21672,train
P21673,train
P21674,train
P21675,train
P21676,train
P21677,train
P21678,train
P21679,train
P21680,train
P21681,train
P21682,train
P21683,train
P21684,train
P21685,train
P21686,train
P21687,train
P21688,train
P21689,validation
P21690,train
P21691,train
P21692,train
P21693,validation
P21694,validation
P21695,train
P21696,test
P21697,train
P21698,train
P21699,train
P21700,validation
P21701,train
P21702,train
P21703,train
P21704,train
P21705,train
P21706,train
P21707,test
P21708,train
P21709,train
P21710,validation
P21711,validation
P21712,train
P21713,train
P21714,validation
P21715,validation
P21716,train
P21717,test
P21718,test
P21719,validation
P21720,train
P21721,train
P21722,train
P21723,train
P21724,test
P21725,train
P21726,train
P21727,train
P21728,train
P21729,train
P21730,train
P21731,train
P21732,train
P21733,test
P21734,train
P21735,validation
P21736,validation
P21737,train
P21738,train
P21739,train
P21740,train
P21741,validation
P21742,train
P21743,train
P21744,train
P21745,train
P21746,train
P21747,train
P21748,train
P21749,train
P21750,train
P21751,train
P21752,train
P21753,train
P21754,train
P21755,train
P21756,train
P21757,test
P21758,test
P21759,train
P21760,train
P21761,train
P21762,test
P21763,train
P21764,test
P21765,train
P21766,train
P21767,train
P21768,train
P21769,train
P21770,train
P21771,train
P21772,train
P21773,train
P21774,train
P21775,train
P21776,train
P21777,train
P21778,train
P21779,train
P21780,train
P21781,test
P21782,train
P21783,train
P21784,train
P21785,train
P21786,train
P21787,validation
P21788,test
P21789,train
P21790,train
P21791,train
P21792,train
P21793,train
P21794,train
P21795,train
P21796,train
P21797,validation
P21798,train
P21799,train
P21800,train
P21801,train
P21802,train
P21803,train
P21804,train
P21805,train
P21806,validation
P21807,validation
P21808,train
P21809,test
P21810,train
P21811,train
P21812,validation
P21813,train
P21814,train
P21815,train
P21816,train
P21817,test
P21818,test
P21819,train
P21820,train
P21821,train
P21822,train
P21823,train
P21824,train
P21825,train
P21826,train
P21827,test
P21828,train
P21829,train
P21830,test
P21831,train
P21832,train
P21833,train
P21834,train
P21835,train
P21836,train
P21837,train
P21838,test
P21839,train
P21840,train
P21841,train
P21842,train
P21843,train
P21844,train
P21845,test
P21846,train
P21847,train
P21848,train
P21849,train
P21850,train
P21851,train
P21852,validation
P21853,train
P21854,train
P21855,train
P21856,train
P21857,train
P21858,train
P21859,train
P21860,train
P21861,test
P21862,train
P21863,train
P21864,train
P21865,test
P21866,train
P21867,train
P21868,train
P21869,train
P21870,train
P21871,train
P21872,train
P21873,train
P21874,train
P21875,train
P21876,train
P21877,train
P21878,train
P21879,train
P21880,train
P21881,train
P21882,train
P21883,train
P21884,train
P21885,validation
P21886,train
P21887,test
P21888,train
P21889,train
P21890,train
P21891,train
P21892,train
P21893,train
P21894,train
P21895,test
P21896,train
P21897,test
P21898,train
P21899,train
P21900,validation
P21901,train
P21902,train
P21903,train
P21904,train
P21905,train
P21906,train
P21907,train
P21908,train
P21909,train
P21910,train
P21911,train
P21912,train
P21913,test
P21914,train
P21915,train
P21916,test
P21917,train
P21918,train
P21919,train
P21920,train
P21921,train
P21922,train
P21923,test
P21924,train
P21925,train
P21926,train
P21927,train
P21928,train
P21929,validation
P21930,test
P21931,train
P21932,validation
P21933,train
P21934,train
P21935,test
P21936,train
P21937,train
P21938,train
P21939,train
P21940,train
P21941,train
P21942,train
P21943,train
P21944,train
P21945,train
P21946,train
P21947,train
P21948,train
P21949,train
P21950,test
P21951,validation
P21952,train
P21953,train
P21954,train
P21955,train
P21956,train
P21957,train
P21958,train
P21959,train
P21960,train
P21961,train
P21962,train
P21963,train
P21964,train
P21965,train
P21966,train
P21967,train
P21968,train
P21969,train
P21970,train
P21971,train
P21972,validation
P21973,train
P21974,train
P21975,validation
P21976,validation
P21977,train
P21978,train
P21979,train
P21980,train
P21981,train
P21982,train
P21983,train
P21984,train
P21985,train
P21986,train
P21987,train
P21988,train
P21989,train
P21990,test
P21991,train
P21992,train
P21993,train
P21994,train
P21995,test
P21996,train
P21997,train
P21998,test
P21999,validation
P22000,train
P22001,train
P22002,train
P22003,train
P22004,train
P22005,train
P22006,test
P22007,train
P22008,train
P22009,train
P22010,validation
P22011,train
P22012,test
P22013,test
P22014,train
P22015,train
P22016,train
P22017,train
P22018,validation
P22019,train
P22020,train
P22021,train
P22022,train
P22023,train
P22024,validation
P22025,train
P22026,train
P22027,train
P22028,train
P22029,test
P22030,train
P22031,validation
P22032,train
P22033,train
P22034,train
P22035,train
P22036,train
P22037,validation
P22038,train
P22039,train
P22040,train
P22041,validation
P22042,train
P22043,train
P22044,train
P22045,train
P22046,train
P22047,validation
P22048,train
P22049,train
P22050,train
P22051,test
P22052,train
P22053,train
P22054,train
P22055,train
P22056,train
P22057,train
P22058,train
P22059,train
P22060,train
P22061,train
P22062,train
P22063,train
P22064,train
P22065,validation
P22066,train
P22067,validation
P22068,train
P22069,validation
P22070,train
P22071,train
P22072,train
P22073,train
P22074,train
P22075,train
P22076,train
P22077,train
P22078,test
P22079,test
P22080,validation
P22081,train
P22082,train
P22083,test
P22084,train
P22085,test
P22086,train
P22087,train
P22088,train
P22089,train
P22090,train
P22091,test
P22092,validation
P22093,validation
P22094,train
P22095,train
P22096,test
P22097,train
P22098,train
P22099,train
P22100,train
P22101,train
P22102,test
P22103,train
P22104,train
P22105,train
P22106,train
P22107,train
P22108,train
P22109,validation
P22110,train
P22111,train
P22112,test
P22113,test
P22114,train
P22115,train
P22116,train
P22117,train
P22118,train
P22119,validation
P22120,train
P22121,train
P22122,train
P22123,test
P22124,train
P22125,train
P22126,train
P22127,validation
P22128,train
P22129,train
P22130,train
P22131,train
P22132,train
P22133,train
P22134,train
P22135,test
P22136,train
P22137,train
P22138,train
P22139,train
P22140,train
P22141,train
P22142,train
P22143,train
P22144,train
P22145,train
P22146,train
P22147,train
P22148,train
P22149,train
P22150,train
P22151,train
P22152,train
P22153,train
P22154,train
P22155,train
P22156,train
P22157,train
P22158,train
P22159,train
P22160,test
P22161,train
P22162,train
P22163,train
P22164,train
P22165,test
P22166,train
P22167,train
P22168,train
P22169,train
P22170,train
P22171,train
P22172,train
P22173,train
P22174,train
P22175,train
P22176,train
P22177,train
P22178,train
P22179,train
P22180,validation
P22181,train
P22182,train
P22183,train
P22184,validation
P22185,test
P22186,train
P22187,test
P22188,train
P22189,validation
P22190,train
P22191,train
P22192,test
P22193,train
P22194,train
P22195,train
P22196,train
P22197,train
P22198,train
P22199,train
P22200,train
P22201,train
P22202,train
P22203,train
P22204,test
P22205,train
P22206,train
P22207,train
P22208,train
P22209,train
P22210,test
P22211,train
P22212,train
P22213,train
P22214,validation
P22215,train
P22216,train
P22217,train
P22218,train
P22219,train
P22220,train
P22221,train
P22222,train
P22223,train
P22224,train
P22225,train
P22226,train
P22227,train
P22228,train
P22229,test
P22230,train
P22231,train
P22232,train
P22233,train
P22234,train
P22235,validation
P22236,validation
P22237,train
P22238,train
P22239,train
P22240,test
P22241,train
P22242,train
P22243,validation
P22244,train
P22245,train
P22246,train
P22247,train
P22248,train
P22249,train
P22250,train
P22251,train
P22252,train
P22253,validation
P22254,train
P22255,validation
P22256,train
P22257,train
P22258,train
P22259,test
P22260,train
P22261,train
P22262,validation
P22263,train
P22264,train
P22265,train
P22266,train
P22267,test
P22268,train
P22269,train
P22270,train
P22271,train
P22272,train
P22273,train
P22274,train
P22275,train
P22276,train
P22277,train
P22278,train
P22279,train
P22280,validation
P22281,train
P22282,train
P22283,train
P22284,train
P22285,train
P22286,train
P22287,train
P22288,train
P22289,train
P22290,train
P22291,train
P22292,validation
P22293,test
P22294,train
P22295,train
P22296,train
P22297,validation
P22298,train
P22299,train
P22300,train
P22301,train
P22302,train
P22303,train
P22304,train
P22305,train
P22306,train
P22307,test
P22308,test
P22309,train
P22310,train
P22311,train
P22312,train
P22313,train
P22314,train
P22315,train
P22316,train
P22317,validation
P22318,train
P22319,train
P22320,train
P22321,train
P22322,validation
P22323,train
P22324,train
P22325,test
P22326,test
P22327,train
P22328,train
P22329,test
P22330,train
P22331,train
P22332,train
P22333,train
P22334,validation
P22335,train
P22336,train
P22337,train
P22338,train
P22339,train
P22340,train
P22341,validation
P22342,validation
P22343,train
P22344,train
P22345,train
P22346,test
P22347,train
P22348,train
P22349,validation
P22350,train
P22351,train
P22352,train
P22353,train
P22354,validation
P22355,train
P22356,train
P22357,train
P22358,train
P22359,train
P22360,train
P22361,train
P22362,train
P22363,test
P22364,test
P22365,train
P22366,train
P22367,train
P22368,train
P22369,train
P22370,train
P22371,train
P22372,train
P22373,train
P22374,validation
P22375,train
P22376,test
P22377,train
P22378,train
P22379,train
P22380,validation
P22381,train
P22382,validation
P22383,train
P22384,train
P22385,train
P22386,train
P22387,train
P22388,train
P22389,validation
P22390,validation
P22391,validation
P22392,train
P22393,validation
P22394,train
P22395,train
P22396,train
P22397,train
P22398,train
P22399,test
P22400,test
P22401,test
P22402,train
P22403,validation
P22404,train
P22405,test
P22406,train
P22407,validation
P22408,train
P22409,train
P22410,train
P22411,validation
P22412,train
P22413,train
P22414,validation
P22415,validation
P22416,test
P22417,train
P22418,train
P22419,train
P22420,test
P22421,train
P22422,validation
P22423,train
P22424,validation
P22425,validation
P22426,train
P22427,train
P22428,train
P22429,train
P22430,train
P22431,train
P22432,train
P22433,test
P22434,train
P22435,train
P22436,train
P22437,train
P22438,train
P22439,train
P22440,train
P22441,train
P22442,train
P22443,test
P22444,train
P22445,train
P22446,train
P22447,train
P22448,train
P22449,train
P22450,train
P22451,train
P22452,train
P22453,test
P22454,train
P22455,train
P22456,test
P22457,train
P22458,train
P22459,train
P22460,train
P22461,train
P22462,train
P22463,validation
P22464,train
P22465,train
P22466,test
P22467,train
P22468,train
P22469,train
P22470,train
P22471,train
P22472,train
P22473,train
P22474,train
P22475,train
P22476,train
P22477,train
P22478,train
P22479,test
P22480,validation
P22481,train
P22482,train
P22483,train
P22484,test
P22485,train
P22486,train
P22487,train
P22488,train
P22489,train
P22490,train
P22491,train
P22492,train
P22493,train
P22494,train
P22495,train
P22496,train
P22497,train
P22498,train
P22499,train
P22500,train
P22501,train
P22502,train
P22503,train
P22504,train
P22505,test
P22506,validation
P22507,train
P22508,validation
P22509,test
P22510,test
P22511,train
P22512,train
P22513,train
P22514,train
P22515,train
P22516,validation
P22517,train
P22518,train
P22519,test
P22520,test
P22521,validation
P22522,train
P22523,train
P22524,train
P22525,train
P22526,train
P22527,validation
P22528,validation
P22529,validation
P22530,train
P22531,train
P22532,train
P22533,train
P22534,train
P22535,test
P22536,train
P22537,train
P22538,train
P22539,train
P22540,train
P22541,train
P22542,train
P22543,validation
P22544,train
P22545,validation
P22546,train
P22547,train
P22548,test
P22549,validation
P22550,train
P22551,validation
P22552,train
P22553,train
P22554,train
P22555,test
P22556,train
P22557,train
P22558,validation
P22559,train
P22560,train
P22561,train
P22562,test
P22563,train
P22564,train
P22565,train
P22566,train
P22567,train
P22568,train
P22569,train
P22570,train
P22571,train
P22572,train
P22573,train
P22574,validation
P22575,train
P22576,test
P22577,train
P22578,train
P22579,train
P22580,train
P22581,validation
P22582,train
P22583,train
P22584,train
P22585,train
P22586,train
P22587,train
P22588,test
P22589,test
P22590,validation
P22591,train
P22592,train
P22593,train
P22594,train
P22595,train
P22596,train
P22597,train
P22598,test
P22599,train
P22600,train
P22601,train
P22602,validation
P22603,train
P22604,test
P22605,train
P22606,train
P22607,train
P22608,train
P22609,train
P22610,train
P22611,train
P22612,validation
P22613,train
P22614,validation
P22615,train
P22616,train
P22617,train
P22618,train
P22619,test
P22620,validation
P22621,train
P22622,train
P22623,train
P22624,train
P22625,train
P22626,train
P22627,train
P22628,train
P22629,train
P22630,train
P22631,train
P22632,test
P22633,train
P22634,train
P22635,train
P22636,train
P22637,train
P22638,train
P22639,validation
P22640,train
P22641,train
P22642,train
P22643,train
P22644,train
P22645,train
P22646,train
P22647,train
P22648,train
P22649,train
P22650,validation
P22651,train
P22652,train
P22653,test
P22654,train
P22655,train
P22656,train
P22657,test
P22658,train
P22659,train
P22660,train
P22661,train
P22662,train
P22663,train
P22664,train
P22665,train
P22666,train
P22667,train
P22668,train
P22669,validation
P22670,train
P22671,train
P22672,train
P22673,train
P22674,validation
P22675,validation
P22676,train
P22677,train
P22678,train
P22679,train
P22680,train
P22681,train
P22682,train
P22683,train
P22684,validation
P22685,train
P22686,train
P22687,train
P22688,train
P22689,train
P22690,validation
P22691,train
P22692,train
P22693,train
P22694,validation
P22695,train
P22696,train
P22697,train
P22698,train
P22699,test
P22700,train
P22701,validation
P22702,train
P22703,train
P22704,validation
P22705,train
P22706,validation
P22707,train
P22708,train
P22709,validation
P22710,train
P22711,train
P22712,train
P22713,train
P22714,train
P22715,train
P22716,train
P22717,train
P22718,train
P22719,train
P22720,train
P22721,train
P22722,train
P22723,train
P22724,train
P22725,train
P22726,train
P22727,train
P22728,train
P22729,train
P22730,validation
P22731,train
P22732,train
P22733,train
P22734,train
P22735,train
P22736,train
P22737,train
P22738,train
P22739,train
P22740,train
P22741,train
P22742,validation
P22743,train
P22744,train
P22745,train
P22746,train
P22747,train
P22748,train
P22749,train
P22750,train
P22751,train
P22752,train
P22753,train
P22754,train
P22755,train
P22756,train
P22757,validation
P22758,validation
P22759,train
P22760,train
P22761,train
P22762,train
P22763,train
P22764,train
P22765,train
P22766,train
P22767,train
P22768,train
P22769,train
P22770,train
P22771,train
P22772,train
P22773,train
P22774,train
P22775,train
P22776,train
P22777,train
P22778,train
P22779,train
P22780,train
P22781,train
P22782,train
P22783,train
P22784,train
P22785,validation
P22786,train
P22787,test
P22788,train
P22789,train
P22790,train
P22791,train
P22792,test
P22793,test
P22794,train
P22795,train
P22796,test
P22797,train
P22798,test
P22799,train
P22800,validation
P22801,train
P22802,train
P22803,train
P22804,train
P22805,train
P22806,validation
P22807,train
P22808,train
P22809,train
P22810,train
P22811,train
P22812,train
P22813,train
P22814,train
P22815,train
P22816,train
P22817,train
P22818,test
P22819,train
P22820,train
P22821,train
P22822,train
P22823,train
P22824,train
P22825,train
P22826,test
P22827,validation
P22828,train
P22829,train
P22830,train
P22831,train
P22832,validation
P22833,validation
P22834,train
P22835,train
P22836,train
P22837,train
P22838,train
P22839,train
P22840,train
P22841,train
P22842,train
P22843,validation
P22844,train
P22845,test
P22846,train
P22847,train
P22848,train
P22849,train
P22850,train
P22851,train
P22852,train
P22853,train
P22854,train
P22855,train
P22856,test
P22857,test
P22858,train
P22859,train
P22860,train
P22861,train
P22862,train
P22863,train
P22864,train
P22865,train
P22866,train
P22867,train
P22868,validation
P22869,train
P22870,train
P22871,validation
P22872,train
P22873,train
P22874,train
P22875,train
P22876,train
P22877,train
P22878,validation
P22879,validation
P22880,train
P22881,train
P22882,train
P22883,train
P22884,train
P22885,train
P22886,train
P22887,train
P22888,validation
P22889,train
P22890,train
P22891,train
P22892,train
P22893,train
P22894,train
P22895,train
P22896,train
P22897,train
P22898,train
P22899,train
P22900,train
P22901,train
P22902,train
P22903,train
P22904,train
P22905,train
P22906,train
P22907,train
P22908,train
P22909,train
P22910,test
P22911,train
P22912,train
P22913,train
P22914,train
P22915,train
P22916,test
P22917,validation
P22918,train
P22919,train
P22920,validation
P22921,validation
P22922,train
P22923,test
P22924,train
P22925,train
P22926,train
P22927,train
P22928,train
P22929,validation
P22930,train
P22931,train
P22932,train
P22933,validation
P22934,validation
P22935,train
P22936,train
P22937,train
P22938,train
P22939,train
P22940,train
P22941,train
P22942,train
P22943,train
P22944,validation
P22945,train
P22946,train
P22947,train
P22948,train
P22949,test
P22950,train
P22951,train
P22952,test
P22953,test
P22954,train
P22955,test
P22956,train
P22957,train
P22958,train
P22959,validation
P22960,test
P22961,train
P22962,train
P22963,test
P22964,train
P22965,train
P22966,train
P22967,test
P22968,train
P22969,train
P22970,train
P22971,train
P22972,train
P22973,train
P22974,train
P22975,train
P22976,train
P22977,validation
P22978,train
P22979,train
P22980,train
P22981,train
P22982,train
P22983,train
P22984,train
P22985,train
P22986,train
P22987,train
P22988,validation
P22989,train
P22990,train
P22991,train
P22992,train
P22993,train
P22994,validation
P22995,train
P22996,train
P22997,validation
P22998,train
P22999,train
P23000,test
P23001,train
P23002,train
P23003,train
P23004,train
P23005,train
P23006,train
P23007,validation
P23008,train
P23009,train
P23010,train
P23011,train
P23012,train
P23013,validation
P23014,validation
P23015,train
P23016,train
P23017,test
P23018,train
P23019,train
P23020,train
P23021,train
P23022,train
P23023,train
P23024,train
P23025,validation
P23026,validation
P23027,train
P23028,train
P23029,train
P23030,validation
P23031,test
P23032,train
P23033,train
P23034,train
P23035,train
P23036,train
P23037,test
P23038,test
P23039,train
P23040,train
P23041,test
P23042,train
P23043,validation
P23044,train
P23045,train
P23046,train
P23047,train
P23048,train
P23049,train
P23050,train
P23051,train
P23052,train
P23053,train
P23054,validation
P23055,test
P23056,train
P23057,train
P23058,train
P23059,train
P23060,train
P23061,test
P23062,train
P23063,validation
P23064,train
P23065,test
P23066,test
P23067,test
P23068,train
P23069,train
P23070,train
P23071,train
P23072,train
P23073,train
P23074,train
P23075,validation
P23076,train
P23077,train
P23078,train
P23079,train
P23080,test
P23081,test
P23082,train
P23083,train
P23084,train
P23085,train
P23086,test
P23087,train
P23088,train
P23089,train
P23090,validation
P23091,train
P23092,train
P23093,train
P23094,train
P23095,train
P23096,train
P23097,train
P23098,train
P23099,train
P23100,train
P23101,train
P23102,train
P23103,train
P23104,train
P23105,train
P23106,train
P23107,train
P23108,train
P23109,train
P23110,validation
P23111,train
P23112,train
P23113,train
P23114,train
P23115,train
P23116,train
P23117,validation
P23118,validation
P23119,train
P23120,train
P23121,train
P23122,train
P23123,train
P23124,train
P23125,train
P23126,train
P23127,validation
P23128,test
P23129,train
P23130,train
P23131,train
P23132,train
P23133,train
P23134,train
P23135,train
P23136,train
P23137,train
P23138,train
P23139,train
P23140,train
P23141,train
P23142,test
P23143,validation
P23144,train
P23145,train
P23146,test
P23147,train
P23148,train
P23149,validation
P23150,train
P23151,train
P23152,train
P23153,train
P23154,train
P23155,validation
P23156,train
P23157,train
P23158,train
P23159,train
P23160,train
P23161,validation
P23162,train
P23163,train
P23164,test
P23165,train
P23166,train
P23167,validation
P23168,test
P23169,train
P23170,test
P23171,test
P23172,train
P23173,validation
P23174,train
P23175,test
P23176,validation
P23177,train
P23178,train
P23179,train
P23180,train
P23181,train
P23182,train
P23183,train
P23184,train
P23185,train
P23186,train
P23187,train
P23188,train
P23189,train
P23190,test
P23191,train
P23192,train
P23193,train
P23194,train
P23195,test
P23196,test
P23197,train
P23198,validation
P23199,train
P23200,train
P23201,train
P23202,train
P23203,train
P23204,train
P23205,train
P23206,train
P23207,train
P23208,train
P23209,train
P23210,train
P23211,train
P23212,train
P23213,train
P23214,train
P23215,test
P23216,validation
P23217,train
P23218,train
P23219,train
P23220,train
P23221,train
P23222,train
P23223,train
P23224,test
P23225,train
P23226,train
P23227,test
P23228,train
P23229,train
P23230,test
P23231,train
P23232,validation
P23233,train
P23234,train
P23235,train
P23236,train
P23237,test
P23238,test
P23239,train
P23240,train
P23241,train
P23242,validation
P23243,train
P23244,test
P23245,train
P23246,train
P23247,train
P23248,train
P23249,validation
P23250,test
P23251,train
P23252,train
P23253,train
P23254,train
P23255,test
P23256,validation
P23257,validation
P23258,validation
P23259,train
P23260,train
P23261,validation
P23262,train
P23263,train
P23264,train
P23265,train
P23266,train
P23267,train
P23268,train
P23269,train
P23270,test
P23271,train
P23272,train
P23273,train
P23274,validation
P23275,train
P23276,train
P23277,train
P23278,train
P23279,test
P23280,train
P23281,train
P23282,train
P23283,train
P23284,train
P23285,train
P23286,train
P23287,test
P23288,test
P23289,train
P23290,train
P23291,train
P23292,train
P23293,train
P23294,train
P23295,train
P23296,train
P23297,test
P23298,train
P23299,train
P23300,train
P23301,train
P23302,train
P23303,train
P23304,test
P23305,train
P23306,train
P23307,train
P23308,train
P23309,validation
P23310,train
P23311,train
P23312,validation
P23313,train
P23314,train
P23315,train
P23316,train
P23317,train
P23318,train
P23319,train
P23320,train
P23321,validation
P23322,train
P23323,train
P23324,train
P23325,train
P23326,train
P23327,train
P23328,validation
P23329,train
P23330,validation
P23331,train
P23332,train
P23333,test
P23334,test
P23335,train
P23336,train
P23337,train
P23338,train
P23339,train
P23340,train
P23341,test
P23342,train
P23343,train
P23344,train
P23345,train
P23346,train
P23347,train
P23348,train
P23349,train
P23350,train
P23351,validation
P23352,train
P23353,train
P23354,train
P23355,train
P23356,test
P23357,test
P23358,train
P23359,train
P23360,train
P23361,train
P23362,train
P23363,train
P23364,train
P23365,train
P23366,train
P23367,validation
P23368,train
P23369,train
P23370,train
P23371,train
P23372,train
P23373,train
P23374,train
P23375,validation
P23376,train
P23377,train
P23378,train
P23379,train
P23380,test
P23381,train
P23382,train
P23383,train
P23384,train
P23385,train
P23386,train
P23387,train
P23388,train
P23389,train
P23390,train
P23391,train
P23392,validation
P23393,validation
P23394,train
P23395,train
P23396,train
P23397,train
P23398,train
P23399,train
P23400,train
P23401,train
P23402,train
P23403,train
P23404,test
P23405,train
P23406,train
P23407,train
P23408,train
P23409,train
P23410,train
P23411,train
P23412,train
P23413,test
P23414,train
P23415,test
P23416,train
P23417,test
P23418,train
P23419,test
P23420,validation
P23421,train
P23422,train
P23423,train
P23424,train
P23425,train
P23426,train
P23427,train
P23428,train
P23429,train
P23430,validation
P23431,train
P23432,train
P23433,train
P23434,train
P23435,train
P23436,train
P23437,train
P23438,train
P23439,train
P23440,validation
P23441,train
P23442,train
P23443,train
P23444,train
P23445,train
P23446,train
P23447,train
P23448,train
P23449,test
P23450,train
P23451,train
P23452,validation
P23453,validation
P23454,train
P23455,train
P23456,train
P23457,train
P23458,train
P23459,train
P23460,train
P23461,train
P23462,test
P23463,train
P23464,train
P23465,train
P23466,train
P23467,train
P23468,train
P23469,train
P23470,train
P23471,train
P23472,train
P23473,train
P23474,test
P23475,test
P23476,train
P23477,train
P23478,train
P23479,train
P23480,train
P23481,train
P23482,train
P23483,train
P23484,train
P23485,validation
P23486,train
P23487,train
P23488,train
P23489,validation
P23490,train
P23491,train
P23492,train
P23493,train
P23494,train
P23495,train
P23496,train
P23497,train
P23498,train
P23499,validation
P23500,test
P23501,train
P23502,train
P23503,train
P23504,train
P23505,train
P23506,train
P23507,train
P23508,train
P23509,train
P23510,train
P23511,train
P23512,train
P23513,train
P23514,train
P23515,train
P23516,train
P23517,train
P23518,train
P23519,test
P23520,train
P23521,train
P23522,train
P23523,train
P23524,train
P23525,train
P23526,train
P23527,test
P23528,train
P23529,train
P23530,train
P23531,train
P23532,test
P23533,train
P23534,train
P23535,train
P23536,train
P23537,train
P23538,train
P23539,train
P23540,train
P23541,train
P23542,train
P23543,train
P23544,train
P23545,validation
P23546,train
P23547,train
P23548,train
P23549,train
P23550,train
P23551,test
P23552,train
P23553,train
P23554,validation
P23555,test
P23556,validation
P23557,train
P23558,train
P23559,train
P23560,test
P23561,validation
P23562,train
P23563,train
P23564,train
P23565,train
P23566,test
P23567,train
P23568,train
P23569,train
P23570,train
P23571,train
P23572,train
P23573,train
P23574,train
P23575,test
P23576,train
P23577,train
P23578,train
P23579,train
P23580,train
P23581,train
P23582,test
P23583,train
P23584,train
P23585,train
P23586,test
P23587,train
P23588,train
P23589,test
P23590,train
P23591,train
P23592,validation
P23593,train
P23594,train
P23595,train
P23596,validation
P23597,train
P23598,train
P23599,validation
P23600,test
P23601,train
P23602,train
P23603,train
P23604,train
P23605,train
P23606,train
P23607,validation
P23608,train
P23609,train
P23610,train
P23611,train
P23612,test
P23613,test
P23614,validation
P23615,train
P23616,train
P23617,train
P23618,train
P23619,train
P23620,train
P23621,validation
P23622,train
P23623,train
P23624,validation
P23625,train
P23626,train
P23627,test
P23628,train
P23629,train
P23630,train
P23631,validation
P23632,train
P23633,train
P23634,train
P23635,train
P23636,validation
P23637,train
P23638,validation
P23639,train
P23640,train
P23641,train
P23642,train
P23643,train
P23644,validation
P23645,validation
P23646,train
P23647,train
P23648,train
P23649,train
P23650,train
P23651,train
P23652,train
P23653,train
P23654,train
P23655,test
P23656,train
P23657,train
P23658,train
P23659,train
P23660,train
P23661,train
P23662,train
P23663,train
P23664,train
P23665,train
P23666,train
P23667,train
P23668,train
P23669,validation
P23670,test
P23671,train
P23672,train
P23673,train
P23674,train
P23675,train
P23676,train
P23677,train
P23678,train
P23679,train
P23680,train
P23681,validation
P23682,train
P23683,train
P23684,train
P23685,train
P23686,train
P23687,train
P23688,test
P23689,train
P23690,train
P23691,train
P23692,train
P23693,train
P23694,train
P23695,test
P23696,train
P23697,train
P23698,validation
P23699,train
P23700,train
P23701,train
P23702,train
P23703,train
P23704,train
P23705,train
P23706,train
P23707,test
P23708,train
P23709,train
P23710,train
P23711,train
P23712,train
P23713,train
P23714,train
P23715,test
P23716,train
P23717,train
P23718,train
P23719,validation
P23720,train
P23721,train
P23722,train
P23723,validation
P23724,train
P23725,train
P23726,train
P23727,train
P23728,train
P23729,test
P23730,train
P23731,train
P23732,test
P23733,train
P23734,train
P23735,test
P23736,test
P23737,train
P23738,train
P23739,test
P23740,train
P23741,train
P23742,validation
P23743,train
P23744,test
P23745,train
P23746,train
P23747,train
P23748,train
P23749,train
P23750,train
P23751,train
P23752,train
P23753,validation
P23754,train
P23755,train
P23756,train
P23757,train
P23758,train
P23759,train
P23760,train
P23761,train
P23762,validation
P23763,train
P23764,train
P23765,train
P23766,train
P23767,test
P23768,train
P23769,validation
P23770,train
P23771,train
P23772,train
P23773,train
P23774,train
P23775,train
P23776,train
P23777,train
P23778,train
P23779,test
P23780,train
P23781,train
P23782,train
P23783,train
P23784,train
P23785,train
P23786,test
P23787,train
P23788,validation
P23789,train
P23790,train
P23791,train
P23792,train
P23793,test
P23794,train
P23795,train
P23796,train
P23797,train
P23798,train
P23799,train
P23800,train
P23801,test
P23802,train
P23803,validation
P23804,train
P23805,train
P23806,train
P23807,test
P23808,train
P23809,train
P23810,train
P23811,train
P23812,train
P23813,validation
P23814,train
P23815,train
P23816,train
P23817,train
P23818,train
P23819,train
P23820,train
P23821,train
P23822,train
P23823,train
P23824,train
P23825,train
P23826,test
P23827,train
P23828,train
P23829,train
P23830,train
P23831,train
P23832,train
P23833,train
P23834,train
P23835,train
P23836,train
P23837,test
P23838,validation
P23839,train
P23840,train
P23841,train
P23842,validation
P23843,train
P23844,train
P23845,train
P23846,train
P23847,train
P23848,validation
P23849,validation
P23850,train
P23851,train
P23852,train
P23853,test
P23854,validation
P23855,test
P23856,test
P23857,validation
P23858,train
P23859,test
P23860,test
P23861,train
P23862,train
P23863,train
P23864,train
P23865,train
P23866,train
P23867,validation
P23868,validation
P23869,train
P23870,train
P23871,train
P23872,train
P23873,train
P23874,test
P23875,test
P23876,train
P23877,train
P23878,train
P23879,train
P23880,train
P23881,train
P23882,train
P23883,train
P23884,train
P23885,train
P23886,train
P23887,train
P23888,train
P23889,train
P23890,train
P23891,train
P23892,validation
P23893,train
P23894,train
P23895,train
P23896,train
P23897,train
P23898,train
P23899,test
P23900,train
P23901,train
P23902,train
P23903,train
P23904,test
P23905,train
P23906,train
P23907,train
P23908,train
P23909,validation
P23910,train
P23911,train
P23912,train
P23913,test
P23914,train
P23915,train
P23916,train
P23917,validation
P23918,train
P23919,test
P23920,train
P23921,train
P23922,train
P23923,test
P23924,train
P23925,validation
P23926,train
P23927,train
P23928,train
P23929,train
P23930,train
P23931,train
P23932,train
P23933,train
P23934,validation
P23935,train
P23936,train
P23937,train
P23938,train
P23939,train
P23940,train
P23941,train
P23942,train
P23943,train
P23944,train
P23945,validation
P23946,validation
P23947,train
P23948,train
P23949,train
P23950,train
P23951,test
P23952,train
P23953,train
P23954,test
P23955,train
P23956,train
P23957,train
P23958,train
P23959,validation
P23960,train
P23961,train
P23962,train
P23963,train
P23964,train
P23965,train
P23966,train
P23967,test
P23968,train
P23969,train
P23970,train
P23971,validation
P23972,train
P23973,train
P23974,train
P23975,train
P23976,train
P23977,test
P23978,train
P23979,train
P23980,train
P23981,validation
P23982,validation
P23983,test
P23984,train
P23985,validation
P23986,train
P23987,train
P23988,train
P23989,train
P23990,train
P23991,train
P23992,train
P23993,train
P23994,train
P23995,train
P23996,test
P23997,test
P23998,train
P23999,train
P24000,test
P24001,train
P24002,train
P24003,train
P24004,train
P24005,validation
P24006,train
P24007,train
P24008,test
P24009,train
P24010,train
P24011,train
P24012,train
P24013,train
P24014,train
P24015,train
P24016,train
P24017,train
P24018,train
P24019,train
P24020,validation
P24021,train
P24022,train
P24023,train
P24024,validation
P24025,train
P24026,train
P24027,train
P24028,train
P24029,train
P24030,train
P24031,train
P24032,train
P24033,train
P24034,train
P24035,train
P24036,train
P24037,train
P24038,validation
P24039,train
P24040,train
P24041,train
P24042,train
P24043,train
P24044,train
P24045,train
P24046,train
P24047,train
P24048,train
P24049,validation
P24050,train
P24051,train
P24052,train
P24053,train
P24054,test
P24055,train
P24056,train
P24057,train
P24058,train
P24059,train
P24060,validation
P24061,train
P24062,test
P24063,train
P24064,train
P24065,train
P24066,train
P24067,validation
P24068,validation
P24069,train
P24070,train
P24071,train
P24072,train
P24073,train
P24074,train
P24075,train
P24076,train
P24077,train
P24078,train
P24079,train
P24080,train
P24081,train
P24082,train
P24083,train
P24084,train
P24085,test
P24086,train
P24087,train
P24088,test
P24089,train
P24090,train
P24091,train
P24092,train
P24093,train
P24094,train
P24095,train
P24096,train
P24097,train
P24098,train
P24099,train
P24100,validation
P24101,train
P24102,train
P24103,test
P24104,train
P24105,train
P24106,train
P24107,train
P24108,train
P24109,train
P24110,train
P24111,train
P24112,test
P24113,train
P24114,train
P24115,train
P24116,validation
P24117,train
P24118,train
P24119,train
P24120,train
P24121,train
P24122,test
P24123,test
P24124,validation
P24125,train
P24126,validation
P24127,train
P24128,train
P24129,train
P24130,validation
P24131,train
P24132,test
P24133,train
P24134,train
P24135,test
P24136,validation
P24137,train
P24138,train
P24139,train
P24140,train
P24141,train
P24142,train
P24143,train
P24144,train
P24145,train
P24146,train
P24147,train
P24148,train
P24149,validation
P24150,train
P24151,test
P24152,train
P24153,train
P24154,train
P24155,test
P24156,train
P24157,train
P24158,train
P24159,test
P24160,train
P24161,train
P24162,train
P24163,train
P24164,train
P24165,train
P24166,train
P24167,train
P24168,test
P24169,train
P24170,train
P24171,train
P24172,validation
P24173,train
P24174,test
P24175,train
P24176,test
P24177,train
P24178,train
P24179,train
P24180,train
P24181,train
P24182,train
P24183,train
P24184,train
P24185,train
P24186,train
P24187,train
P24188,train
P24189,train
P24190,train
P24191,train
P24192,train
P24193,train
P24194,train
P24195,train
P24196,train
P24197,train
P24198,train
P24199,train
P24200,train
P24201,train
P24202,train
P24203,train
P24204,test
P24205,train
P24206,train
P24207,validation
P24208,train
P24209,train
P24210,validation
P24211,test
P24212,train
P24213,train
P24214,train
P24215,train
P24216,validation
P24217,validation
P24218,test
P24219,train
P24220,train
P24221,train
P24222,train
P24223,train
P24224,train
P24225,train
P24226,validation
P24227,train
P24228,train
P24229,train
P24230,train
P24231,train
P24232,validation
P24233,train
P24234,train
P24235,validation
P24236,train
P24237,test
P24238,train
P24239,train
P24240,test
P24241,train
P24242,train
P24243,train
P24244,validation
P24245,train
P24246,train
P24247,train
P24248,validation
P24249,train
P24250,validation
P24251,validation
P24252,validation
P24253,validation
P24254,train
P24255,test
P24256,train
P24257,train
P24258,train
P24259,train
P24260,test
P24261,validation
P24262,validation
P24263,train
P24264,test
P24265,train
P24266,train
P24267,test
P24268,train
P24269,train
P24270,validation
P24271,train
P24272,train
P24273,train
P24274,train
P24275,train
P24276,validation
P24277,validation
P24278,train
P24279,train
P24280,train
P24281,train
P24282,train
P24283,validation
P24284,train
P24285,train
P24286,train
P24287,train
P24288,train
P24289,train
P24290,train
P24291,train
P24292,train
P24293,train
P24294,train
P24295,validation
P24296,train
P24297,train
P24298,validation
P24299,validation
P24300,train
P24301,train
P24302,train
P24303,train
P24304,train
P24305,train
P24306,train
P24307,train
P24308,train
P24309,test
P24310,train
P24311,validation
P24312,validation
P24313,train
P24314,train
P24315,train
P24316,train
P24317,train
P24318,train
P24319,train
P24320,train
P24321,train
P24322,validation
P24323,train
P24324,train
P24325,train
P24326,train
P24327,train
P24328,train
P24329,train
P24330,train
P24331,train
P24332,train
P24333,train
P24334,train
P24335,train
P24336,validation
P24337,train
P24338,train
P24339,train
P24340,train
P24341,train
P24342,train
P24343,train
P24344,train
P24345,train
P24346,train
P24347,train
P24348,train
P24349,validation
P24350,train
P24351,train
P24352,train
P24353,train
P24354,test
P24355,train
P24356,train
P24357,train
P24358,train
P24359,train
P24360,train
P24361,train
P24362,train
P24363,test
P24364,train
P24365,validation
P24366,validation
P24367,train
P24368,train
P24369,train
P24370,train
P24371,train
P24372,test
P24373,train
P24374,train
P24375,train
P24376,validation
P24377,train
P24378,test
P24379,train
P24380,train
P24381,train
P24382,train
P24383,train
P24384,train
P24385,train
P24386,train
P24387,train
P24388,train
P24389,train
P24390,train
P24391,test
P24392,train
P24393,train
P24394,validation
P24395,train
P24396,test
P24397,train
P24398,train
P24399,train
P24400,train
P24401,train
P24402,train
P24403,train
P24404,train
P24405,train
P24406,train
P24407,train
P24408,train
P24409,train
P24410,train
P24411,train
P24412,train
P24413,train
P24414,train
P24415,train
P24416,train
P24417,train
P24418,train
P24419,train
P24420,train
P24421,train
P24422,train
P24423,train
P24424,train
P24425,test
P24426,train
P24427,train
P24428,validation
P24429,train
P24430,train
P24431,train
P24432,test
P24433,validation
P24434,train
P24435,train
P24436,validation
P24437,train
P24438,train
P24439,train
P24440,train
P24441,train
P24442,train
P24443,train
P24444,train
P24445,train
P24446,train
P24447,train
P24448,test
P24449,train
P24450,train
P24451,train
P24452,train
P24453,train
P24454,test
P24455,train
P24456,train
P24457,train
P24458,validation
P24459,validation
P24460,train
P24461,train
P24462,train
P24463,train
P24464,train
P24465,train
P24466,train
P24467,train
P24468,train
P24469,train
P24470,test
P24471,test
P24472,train
P24473,validation
P24474,test
P24475,train
P24476,validation
P24477,train
P24478,train
P24479,train
P24480,train
P24481,train
P24482,train
P24483,train
P24484,test
P24485,train
P24486,train
P24487,train
P24488,train
P24489,train
P24490,train
P24491,train
P24492,train
P24493,train
P24494,train
P24495,train
P24496,train
P24497,train
P24498,train
P24499,train
P24500,train
P24501,train
P24502,test
P24503,train
P24504,train
P24505,train
P24506,train
P24507,train
P24508,train
P24509,train
P24510,train
P24511,validation
P24512,train
P24513,train
P24514,train
P24515,train
P24516,train
P24517,train
P24518,train
P24519,train
P24520,train
P24521,train
P24522,test
P24523,train
P24524,train
P24525,train
P24526,train
P24527,train
P24528,train
P24529,train
P24530,train
P24531,test
P24532,validation
P24533,train
P24534,train
P24535,validation
P24536,train
P24537,train
P24538,train
P24539,train
P24540,train
P24541,train
P24542,train
P24543,validation
P24544,train
P24545,train
P24546,train
P24547,train
P24548,validation
P24549,train
P24550,test
P24551,train
P24552,train
P24553,train
P24554,validation
P24555,train
P24556,train
P24557,train
P24558,validation
P24559,train
P24560,train
P24561,train
P24562,test
P24563,train
P24564,train
P24565,validation
P24566,train
P24567,test
P24568,test
P24569,train
P24570,train
P24571,train
P24572,train
P24573,train
P24574,test
P24575,test
P24576,train
P24577,validation
P24578,train
P24579,train
P24580,test
P24581,validation
P24582,train
P24583,train
P24584,train
P24585,train
P24586,train
P24587,train
P24588,train
P24589,train
P24590,train
P24591,validation
P24592,train
P24593,train
P24594,train
P24595,train
P24596,train
P24597,train
P24598,test
P24599,test
P24600,train
P24601,test
P24602,validation
P24603,train
P24604,train
P24605,train
P24606,train
P24607,train
P24608,validation
P24609,train
P24610,train
P24611,train
P24612,train
P24613,test
P24614,train
P24615,train
P24616,test
P24617,train
P24618,train
P24619,train
P24620,train
P24621,test
P24622,train
P24623,train
P24624,train
P24625,train
P24626,validation
P24627,validation
P24628,train
P24629,train
P24630,train
P24631,train
P24632,validation
P24633,train
P24634,train
P24635,train
P24636,train
P24637,train
P24638,train
P24639,validation
P24640,train
P24641,train
P24642,train
P24643,train
P24644,validation
P24645,validation
P24646,train
P24647,test
P24648,train
P24649,train
P24650,train
P24651,train
P24652,test
P24653,test
P24654,train
P24655,train
P24656,train
P24657,validation
P24658,train
P24659,test
P24660,train
P24661,train
P24662,train
P24663,train
P24664,train
P24665,train
P24666,train
P24667,validation
P24668,train
P24669,train
P24670,validation
P24671,test
P24672,test
P24673,train
P24674,train
P24675,train
P24676,train
P24677,train
P24678,train
P24679,train
P24680,train
P24681,train
P24682,train
P24683,train
P24684,train
P24685,train
P24686,train
P24687,train
P24688,train
P24689,train
P24690,train
P24691,train
P24692,train
P24693,train
P24694,test
P24695,train
P24696,validation
P24697,train
P24698,train
P24699,test
P24700,train
P24701,train
P24702,train
P24703,train
P24704,train
P24705,train
P24706,train
P24707,train
P24708,train
P24709,validation
P24710,train
P24711,train
P24712,train
P24713,train
P24714,train
P24715,train
P24716,validation
P24717,train
P24718,train
P24719,test
P24720,train
P24721,train
P24722,train
P24723,train
P24724,test
P24725,train
P24726,validation
P24727,train
P24728,test
P24729,train
P24730,train
P24731,train
P24732,validation
P24733,train
P24734,train
P24735,train
P24736,train
P24737,validation
P24738,train
P24739,train
P24740,train
P24741,train
P24742,train
P24743,validation
P24744,train
P24745,validation
P24746,validation
P24747,train
P24748,train
P24749,train
P24750,train
P24751,train
P24752,train
P24753,train
P24754,train
P24755,train
P24756,train
P24757,train
P24758,train
P24759,train
P24760,validation
P24761,train
P24762,train
P24763,train
P24764,train
P24765,train
P24766,train
P24767,validation
P24768,train
P24769,train
P24770,train
P24771,test
P24772,train
P24773,train
P24774,test
P24775,train
P24776,train
P24777,train
P24778,train
P24779,train
P24780,validation
P24781,test
P24782,train
P24783,test
P24784,test
P24785,train
P24786,train
P24787,validation
P24788,train
P24789,train
P24790,train
P24791,train
P24792,validation
P24793,train
P24794,train
P24795,train
P24796,train
P24797,train
P24798,test
P24799,validation
P24800,train
P24801,validation
P24802,validation
P24803,train
P24804,validation
P24805,train
P24806,train
P24807,train
P24808,train
P24809,train
P24810,train
P24811,train
P24812,train
P24813,train
P24814,train
P24815,train
P24816,train
P24817,train
P24818,validation
P24819,train
P24820,train
P24821,train
P24822,train
P24823,train
P24824,train
P24825,train
P24826,validation
P24827,train
P24828,test
P24829,train
P24830,train
P24831,train
P24832,train
P24833,train
P24834,validation
P24835,train
P24836,train
P24837,validation
P24838,train
P24839,train
P24840,train
P24841,train
P24842,train
P24843,train
P24844,train
P24845,validation
P24846,train
P24847,train
P24848,validation
P24849,train
P24850,train
P24851,train
P24852,train
P24853,train
P24854,train
P24855,train
P24856,train
P24857,train
P24858,train
P24859,train
P24860,validation
P24861,train
P24862,train
P24863,validation
P24864,train
P24865,test
P24866,train
P24867,train
P24868,train
P24869,validation
P24870,train
P24871,train
P24872,train
P24873,train
P24874,train
P24875,train
P24876,train
P24877,train
P24878,train
P24879,train
P24880,train
P24881,train
P24882,train
P24883,train
P24884,train
P24885,train
P24886,train
P24887,test
P24888,train
P24889,train
P24890,train
P24891,train
P24892,train
P24893,train
P24894,train
P24895,test
P24896,train
P24897,train
P24898,train
P24899,train
P24900,train
P24901,test
P24902,train
P24903,train
P24904,train
P24905,validation
P24906,train
P24907,train
P24908,train
P24909,train
P24910,validation
P24911,validation
P24912,train
P24913,train
P24914,train
P24915,train
P24916,train
P24917,validation
P24918,train
P24919,train
P24920,train
P24921,train
P24922,test
P24923,train
P24924,validation
P24925,train
P24926,train
P24927,train
P24928,train
P24929,train
P24930,train
P24931,train
P24932,train
P24933,train
P24934,train
P24935,train
P24936,validation
P24937,train
P24938,train
P24939,train
P24940,train
P24941,train
P24942,train
P24943,train
P24944,test
P24945,train
P24946,train
P24947,train
P24948,train
P24949,train
P24950,train
P24951,train
P24952,train
P24953,train
P24954,train
P24955,train
P24956,train
P24957,train
P24958,train
P24959,train
P24960,train
P24961,train
P24962,train
P24963,train
P24964,validation
P24965,train
P24966,train
P24967,train
P24968,train
P24969,validation
P24970,test
P24971,train
P24972,train
P24973,train
P24974,train
P24975,train
P24976,train
P24977,train
P24978,train
P24979,train
P24980,train
P24981,train
P24982,train
P24983,train
P24984,train
P24985,train
P24986,train
P24987,validation
P24988,train
P24989,train
P24990,train
P24991,train
P24992,train
P24993,train
P24994,validation
P24995,train
P24996,train
P24997,train
P24998,test
P24999,train
P25000,train
P25001,train
P25002,train
P25003,train
P25004,validation
P25005,train
P25006,test
P25007,train
P25008,train
P25009,train
P25010,train
P25011,train
P25012,train
P25013,train
P25014,test
P25015,train
P25016,train
P25017,train
P25018,train
P25019,validation
P25020,train
P25021,validation
P25022,train
P25023,train
P25024,train
P25025,train
P25026,train
P25027,train
P25028,test
P25029,train
P25030,test
P25031,train
P25032,train
P25033,train
P25034,train
P25035,train
P25036,train
P25037,validation
P25038,train
P25039,train
P25040,test
P25041,train
P25042,train
P25043,train
P25044,train
P25045,validation
P25046,train
P25047,train
P25048,test
P25049,train
P25050,train
P25051,train
P25052,train
P25053,validation
P25054,train
P25055,train
P25056,train
P25057,train
P25058,train
P25059,train
P25060,train
P25061,train
P25062,train
P25063,train
P25064,train
P25065,train
P25066,train
P25067,test
P25068,train
P25069,train
P25070,train
P25071,test
P25072,train
P25073,train
P25074,train
P25075,train
P25076,test
P25077,train
P25078,train
P25079,validation
P25080,validation
P25081,train
P25082,test
P25083,train
P25084,test
P25085,train
P25086,train
P25087,train
P25088,train
P25089,train
P25090,train
P25091,train
P25092,train
P25093,train
P25094,validation
P25095,test
P25096,train
P25097,train
P25098,train
P25099,train
P25100,train
P25101,train
P25102,train
P25103,train
P25104,validation
P25105,train
P25106,train
P25107,validation
P25108,train
P25109,train
P25110,train
P25111,validation
P25112,train
P25113,train
P25114,train
P25115,train
P25116,train
P25117,train
P25118,train
P25119,train
P25120,validation
P25121,train
P25122,train
P25123,train
P25124,train
P25125,train
P25126,test
P25127,train
P25128,train
P25129,train
P25130,train
P25131,validation
P25132,train
P25133,train
P25134,train
P25135,train
P25136,train
P25137,test
P25138,train
P25139,train
P25140,test
P25141,train
P25142,train
P25143,validation
P25144,train
P25145,validation
P25146,train
P25147,test
P25148,validation
P25149,train
P25150,test
P25151,train
P25152,train
P25153,train
P25154,train
P25155,train
P25156,test
P25157,train
P25158,train
P25159,train
P25160,train
P25161,train
P25162,train
P25163,train
P25164,train
P25165,train
P25166,train
P25167,train
P25168,train
P25169,train
P25170,train
P25171,train
P25172,train
P25173,validation
P25174,train
P25175,train
P25176,train
P25177,test
P25178,train
P25179,train
P25180,train
P25181,train
P25182,train
P25183,train
P25184,train
P25185,train
P25186,test
P25187,train
P25188,train
P25189,validation
P25190,validation
P25191,train
P25192,train
P25193,train
P25194,train
P25195,train
P25196,train
P25197,train
P25198,train
P25199,train
P25200,train
P25201,train
P25202,train
P25203,train
P25204,train
P25205,train
P25206,train
P25207,test
P25208,train
P25209,train
P25210,train
P25211,validation
P25212,train
P25213,train
P25214,train
P25215,train
P25216,train
P25217,train
P25218,train
P25219,validation
P25220,train
P25221,train
P25222,train
P25223,train
P25224,train
P25225,train
P25226,train
P25227,train
P25228,train
P25229,validation
P25230,train
P25231,train
P25232,test
P25233,train
P25234,train
P25235,train
P25236,train
P25237,validation
P25238,train
P25239,train
P25240,train
P25241,train
P25242,train
P25243,train
P25244,train
P25245,train
P25246,train
P25247,validation
P25248,train
P25249,test
P25250,train
P25251,train
P25252,train
P25253,validation
P25254,train
P25255,train
P25256,test
P25257,train
P25258,train
P25259,train
P25260,test
P25261,validation
P25262,train
P25263,train
P25264,validation
P25265,test
P25266,train
P25267,train
P25268,train
P25269,train
P25270,train
P25271,train
P25272,test
P25273,train
P25274,train
P25275,train
P25276,train
P25277,train
P25278,validation
P25279,train
P25280,train
P25281,validation
P25282,train
P25283,train
P25284,train
P25285,validation
P25286,train
P25287,train
P25288,test
P25289,train
P25290,validation
P25291,train
P25292,train
P25293,train
P25294,train
P25295,train
P25296,train
P25297,train
P25298,train
P25299,train
P25300,train
P25301,train
P25302,train
P25303,train
P25304,validation
P25305,test
P25306,train
P25307,train
P25308,train
P25309,train
P25310,train
P25311,train
P25312,train
P25313,test
P25314,train
P25315,train
P25316,train
P25317,train
P25318,train
P25319,validation
P25320,validation
P25321,train
P25322,validation
P25323,train
P25324,train
P25325,train
P25326,test
P25327,train
P25328,train
P25329,train
P25330,train
P25331,train
P25332,train
P25333,train
P25334,train
P25335,train
P25336,train
P25337,train
P25338,train
P25339,train
P25340,validation
P25341,train
P25342,train
P25343,test
P25344,train
P25345,validation
P25346,validation
P25347,train
P25348,train
P25349,train
P25350,test
P25351,validation
P25352,train
P25353,train
P25354,train
P25355,train
P25356,train
P25357,validation
P25358,train
P25359,train
P25360,train
P25361,train
P25362,train
P25363,validation
P25364,train
P25365,validation
P25366,train
P25367,train
P25368,train
P25369,validation
P25370,validation
P25371,train
P25372,train
P25373,train
P25374,train
P25375,test
P25376,train
P25377,test
P25378,train
P25379,train
P25380,train
P25381,train
P25382,validation
P25383,train
P25384,train
P25385,train
P25386,train
P25387,train
P25388,train
P25389,train
P25390,train
P25391,train
P25392,train
P25393,train
P25394,train
P25395,train
P25396,train
P25397,train
P25398,train
P25399,train
P25400,validation
P25401,train
P25402,train
P25403,validation
P25404,train
P25405,train
P25406,train
P25407,train
P25408,train
P25409,train
P25410,train
P25411,train
P25412,train
P25413,test
P25414,train
P25415,train
P25416,train
P25417,train
P25418,train
P25419,train
P25420,train
P25421,validation
P25422,train
P25423,train
P25424,train
P25425,train
P25426,train
P25427,train
P25428,train
P25429,train
P25430,train
P25431,train
P25432,train
P25433,validation
P25434,train
P25435,train
P25436,test
P25437,test
P25438,train
P25439,train
P25440,validation
P25441,train
P25442,train
P25443,train
P25444,validation
P25445,validation
P25446,train
P25447,validation
P25448,train
P25449,train
P25450,train
P25451,train
P25452,validation
P25453,train
P25454,validation
P25455,validation
P25456,train
P25457,train
P25458,train
P25459,test
P25460,train
P25461,train
P25462,train
P25463,train
P25464,train
P25465,train
P25466,validation
P25467,train
P25468,train
P25469,train
P25470,train
P25471,train
P25472,validation
P25473,train
P25474,test
P25475,train
P25476,train
P25477,train
P25478,train
P25479,train
P25480,train
P25481,train
P25482,validation
P25483,train
P25484,validation
P25485,train
P25486,train
P25487,train
P25488,train
P25489,train
P25490,validation
P25491,train
P25492,train
P25493,train
P25494,train
P25495,validation
P25496,test
P25497,train
P25498,train
P25499,train
P25500,train
P25501,train
P25502,train
P25503,test
P25504,train
P25505,validation
P25506,train
P25507,train
P25508,train
P25509,train
P25510,train
P25511,train
P25512,train
P25513,train
P25514,validation
P25515,train
P25516,validation
P25517,train
P25518,train
P25519,train
P25520,validation
P25521,train
P25522,train
P25523,train
P25524,train
P25525,train
P25526,train
P25527,train
P25528,train
P25529,train
P25530,train
P25531,train
P25532,validation
P25533,train
P25534,train
P25535,train
P25536,train
P25537,train
P25538,train
P25539,train
P25540,validation
P25541,train
P25542,train
P25543,train
P25544,train
P25545,train
P25546,validation
P25547,train
P25548,test
P25549,train
P25550,validation
P25551,train
P25552,train
P25553,train
P25554,train
P25555,train
P25556,train
P25557,train
P25558,train
P25559,train
P25560,train
P25561,train
P25562,train
P25563,train
P25564,train
P25565,validation
P25566,test
P25567,train
P25568,train
P25569,validation
P25570,validation
P25571,train
P25572,train
P25573,train
P25574,train
P25575,train
P25576,train
P25577,validation
P25578,validation
P25579,train
P25580,train
P25581,train
P25582,train
P25583,train
P25584,test
P25585,train
P25586,train
P25587,train
P25588,test
P25589,test
P25590,train
P25591,train
P25592,validation
P25593,train
P25594,train
P25595,train
P25596,train
P25597,test
P25598,train
P25599,train
P25600,train
P25601,train
P25602,train
P25603,train
P25604,train
P25605,train
P25606,train
P25607,train
P25608,train
P25609,train
P25610,train
P25611,train
P25612,train
P25613,train
P25614,test
P25615,train
P25616,train
P25617,train
P25618,train
P25619,train
P25620,train
P25621,train
P25622,train
P25623,test
P25624,train
P25625,train
P25626,train
P25627,train
P25628,train
P25629,train
P25630,train
P25631,test
P25632,train
P25633,train
P25634,train
P25635,train
P25636,train
P25637,train
P25638,train
P25639,validation
P25640,train
P25641,train
P25642,train
P25643,test
P25644,train
P25645,validation
P25646,train
P25647,train
P25648,train
P25649,train
P25650,train
P25651,train
P25652,train
P25653,train
P25654,train
P25655,train
P25656,train
P25657,train
P25658,train
P25659,validation
P25660,test
P25661,test
P25662,train
P25663,train
P25664,train
P25665,train
P25666,train
P25667,train
P25668,train
P25669,train
P25670,train
P25671,train
P25672,train
P25673,train
P25674,train
P25675,validation
P25676,train
P25677,train
P25678,train
P25679,validation
P25680,test
P25681,train
P25682,validation
P25683,train
P25684,train
P25685,train
P25686,train
P25687,train
P25688,train
P25689,test
P25690,train
P25691,train
P25692,train
P25693,test
P25694,test
P25695,train
P25696,train
P25697,train
P25698,validation
P25699,train
P25700,train
P25701,train
P25702,validation
P25703,train
P25704,train
P25705,train
P25706,validation
P25707,train
P25708,train
P25709,train
P25710,train
P25711,train
P25712,train
P25713,test
P25714,train
P25715,train
P25716,train
P25717,train
P25718,test
P25719,train
P25720,train
P25721,train
P25722,test
P25723,validation
P25724,train
P25725,train
P25726,train
P25727,train
P25728,train
P25729,train
P25730,train
P25731,train
P25732,validation
P25733,test
P25734,validation
P25735,train
P25736,train
P25737,validation
P25738,train
P25739,train
P25740,train
P25741,train
P25742,train
P25743,train
P25744,train
P25745,train
P25746,train
P25747,train
P25748,train
P25749,train
P25750,train
P25751,train
P25752,train
P25753,train
P25754,train
P25755,train
P25756,train
P25757,train
P25758,train
P25759,train
P25760,validation
P25761,test
P25762,train
P25763,train
P25764,validation
P25765,train
P25766,validation
P25767,test
P25768,train
P25769,train
P25770,train
P25771,train
P25772,train
P25773,train
P25774,train
P25775,train
P25776,train
P25777,train
P25778,train
P25779,train
P25780,train
P25781,train
P25782,validation
P25783,train
P25784,train
P25785,train
P25786,train
P25787,validation
P25788,train
P25789,train
P25790,test
P25791,validation
P25792,train
P25793,train
P25794,train
P25795,train
P25796,train
P25797,train
P25798,train
P25799,train
P25800,train
P25801,train
P25802,train
P25803,train
P25804,test
P25805,validation
P25806,train
P25807,train
P25808,test
P25809,train
P25810,train
P25811,train
P25812,train
P25813,validation
P25814,train
P25815,train
P25816,train
P25817,validation
P25818,train
P25819,train
P25820,validation
P25821,train
P25822,train
P25823,train
P25824,train
P25825,train
P25826,train
P25827,train
P25828,train
P25829,test
P25830,train
P25831,train
P25832,train
P25833,validation
P25834,test
P25835,validation
P25836,train
P25837,train
P25838,test
P25839,test
P25840,train
P25841,train
P25842,train
P25843,train
P25844,train
P25845,train
P25846,train
P25847,test
P25848,validation
P25849,validation
P25850,train
P25851,train
P25852,validation
P25853,train
P25854,train
P25855,train
P25856,test
P25857,validation
P25858,train
P25859,train
P25860,train
P25861,train
P25862,train
P25863,train
P25864,train
P25865,train
P25866,train
P25867,validation
P25868,train
P25869,train
P25870,validation
P25871,train
P25872,train
P25873,train
P25874,train
P25875,train
P25876,train
P25877,train
P25878,train
P25879,train
P25880,train
P25881,train
P25882,train
P25883,train
P25884,validation
P25885,train
P25886,train
P25887,train
P25888,train
P25889,train
P25890,train
P25891,test
P25892,test
P25893,test
P25894,train
P25895,test
P25896,train
P25897,train
P25898,train
P25899,train
P25900,validation
P25901,train
P25902,train
P25903,train
P25904,train
P25905,train
P25906,train
P25907,train
P25908,train
P25909,train
P25910,train
P25911,train
P25912,train
P25913,train
P25914,train
P25915,train
P25916,test
P25917,train
P25918,train
P25919,train
P25920,train
P25921,train
P25922,train
P25923,train
P25924,validation
P25925,train
P25926,train
P25927,train
P25928,train
P25929,train
P25930,train
P25931,train
P25932,test
P25933,train
P25934,train
P25935,train
P25936,train
P25937,train
P25938,train
P25939,train
P25940,train
P25941,validation
P25942,train
P25943,train
P25944,train
P25945,train
P25946,train
P25947,train
P25948,train
P25949,validation
P25950,validation
P25951,train
P25952,train
P25953,train
P25954,train
P25955,train
P25956,train
P25957,train
P25958,train
P25959,train
P25960,train
P25961,validation
P25962,train
P25963,test
P25964,train
P25965,test
P25966,train
P25967,test
P25968,train
P25969,train
P25970,validation
P25971,train
P25972,train
P25973,train
P25974,validation
P25975,train
P25976,train
P25977,validation
P25978,train
P25979,train
P25980,train
P25981,validation
P25982,train
P25983,train
P25984,train
P25985,train
P25986,train
P25987,train
P25988,train
P25989,train
P25990,train
P25991,train
P25992,train
P25993,train
P25994,train
P25995,train
P25996,train
P25997,train
P25998,train
P25999,train
P26000,train
P26001,train
P26002,validation
P26003,train
P26004,train
P26005,train
P26006,test
P26007,train
P26008,train
P26009,train
P26010,train
P26011,train
P26012,train
P26013,train
P26014,train
P26015,validation
P26016,validation
P26017,train
P26018,train
P26019,validation
P26020,train
P26021,validation
P26022,train
P26023,train
P26024,train
P26025,train
P26026,validation
P26027,train
P26028,train
P26029,validation
P26030,train
P26031,train
P26032,train
P26033,train
P26034,train
P26035,train
P26036,train
P26037,train
P26038,train
P26039,train
P26040,train
P26041,train
P26042,train
P26043,train
P26044,train
P26045,train
P26046,train
P26047,train
P26048,train
P26049,train
P26050,train
P26051,train
P26052,train
P26053,train
P26054,train
P26055,train
P26056,train
P26057,train
P26058,train
P26059,train
P26060,train
P26061,train
P26062,test
P26063,train
P26064,train
P26065,train
P26066,validation
P26067,train
P26068,train
P26069,train
P26070,test
P26071,train
P26072,validation
P26073,train
P26074,train
P26075,train
P26076,train
P26077,train
P26078,train
P26079,train
P26080,train
P26081,train
P26082,validation
P26083,train
P26084,train
P26085,train
P26086,train
P26087,train
P26088,train
P26089,train
P26090,train
P26091,test
P26092,train
P26093,train
P26094,train
P26095,train
P26096,test
P26097,train
P26098,validation
P26099,train
P26100,train
P26101,train
P26102,train
P26103,train
P26104,train
P26105,train
P26106,validation
P26107,test
P26108,train
P26109,train
P26110,train
P26111,train
P26112,train
P26113,train
P26114,train
P26115,train
P26116,train
P26117,train
P26118,train
P26119,validation
P26120,train
P26121,validation
P26122,train
P26123,train
P26124,train
P26125,train
P26126,train
P26127,train
P26128,train
P26129,train
P26130,validation
P26131,train
P26132,train
P26133,train
P26134,train
P26135,test
P26136,train
P26137,train
P26138,train
P26139,test
P26140,train
P26141,train
P26142,train
P26143,train
P26144,validation
P26145,train
P26146,train
P26147,train
P26148,test
P26149,train
P26150,train
P26151,train
P26152,train
P26153,train
P26154,train
P26155,train
P26156,train
P26157,validation
P26158,test
P26159,train
P26160,validation
P26161,train
P26162,train
P26163,train
P26164,train
P26165,test
P26166,train
P26167,train
P26168,train
P26169,train
P26170,train
P26171,train
P26172,train
P26173,train
P26174,test
P26175,train
P26176,train
P26177,train
P26178,train
P26179,train
P26180,train
P26181,train
P26182,test
P26183,train
P26184,train
P26185,train
P26186,train
P26187,train
P26188,test
P26189,train
P26190,train
P26191,train
P26192,validation
P26193,train
P26194,train
P26195,train
P26196,train
P26197,train
P26198,train
P26199,train
P26200,train
P26201,train
P26202,train
P26203,train
P26204,train
P26205,train
P26206,train
P26207,train
P26208,train
P26209,train
P26210,train
P26211,test
P26212,train
P26213,train
P26214,test
P26215,train
P26216,train
P26217,train
P26218,train
P26219,train
P26220,train
P26221,train
P26222,train
P26223,validation
P26224,train
P26225,train
P26226,train
P26227,train
P26228,train
P26229,validation
P26230,test
P26231,validation
P26232,test
P26233,train
P26234,train
P26235,train
P26236,validation
P26237,train
P26238,train
P26239,train
P26240,train
P26241,train
P26242,train
P26243,train
P26244,train
P26245,train
P26246,train
P26247,train
P26248,train
P26249,train
P26250,train
P26251,train
P26252,train
P26253,train
P26254,test
P26255,train
P26256,train
P26257,train
P26258,train
P26259,validation
P26260,train
P26261,validation
P26262,train
P26263,train
P26264,train
P26265,train
P26266,train
P26267,test
P26268,train
P26269,train
P26270,train
P26271,train
P26272,train
P26273,train
P26274,train
P26275,train
P26276,validation
P26277,train
P26278,train
P26279,train
P26280,train
P26281,train
P26282,train
P26283,train
P26284,train
P26285,train
P26286,train
P26287,train
P26288,test
P26289,train
P26290,train
P26291,train
P26292,train
P26293,train
P26294,train
P26295,test
P26296,train
P26297,train
P26298,train
P26299,train
P26300,train
P26301,train
P26302,test
P26303,validation
P26304,train
P26305,validation
P26306,train
P26307,validation
P26308,validation
P26309,train
P26310,train
P26311,train
P26312,train
P26313,train
P26314,train
P26315,test
P26316,train
P26317,train
P26318,validation
P26319,train
P26320,train
P26321,test
P26322,test
P26323,train
P26324,train
P26325,train
P26326,train
P26327,validation
P26328,train
P26329,train
P26330,train
P26331,train
P26332,train
P26333,train
P26334,train
P26335,validation
P26336,train
P26337,train
P26338,validation
P26339,train
P26340,train
P26341,train
P26342,train
P26343,train
P26344,validation
P26345,validation
P26346,train
P26347,train
P26348,test
P26349,validation
P26350,train
P26351,train
P26352,train
P26353,train
P26354,train
P26355,train
P26356,test
P26357,test
P26358,validation
P26359,train
P26360,train
P26361,validation
P26362,train
P26363,test
P26364,train
P26365,train
P26366,train
P26367,train
P26368,train
P26369,train
P26370,train
P26371,train
P26372,train
P26373,train
P26374,test
P26375,train
P26376,test
P26377,train
P26378,test
P26379,train
P26380,train
P26381,train
P26382,train
P26383,train
P26384,validation
P26385,train
P26386,train
P26387,train
P26388,train
P26389,train
P26390,train
P26391,train
P26392,train
P26393,train
P26394,train
P26395,train
P26396,test
P26397,train
P26398,train
P26399,train
P26400,train
P26401,validation
P26402,train
P26403,train
P26404,train
P26405,train
P26406,train
P26407,train
P26408,train
P26409,train
P26410,train
P26411,test
P26412,train
P26413,train
P26414,train
P26415,train
P26416,train
P26417,validation
P26418,train
P26419,validation
P26420,train
P26421,test
P26422,train
P26423,train
P26424,train
P26425,train
P26426,train
P26427,train
P26428,train
P26429,test
P26430,validation
P26431,train
P26432,validation
P26433,train
P26434,train
P26435,train
P26436,train
P26437,train
P26438,train
P26439,train
P26440,validation
P26441,train
P26442,train
P26443,train
P26444,train
P26445,test
P26446,train
P26447,train
P26448,test
P26449,train
P26450,train
P26451,train
P26452,train
P26453,train
P26454,train
P26455,train
P26456,train
P26457,validation
P26458,train
P26459,validation
P26460,test
P26461,train
P26462,train
P26463,train
P26464,train
P26465,test
P26466,train
P26467,validation
P26468,train
P26469,train
P26470,train
P26471,train
P26472,test
P26473,validation
P26474,train
P26475,train
P26476,train
P26477,train
P26478,train
P26479,train
P26480,test
P26481,train
P26482,train
P26483,test
P26484,train
P26485,train
P26486,train
P26487,test
P26488,train
P26489,train
P26490,train
P26491,train
P26492,train
P26493,train
P26494,train
P26495,train
P26496,test
P26497,test
P26498,train
P26499,test
P26500,train
P26501,train
P26502,train
P26503,train
P26504,train
P26505,train
P26506,train
P26507,train
P26508,train
P26509,train
P26510,train
P26511,train
P26512,train
P26513,train
P26514,test
P26515,validation
P26516,train
P26517,test
P26518,train
P26519,train
P26520,train
P26521,train
P26522,train
P26523,train
P26524,train
P26525,train
P26526,train
P26527,train
P26528,test
P26529,train
P26530,validation
P26531,validation
P26532,train
P26533,train
P26534,train
P26535,train
P26536,train
P26537,train
P26538,train
P26539,validation
P26540,train
P26541,train
P26542,validation
P26543,validation
P26544,train
P26545,train
P26546,train
P26547,train
P26548,train
P26549,train
P26550,train
P26551,train
P26552,train
P26553,train
P26554,train
P26555,test
P26556,validation
P26557,train
P26558,train
P26559,test
P26560,train
P26561,train
P26562,train
P26563,train
P26564,train
P26565,train
P26566,train
P26567,test
P26568,train
P26569,train
P26570,train
P26571,train
P26572,train
P26573,train
P26574,train
P26575,train
P26576,train
P26577,train
P26578,test
P26579,validation
P26580,validation
P26581,train
P26582,train
P26583,train
P26584,test
P26585,train
P26586,train
P26587,train
P26588,train
P26589,train
P26590,train
P26591,train
P26592,test
P26593,train
P26594,train
P26595,train
P26596,train
P26597,validation
P26598,test
P26599,train
P26600,train
P26601,train
P26602,train
P26603,test
P26604,train
P26605,train
P26606,test
P26607,train
P26608,train
P26609,train
P26610,train
P26611,validation
P26612,test
P26613,train
P26614,train
P26615,train
P26616,train
P26617,validation
P26618,train
P26619,train
P26620,train
P26621,validation
P26622,train
P26623,train
P26624,train
P26625,train
P26626,train
P26627,train
P26628,train
P26629,train
P26630,train
P26631,train
P26632,train
P26633,test
P26634,train
P26635,train
P26636,train
P26637,train
P26638,train
P26639,validation
P26640,train
P26641,train
P26642,train
P26643,train
P26644,validation
P26645,train
P26646,train
P26647,test
P26648,train
P26649,train
P26650,train
P26651,train
P26652,train
P26653,train
P26654,train
P26655,validation
P26656,train
P26657,train
P26658,train
P26659,train
P26660,train
P26661,train
P26662,train
P26663,train
P26664,train
P26665,train
P26666,train
P26667,train
P26668,validation
P26669,train
P26670,train
P26671,train
P26672,train
P26673,train
P26674,train
P26675,train
P26676,validation
P26677,validation
P26678,train
P26679,train
P26680,train
P26681,train
P26682,train
P26683,train
P26684,test
P26685,train
P26686,train
P26687,test
P26688,train
P26689,validation
P26690,train
P26691,test
P26692,train
P26693,test
P26694,train
P26695,train
P26696,train
P26697,train
P26698,train
P26699,validation
P26700,train
P26701,train
P26702,train
P26703,train
P26704,train
P26705,train
P26706,train
P26707,train
P26708,validation
P26709,train
P26710,train
P26711,train
P26712,train
P26713,train
P26714,train
P26715,test
P26716,train
P26717,train
P26718,train
P26719,train
P26720,train
P26721,train
P26722,train
P26723,train
P26724,train
P26725,train
P26726,train
P26727,test
P26728,train
P26729,train
P26730,train
P26731,train
P26732,test
P26733,train
P26734,train
P26735,train
P26736,validation
P26737,validation
P26738,train
P26739,train
P26740,train
P26741,train
P26742,validation
P26743,train
P26744,train
P26745,train
P26746,train
P26747,train
P26748,train
P26749,validation
P26750,train
P26751,train
P26752,train
P26753,train
P26754,train
P26755,train
P26756,train
P26757,train
P26758,validation
P26759,train
P26760,train
P26761,train
P26762,train
P26763,train
P26764,train
P26765,train
P26766,train
P26767,train
P26768,train
P26769,train
P26770,train
P26771,test
P26772,train
P26773,train
P26774,train
P26775,train
P26776,train
P26777,train
P26778,train
P26779,train
P26780,train
P26781,validation
P26782,train
P26783,test
P26784,train
P26785,train
P26786,train
P26787,train
P26788,train
P26789,validation
P26790,validation
P26791,train
P26792,train
P26793,train
P26794,validation
P26795,train
P26796,train
P26797,train
P26798,train
P26799,train
P26800,validation
P26801,train
P26802,train
P26803,train
P26804,validation
P26805,train
P26806,train
P26807,train
P26808,train
P26809,train
P26810,train
P26811,train
P26812,train
P26813,train
P26814,train
P26815,train
P26816,train
P26817,train
P26818,validation
P26819,train
P26820,train
P26821,train
P26822,train
P26823,train
P26824,train
P26825,train
P26826,train
P26827,train
P26828,test
P26829,train
P26830,train
P26831,validation
P26832,train
P26833,train
P26834,train
P26835,train
P26836,train
P26837,test
P26838,validation
P26839,train
P26840,train
P26841,validation
P26842,train
P26843,test
P26844,validation
P26845,test
P26846,train
P26847,test
P26848,train
P26849,test
P26850,test
P26851,train
P26852,train
P26853,train
P26854,train
P26855,train
P26856,train
P26857,test
P26858,test
P26859,test
P26860,train
P26861,train
P26862,train
P26863,train
P26864,train
P26865,test
P26866,train
P26867,train
P26868,train
P26869,train
P26870,train
P26871,train
P26872,test
P26873,train
P26874,train
P26875,train
P26876,train
P26877,validation
P26878,train
P26879,test
P26880,train
P26881,train
P26882,train
P26883,train
P26884,test
P26885,train
P26886,train
P26887,train
P26888,train
P26889,train
P26890,train
P26891,train
P26892,test
P26893,test
P26894,validation
P26895,train
P26896,train
P26897,train
P26898,train
P26899,train
P26900,test
P26901,train
P26902,test
P26903,train
P26904,validation
P26905,train
P26906,train
P26907,train
P26908,train
P26909,train
P26910,train
P26911,train
P26912,validation
P26913,test
P26914,train
P26915,train
P26916,test
P26917,validation
P26918,train
P26919,train
P26920,test
P26921,train
P26922,train
P26923,train
P26924,train
P26925,train
P26926,train
P26927,train
P26928,validation
P26929,train
P26930,train
P26931,train
P26932,train
P26933,train
P26934,test
P26935,train
P26936,train
P26937,train
P26938,train
P26939,train
P26940,train
P26941,test
P26942,train
P26943,train
P26944,train
P26945,train
P26946,train
P26947,train
P26948,train
P26949,train
P26950,train
P26951,test
P26952,train
P26953,train
P26954,train
P26955,train
P26956,train
P26957,train
P26958,train
P26959,train
P26960,train
P26961,train
P26962,train
P26963,train
P26964,train
P26965,train
P26966,train
P26967,train
P26968,train
P26969,train
P26970,train
P26971,train
P26972,train
P26973,train
P26974,train
P26975,train
P26976,train
P26977,train
P26978,train
P26979,test
P26980,test
P26981,train
P26982,train
P26983,train
P26984,train
P26985,train
P26986,train
P26987,train
P26988,train
P26989,train
P26990,train
P26991,train
P26992,train
P26993,test
P26994,train
P26995,train
P26996,train
P26997,test
P26998,validation
P26999,train
P27000,train
P27001,train
P27002,train
P27003,train
P27004,train
P27005,test
P27006,train
P27007,train
P27008,train
P27009,train
P27010,train
P27011,validation
P27012,train
P27013,train
P27014,validation
P27015,train
P27016,train
P27017,train
P27018,train
P27019,train
P27020,train
P27021,train
P27022,train
P27023,train
P27024,validation
P27025,train
P27026,train
P27027,train
P27028,validation
P27029,train
P27030,validation
P27031,train
P27032,train
P27033,validation
P27034,train
P27035,train
P27036,train
P27037,train
P27038,validation
P27039,train
P27040,train
P27041,train
P27042,train
P27043,train
P27044,train
P27045,train
P27046,test
P27047,train
P27048,validation
P27049,train
P27050,train
P27051,train
P27052,validation
P27053,train
P27054,train
P27055,train
P27056,train
P27057,train
P27058,train
P27059,train
P27060,train
P27061,train
P27062,test
P27063,train
P27064,train
P27065,train
P27066,train
P27067,train
P27068,test
P27069,train
P27070,train
P27071,train
P27072,train
P27073,test
P27074,train
P27075,validation
P27076,train
P27077,train
P27078,train
P27079,train
P27080,train
P27081,train
P27082,train
P27083,train
P27084,train
P27085,train
P27086,train
P27087,train
P27088,train
P27089,train
P27090,train
P27091,train
P27092,train
P27093,train
P27094,train
P27095,test
P27096,train
P27097,validation
P27098,train
P27099,train
P27100,train
P27101,train
P27102,train
P27103,train
P27104,train
P27105,test
P27106,train
P27107,train
P27108,train
P27109,test
P27110,test
P27111,train
P27112,train
P27113,test
P27114,train
P27115,train
P27116,train
P27117,train
P27118,train
P27119,train
P27120,train
P27121,test
P27122,train
P27123,train
P27124,train
P27125,train
P27126,train
P27127,train
P27128,train
P27129,train
P27130,train
P27131,train
P27132,train
P27133,train
P27134,train
P27135,train
P27136,train
P27137,train
P27138,train
P27139,train
P27140,train
P27141,validation
P27142,train
P27143,train
P27144,test
P27145,train
P27146,validation
P27147,train
P27148,train
P27149,train
P27150,train
P27151,train
P27152,train
P27153,validation
P27154,test
P27155,train
P27156,train
P27157,train
P27158,train
P27159,validation
P27160,train
P27161,train
P27162,train
P27163,train
P27164,train
P27165,train
P27166,test
P27167,train
P27168,test
P27169,test
P27170,train
P27171,validation
P27172,train
P27173,train
P27174,train
P27175,train
P27176,test
P27177,train
P27178,train
P27179,train
P27180,train
P27181,train
P27182,train
P27183,test
P27184,train
P27185,train
P27186,train
P27187,validation
P27188,train
P27189,train
P27190,train
P27191,train
P27192,train
P27193,train
P27194,train
P27195,train
P27196,validation
P27197,train
P27198,train
P27199,train
P27200,train
P27201,train
P27202,train
P27203,train
P27204,train
P27205,train
P27206,train
P27207,train
P27208,validation
P27209,train
P27210,test
P27211,train
P27212,train
P27213,train
P27214,train
P27215,train
P27216,test
P27217,train
P27218,train
P27219,test
P27220,train
P27221,train
P27222,train
P27223,train
P27224,validation
P27225,train
P27226,test
P27227,train
P27228,train
P27229,train
P27230,test
P27231,train
P27232,validation
P27233,train
P27234,train
P27235,train
P27236,train
P27237,train
P27238,train
P27239,train
P27240,validation
P27241,train
P27242,train
P27243,train
P27244,train
P27245,test
P27246,train
P27247,train
P27248,train
P27249,train
P27250,train
P27251,train
P27252,train
P27253,train
P27254,train
P27255,train
P27256,train
P27257,train
P27258,validation
P27259,validation
P27260,train
P27261,validation
P27262,train
P27263,train
P27264,train
P27265,test
P27266,train
P27267,train
P27268,train
P27269,train
P27270,train
P27271,train
P27272,train
P27273,train
P27274,train
P27275,train
P27276,train
P27277,train
P27278,train
P27279,train
P27280,train
P27281,train
P27282,test
P27283,train
P27284,train
P27285,train
P27286,train
P27287,train
P27288,train
P27289,train
P27290,train
P27291,test
P27292,train
P27293,train
P27294,train
P27295,train
P27296,train
P27297,train
P27298,train
P27299,test
P27300,train
P27301,train
P27302,train
P27303,train
P27304,test
P27305,train
P27306,train
P27307,test
P27308,train
P27309,validation
P27310,train
P27311,test
P27312,train
P27313,train
P27314,train
P27315,train
P27316,train
P27317,validation
P27318,train
P27319,train
P27320,train
P27321,test
P27322,train
P27323,train
P27324,train
P27325,train
P27326,train
P27327,train
P27328,train
P27329,train
P27330,train
P27331,train
P27332,validation
P27333,train
P27334,train
P27335,train
P27336,train
P27337,train
P27338,validation
P27339,train
P27340,train
P27341,train
P27342,train
P27343,train
P27344,train
P27345,train
P27346,train
P27347,train
P27348,train
P27349,train
P27350,train
P27351,train
P27352,train
P27353,train
P27354,validation
P27355,train
P27356,train
P27357,train
P27358,validation
P27359,train
P27360,train
P27361,train
P27362,train
P27363,train
P27364,train
P27365,train
P27366,validation
P27367,train
P27368,train
P27369,train
P27370,train
P27371,train
P27372,train
P27373,train
P27374,train
P27375,train
P27376,validation
P27377,train
P27378,train
P27379,validation
P27380,train
P27381,train
P27382,train
P27383,train
P27384,train
P27385,train
P27386,test
P27387,test
P27388,validation
P27389,train
P27390,train
P27391,train
P27392,train
P27393,train
P27394,train
P27395,train
P27396,train
P27397,train
P27398,test
P27399,train
P27400,train
P27401,train
P27402,train
P27403,test
P27404,test
P27405,train
P27406,train
P27407,train
P27408,train
P27409,train
P27410,train
P27411,train
P27412,train
P27413,train
P27414,train
P27415,test
P27416,train
P27417,test
P27418,train
P27419,test
P27420,train
P27421,test
P27422,test
P27423,train
P27424,train
P27425,train
P27426,train
P27427,train
P27428,train
P27429,train
P27430,train
P27431,train
P27432,test
P27433,train
P27434,train
P27435,train
P27436,train
P27437,train
P27438,train
P27439,train
P27440,train
P27441,validation
P27442,train
P27443,train
P27444,train
P27445,train
P27446,validation
P27447,train
P27448,validation
P27449,train
P27450,train
P27451,train
P27452,validation
P27453,train
P27454,train
P27455,train
P27456,validation
P27457,train
P27458,test
P27459,train
P27460,train
P27461,train
P27462,validation
P27463,train
P27464,train
P27465,train
P27466,train
P27467,train
P27468,train
P27469,train
P27470,train
P27471,train
P27472,train
P27473,train
P27474,train
P27475,train
P27476,train
P27477,validation
P27478,train
P27479,train
P27480,train
P27481,train
P27482,train
P27483,train
P27484,train
P27485,train
P27486,train
P27487,train
P27488,test
P27489,train
P27490,train
P27491,train
P27492,train
P27493,train
P27494,validation
P27495,train
P27496,train
P27497,train
P27498,train
P27499,train
P27500,test
P27501,train
P27502,train
P27503,train
P27504,train
P27505,train
P27506,validation
P27507,train
P27508,train
P27509,train
P27510,train
P27511,train
P27512,train
P27513,test
P27514,train
P27515,train
P27516,train
P27517,train
P27518,train
P27519,validation
P27520,train
P27521,train
P27522,train
P27523,train
P27524,train
P27525,train
P27526,test
P27527,test
P27528,train
P27529,train
P27530,validation
P27531,train
P27532,train
P27533,train
P27534,train
P27535,validation
P27536,train
P27537,test
P27538,test
P27539,train
P27540,train
P27541,test
P27542,train
P27543,train
P27544,train
P27545,test
P27546,train
P27547,train
P27548,train
P27549,train
P27550,train
P27551,train
P27552,train
P27553,train
P27554,train
P27555,train
P27556,train
P27557,test
P27558,train
P27559,train
P27560,train
P27561,test
P27562,test
P27563,train
P27564,train
P27565,train
P27566,train
P27567,train
P27568,train
P27569,train
P27570,test
P27571,train
P27572,train
P27573,train
P27574,train
P27575,train
P27576,train
P27577,train
P27578,train
P27579,train
P27580,train
P27581,test
P27582,train
P27583,train
P27584,train
P27585,test
P27586,train
P27587,train
P27588,train
P27589,test
P27590,test
P27591,train
P27592,train
P27593,train
P27594,train
P27595,train
P27596,train
P27597,test
P27598,train
P27599,train
P27600,test
P27601,train
P27602,train
P27603,test
P27604,validation
P27605,train
P27606,validation
P27607,test
P27608,test
P27609,train
P27610,train
P27611,test
P27612,train
P27613,train
P27614,train
P27615,train
P27616,train
P27617,train
P27618,train
P27619,train
P27620,train
P27621,train
P27622,train
P27623,train
P27624,train
P27625,train
P27626,train
P27627,validation
P27628,train
P27629,validation
P27630,train
P27631,train
P27632,train
P27633,train
P27634,train
P27635,train
P27636,test
P27637,test
P27638,train
P27639,train
P27640,validation
P27641,train
P27642,test
P27643,train
P27644,train
P27645,train
P27646,train
P27647,train
P27648,train
P27649,train
P27650,validation
P27651,train
P27652,train
P27653,train
P27654,train
P27655,train
P27656,train
P27657,train
P27658,train
P27659,train
P27660,validation
P27661,validation
P27662,train
P27663,train
P27664,train
P27665,train
P27666,train
P27667,test
P27668,train
P27669,train
P27670,train
P27671,train
P27672,train
P27673,train
P27674,train
P27675,train
P27676,test
P27677,test
P27678,validation
P27679,train
P27680,train
P27681,train
P27682,train
P27683,train
P27684,train
P27685,train
P27686,train
P27687,train
P27688,train
P27689,train
P27690,train
P27691,train
P27692,train
P27693,test
P27694,train
P27695,train
P27696,test
P27697,validation
P27698,test
P27699,train
P27700,train
P27701,train
P27702,train
P27703,train
P27704,train
P27705,train
P27706,train
P27707,train
P27708,validation
P27709,train
P27710,train
P27711,train
P27712,train
P27713,train
P27714,train
P27715,train
P27716,test
P27717,train
P27718,train
P27719,train
P27720,train
P27721,train
P27722,train
P27723,train
P27724,train
P27725,validation
P27726,train
P27727,test
P27728,test
P27729,test
P27730,test
P27731,train
P27732,validation
P27733,train
P27734,train
P27735,train
P27736,train
P27737,train
P27738,train
P27739,train
P27740,train
P27741,validation
P27742,train
P27743,train
P27744,train
P27745,train
P27746,test
P27747,train
P27748,train
P27749,train
P27750,train
P27751,train
P27752,validation
P27753,train
P27754,train
P27755,train
P27756,train
P27757,train
P27758,train
P27759,validation
P27760,train
P27761,train
P27762,train
P27763,train
P27764,test
P27765,train
P27766,train
P27767,train
P27768,train
P27769,train
P27770,train
P27771,train
P27772,train
P27773,train
P27774,validation
P27775,test
P27776,train
P27777,validation
P27778,train
P27779,validation
P27780,train
P27781,train
P27782,train
P27783,test
P27784,validation
P27785,train
P27786,train
P27787,train
P27788,test
P27789,train
P27790,train
P27791,test
P27792,train
P27793,test
P27794,train
P27795,train
P27796,train
P27797,train
P27798,train
P27799,test
P27800,validation
P27801,train
P27802,test
P27803,train
P27804,train
P27805,train
P27806,train
P27807,test
P27808,test
P27809,train
P27810,train
P27811,train
P27812,validation
P27813,train
P27814,train
P27815,train
P27816,train
P27817,train
P27818,train
P27819,validation
P27820,train
P27821,train
P27822,train
P27823,train
P27824,test
P27825,train
P27826,validation
P27827,train
P27828,train
P27829,test
P27830,train
P27831,train
P27832,train
P27833,train
P27834,train
P27835,validation
P27836,train
P27837,train
P27838,train
P27839,train
P27840,test
P27841,validation
P27842,train
P27843,validation
P27844,train
P27845,train
P27846,train
P27847,train
P27848,test
P27849,train
P27850,train
P27851,test
P27852,train
P27853,train
P27854,train
P27855,train
P27856,train
P27857,train
P27858,validation
P27859,train
P27860,train
P27861,train
P27862,validation
P27863,train
P27864,train
P27865,train
P27866,train
P27867,train
P27868,validation
P27869,train
P27870,train
P27871,validation
P27872,train
P27873,train
P27874,train
P27875,train
P27876,validation
P27877,test
P27878,train
P27879,train
P27880,train
P27881,train
P27882,validation
P27883,train
P27884,train
P27885,train
P27886,train
P27887,train
P27888,validation
P27889,train
P27890,validation
P27891,train
P27892,train
P27893,train
P27894,train
P27895,train
P27896,train
P27897,validation
P27898,train
P27899,train
P27900,validation
P27901,train
P27902,validation
P27903,test
P27904,train
P27905,validation
P27906,test
P27907,train
P27908,train
P27909,test
P27910,train
P27911,validation
P27912,train
P27913,train
P27914,train
P27915,train
P27916,train
P27917,train
P27918,train
P27919,train
P27920,train
P27921,validation
P27922,train
P27923,train
P27924,train
P27925,test
P27926,validation
P27927,train
P27928,train
P27929,test
P27930,train
P27931,test
P27932,train
P27933,train
P27934,validation
P27935,test
P27936,validation
P27937,train
P27938,test
P27939,train
P27940,test
P27941,test
P27942,train
P27943,train
P27944,train
P27945,train
P27946,train
P27947,train
P27948,validation
P27949,validation
P27950,validation
P27951,train
P27952,train
P27953,train
P27954,test
P27955,train
P27956,train
P27957,train
P27958,test
P27959,train
P27960,train
P27961,train
P27962,test
P27963,train
P27964,train
P27965,train
P27966,train
P27967,test
P27968,train
P27969,train
P27970,train
P27971,test
P27972,train
P27973,train
P27974,train
P27975,train
P27976,train
P27977,test
P27978,train
P27979,train
P27980,train
P27981,train
P27982,train
P27983,train
P27984,train
P27985,train
P27986,train
P27987,train
P27988,test
P27989,train
P27990,train
P27991,train
P27992,train
P27993,train
P27994,train
P27995,train
P27996,train
P27997,train
P27998,train
P27999,train
P28000,test
P28001,train
P28002,train
P28003,train
P28004,test
P28005,train
P28006,train
P28007,validation
P28008,train
P28009,train
P28010,validation
P28011,train
P28012,train
P28013,train
P28014,train
P28015,train
P28016,train
P28017,train
P28018,train
P28019,train
P28020,train
P28021,train
P28022,train
P28023,train
P28024,train
P28025,train
P28026,train
P28027,train
P28028,train
P28029,test
P28030,train
P28031,train
P28032,train
P28033,train
P28034,test
P28035,train
P28036,test
P28037,validation
P28038,train
P28039,train
P28040,train
P28041,train
P28042,train
P28043,train
P28044,train
P28045,train
P28046,train
P28047,train
P28048,train
P28049,train
P28050,validation
P28051,train
P28052,train
P28053,train
P28054,train
P28055,train
P28056,train
P28057,validation
P28058,validation
P28059,train
P28060,train
P28061,train
P28062,train
P28063,test
P28064,train
P28065,train
P28066,test
P28067,train
P28068,validation
P28069,train
P28070,train
P28071,validation
P28072,train
P28073,train
P28074,train
P28075,test
P28076,train
P28077,train
P28078,train
P28079,train
P28080,train
P28081,train
P28082,train
P28083,train
P28084,train
P28085,train
P28086,train
P28087,train
P28088,train
P28089,train
P28090,train
P28091,train
P28092,train
P28093,train
P28094,train
P28095,validation
P28096,train
P28097,train
P28098,test
P28099,validation
P28100,train
P28101,train
P28102,validation
P28103,test
P28104,train
P28105,train
P28106,train
P28107,test
P28108,train
P28109,train
P28110,train
P28111,train
P28112,train
P28113,validation
P28114,train
P28115,train
P28116,test
P28117,test
P28118,train
P28119,train
P28120,train
P28121,train
P28122,train
P28123,train
P28124,train
P28125,test
P28126,train
P28127,train
P28128,train
P28129,train
P28130,train
P28131,validation
P28132,train
P28133,train
P28134,test
P28135,train
P28136,test
P28137,train
P28138,train
P28139,test
P28140,train
P28141,train
P28142,train
P28143,train
P28144,train
P28145,validation
P28146,train
P28147,train
P28148,train
P28149,train
P28150,validation
P28151,train
P28152,train
P28153,train
P28154,train
P28155,train
P28156,test
P28157,train
P28158,train
P28159,train
P28160,train
P28161,train
P28162,train
P28163,train
P28164,train
P28165,train
P28166,test
P28167,train
P28168,train
P28169,train
P28170,train
P28171,train
P28172,train
P28173,train
P28174,train
P28175,test
P28176,train
P28177,train
P28178,train
P28179,train
P28180,train
P28181,train
P28182,train
P28183,validation
P28184,train
P28185,train
P28186,validation
P28187,test
P28188,train
P28189,train
P28190,train
P28191,train
P28192,train
P28193,train
P28194,train
P28195,train
P28196,train
P28197,train
P28198,train
P28199,train
P28200,train
P28201,test
P28202,train
P28203,validation
P28204,train
P28205,test
P28206,train
P28207,train
P28208,train
P28209,train
P28210,validation
P28211,train
P28212,test
P28213,train
P28214,train
P28215,train
P28216,train
P28217,train
P28218,test
P28219,train
P28220,train
P28221,train
P28222,test
P28223,train
P28224,test
P28225,validation
P28226,test
P28227,train
P28228,test
P28229,train
P28230,train
P28231,train
P28232,train
P28233,train
P28234,train
P28235,train
P28236,train
P28237,train
P28238,train
P28239,train
P28240,train
P28241,train
P28242,train
P28243,train
P28244,train
P28245,train
P28246,train
P28247,train
P28248,train
P28249,train
P28250,train
P28251,train
P28252,train
P28253,train
P28254,train
P28255,train
P28256,train
P28257,validation
P28258,validation
P28259,validation
P28260,train
P28261,train
P28262,train
P28263,train
P28264,train
P28265,train
P28266,train
P28267,train
P28268,validation
P28269,test
P28270,train
P28271,train
P28272,train
P28273,train
P28274,train
P28275,test
P28276,train
P28277,train
P28278,train
P28279,validation
P28280,train
P28281,train
P28282,train
P28283,train
P28284,train
P28285,validation
P28286,train
P28287,test
P28288,test
P28289,train
P28290,train
P28291,train
P28292,validation
P28293,train
P28294,train
P28295,train
P28296,train
P28297,validation
P28298,train
P28299,train
P28300,train
P28301,train
P28302,train
P28303,train
P28304,train
P28305,train
P28306,train
P28307,validation
P28308,train
P28309,train
P28310,train
P28311,test
P28312,train
P28313,train
P28314,train
P28315,train
P28316,train
P28317,train
P28318,test
P28319,train
P28320,train
P28321,train
P28322,train
P28323,train
P28324,validation
P28325,train
P28326,train
P28327,train
P28328,train
P28329,train
P28330,train
P28331,train
P28332,train
P28333,train
P28334,test
P28335,train
P28336,train
P28337,train
P28338,train
P28339,train
P28340,train
P28341,train
P28342,train
P28343,train
P28344,train
P28345,train
P28346,train
P28347,train
P28348,train
P28349,train
P28350,train
P28351,train
P28352,train
P28353,test
P28354,train
P28355,train
P28356,train
P28357,train
P28358,test
P28359,train
P28360,train
P28361,validation
P28362,train
P28363,test
P28364,test
P28365,validation
P28366,train
P28367,train
P28368,train
P28369,validation
P28370,train
P28371,train
P28372,train
P28373,train
P28374,train
P28375,train
P28376,validation
P28377,train
P28378,train
P28379,train
P28380,train
P28381,train
P28382,train
P28383,train
P28384,train
P28385,train
P28386,train
P28387,train
P28388,train
P28389,train
P28390,train
P28391,train
P28392,train
P28393,train
P28394,train
P28395,train
P28396,train
P28397,train
P28398,train
P28399,train
P28400,train
P28401,train
P28402,test
P28403,train
P28404,train
P28405,train
P28406,test
P28407,train
P28408,train
P28409,train
P28410,train
P28411,test
P28412,train
P28413,train
P28414,test
P28415,validation
P28416,train
P28417,train
P28418,train
P28419,train
P28420,train
P28421,train
P28422,validation
P28423,train
P28424,train
P28425,train
P28426,train
P28427,train
P28428,train
P28429,train
P28430,train
P28431,train
P28432,test
P28433,validation
P28434,train
P28435,train
P28436,train
P28437,train
P28438,validation
P28439,validation
P28440,test
P28441,validation
P28442,validation
P28443,train
P28444,train
P28445,train
P28446,test
P28447,train
P28448,train
P28449,train
P28450,train
P28451,train
P28452,train
P28453,train
P28454,train
P28455,test
P28456,validation
P28457,train
P28458,train
P28459,train
P28460,train
P28461,test
P28462,validation
P28463,train
P28464,train
P28465,train
P28466,train
P28467,train
P28468,train
P28469,validation
P28470,train
P28471,train
P28472,train
P28473,train
P28474,train
P28475,train
P28476,test
P28477,train
P28478,train
P28479,validation
P28480,train
P28481,validation
P28482,validation
P28483,train
P28484,test
P28485,train
P28486,train
P28487,train
P28488,train
P28489,train
P28490,train
P28491,train
P28492,train
P28493,train
P28494,train
P28495,train
P28496,train
P28497,validation
P28498,train
P28499,train
P28500,train
P28501,test
P28502,train
P28503,train
P28504,train
P28505,test
P28506,train
P28507,train
P28508,train
P28509,test
P28510,train
P28511,train
P28512,train
P28513,train
P28514,train
P28515,test
P28516,train
P28517,test
P28518,train
P28519,train
P28520,train
P28521,train
P28522,train
P28523,train
P28524,train
P28525,train
P28526,train
P28527,train
P28528,train
P28529,train
P28530,test
P28531,train
P28532,train
P28533,validation
P28534,train
P28535,train
P28536,validation
P28537,train
P28538,train
P28539,train
P28540,validation
P28541,train
P28542,validation
P28543,train
P28544,test
P28545,train
P28546,train
P28547,train
P28548,train
P28549,train
P28550,train
P28551,train
P28552,test
P28553,train
P28554,train
P28555,validation
P28556,test
P28557,train
P28558,train
P28559,test
P28560,train
P28561,validation
P28562,train
P28563,validation
P28564,test
P28565,train
P28566,train
P28567,train
P28568,validation
P28569,test
P28570,validation
P28571,validation
P28572,train
P28573,train
P28574,test
P28575,train
P28576,train
P28577,validation
P28578,train
P28579,train
P28580,train
P28581,train
P28582,train
P28583,train
P28584,validation
P28585,train
P28586,validation
P28587,train
P28588,train
P28589,train
P28590,test
P28591,train
P28592,train
P28593,train
P28594,train
P28595,validation
P28596,train
P28597,test
P28598,train
P28599,test
P28600,train
P28601,train
P28602,train
P28603,train
P28604,test
P28605,test
P28606,test
P28607,train
P28608,train
P28609,validation
P28610,validation
P28611,train
P28612,train
P28613,train
P28614,train
P28615,train
P28616,train
P28617,validation
P28618,test
P28619,train
P28620,train
P28621,train
P28622,train
P28623,train
P28624,test
P28625,train
P28626,train
P28627,validation
P28628,train
P28629,train
P28630,test
P28631,train
P28632,train
P28633,train
P28634,test
P28635,train
P28636,train
P28637,train
P28638,train
P28639,train
P28640,validation
P28641,train
P28642,train
P28643,test
P28644,train
P28645,train
P28646,train
P28647,train
P28648,train
P28649,train
P28650,train
P28651,train
P28652,validation
P28653,train
P28654,test
P28655,train
P28656,test
P28657,train
P28658,train
P28659,train
P28660,train
P28661,train
P28662,train
P28663,train
P28664,train
P28665,validation
P28666,train
P28667,train
P28668,train
P28669,train
P28670,train
P28671,train
P28672,train
P28673,train
P28674,train
P28675,train
P28676,train
P28677,train
P28678,train
P28679,train
P28680,test
P28681,validation
P28682,train
P28683,train
P28684,train
P28685,train
P28686,train
P28687,validation
P28688,train
P28689,train
P28690,train
P28691,train
P28692,train
P28693,train
P28694,train
P28695,train
P28696,train
P28697,validation
P28698,train
P28699,train
P28700,train
P28701,train
P28702,train
P28703,test
P28704,train
P28705,train
P28706,train
P28707,train
P28708,train
P28709,train
P28710,train
P28711,train
P28712,validation
P28713,train
P28714,validation
P28715,validation
P28716,validation
P28717,validation
P28718,validation
P28719,train
P28720,train
P28721,train
P28722,train
P28723,train
P28724,train
P28725,validation
P28726,train
P28727,validation
P28728,train
P28729,train
P28730,train
P28731,train
P28732,train
P28733,train
P28734,train
P28735,train
P28736,train
P28737,train
P28738,validation
P28739,train
P28740,train
P28741,train
P28742,train
P28743,train
P28744,train
P28745,train
P28746,train
P28747,train
P28748,train
P28749,train
P28750,train
P28751,train
P28752,train
P28753,train
P28754,train
P28755,test
P28756,train
P28757,train
P28758,train
P28759,train
P28760,train
P28761,train
P28762,train
P28763,test
P28764,train
P28765,train
P28766,train
P28767,train
P28768,train
P28769,train
P28770,train
P28771,train
P28772,train
P28773,train
P28774,test
P28775,test
P28776,train
P28777,train
P28778,train
P28779,train
P28780,train
P28781,train
P28782,train
P28783,test
P28784,train
P28785,test
P28786,train
P28787,train
P28788,validation
P28789,train
P28790,train
P28791,train
P28792,train
P28793,train
P28794,test
P28795,train
P28796,train
P28797,train
P28798,test
P28799,train
P28800,train
P28801,train
P28802,train
P28803,train
P28804,train
P28805,train
P28806,train
P28807,test
P28808,train
P28809,train
P28810,validation
P28811,train
P28812,train
P28813,train
P28814,train
P28815,test
P28816,validation
P28817,train
P28818,validation
P28819,test
P28820,train
P28821,train
P28822,train
P28823,validation
P28824,train
P28825,train
P28826,validation
P28827,train
P28828,train
P28829,train
P28830,train
P28831,validation
P28832,train
P28833,train
P28834,train
P28835,train
P28836,train
P28837,train
P28838,train
P28839,train
P28840,train
P28841,train
P28842,train
P28843,train
P28844,train
P28845,train
P28846,train
P28847,train
P28848,train
P28849,train
P28850,train
P28851,train
P28852,test
P28853,train
P28854,train
P28855,train
P28856,validation
P28857,train
P28858,train
P28859,test
P28860,train
P28861,test
P28862,train
P28863,train
P28864,train
P28865,train
P28866,train
P28867,train
P28868,train
P28869,train
P28870,train
P28871,train
P28872,train
P28873,train
P28874,train
P28875,train
P28876,validation
P28877,test
P28878,train
P28879,train
P28880,train
P28881,train
P28882,train
P28883,train
P28884,train
P28885,train
P28886,validation
P28887,validation
P28888,train
P28889,train
P28890,validation
P28891,train
P28892,train
P28893,train
P28894,test
P28895,train
P28896,train
P28897,train
P28898,test
P28899,train
P28900,train
P28901,train
P28902,train
P28903,train
P28904,train
P28905,train
P28906,train
P28907,validation
P28908,train
P28909,validation
P28910,train
P28911,test
P28912,train
P28913,train
P28914,train
P28915,train
P28916,train
P28917,train
P28918,validation
P28919,train
P28920,train
P28921,train
P28922,test
P28923,validation
P28924,test
P28925,train
P28926,train
P28927,test
P28928,train
P28929,train
P28930,train
P28931,train
P28932,train
P28933,train
P28934,train
P28935,train
P28936,train
P28937,train
P28938,train
P28939,train
P28940,test
P28941,train
P28942,validation
P28943,validation
P28944,validation
P28945,train
P28946,train
P28947,train
P28948,validation
P28949,train
P28950,train
P28951,train
P28952,train
P28953,train
P28954,train
P28955,train
P28956,train
P28957,train
P28958,train
P28959,train
P28960,train
P28961,train
P28962,test
P28963,train
P28964,train
P28965,train
P28966,train
P28967,train
P28968,test
P28969,validation
P28970,validation
P28971,train
P28972,test
P28973,train
P28974,train
P28975,train
P28976,test
P28977,train
P28978,train
P28979,validation
P28980,train
P28981,test
P28982,train
P28983,train
P28984,validation
P28985,train
P28986,validation
P28987,train
P28988,train
P28989,train
P28990,test
P28991,validation
P28992,train
P28993,train
P28994,train
P28995,train
P28996,test
P28997,train
P28998,train
P28999,train
P29000,test
P29001,train
P29002,train
P29003,train
P29004,train
P29005,train
P29006,train
P29007,train
P29008,validation
P29009,train
P29010,train
P29011,train
P29012,test
P29013,train
P29014,validation
P29015,train
P29016,test
P29017,train
P29018,train
P29019,validation
P29020,train
P29021,train
P29022,train
P29023,test
P29024,train
P29025,validation
P29026,train
P29027,train
P29028,train
P29029,train
P29030,train
P29031,train
P29032,train
P29033,validation
P29034,train
P29035,train
P29036,validation
P29037,train
P29038,train
P29039,train
P29040,train
P29041,train
P29042,train
P29043,validation
P29044,train
P29045,train
P29046,train
P29047,train
P29048,train
P29049,train
P29050,train
P29051,validation
P29052,train
P29053,validation
P29054,validation
P29055,train
P29056,train
P29057,validation
P29058,train
P29059,train
P29060,train
P29061,validation
P29062,train
P29063,train
P29064,train
P29065,train
P29066,train
P29067,test
P29068,train
P29069,train
P29070,train
P29071,test
P29072,train
P29073,train
P29074,train
P29075,train
P29076,train
P29077,train
P29078,test
P29079,train
P29080,train
P29081,train
P29082,test
P29083,train
P29084,train
P29085,train
P29086,train
P29087,train
P29088,train
P29089,train
P29090,train
P29091,validation
P29092,train
P29093,train
P29094,train
P29095,train
P29096,train
P29097,train
P29098,train
P29099,train
P29100,train
P29101,train
P29102,train
P29103,train
P29104,train
P29105,train
P29106,train
P29107,train
P29108,train
P29109,validation
P29110,train
P29111,train
P29112,validation
P29113,train
P29114,train
P29115,train
P29116,test
P29117,train
P29118,train
P29119,train
P29120,train
P29121,validation
P29122,train
P29123,train
P29124,train
P29125,test
P29126,train
P29127,validation
P29128,train
P29129,train
P29130,train
P29131,validation
P29132,train
P29133,train
P29134,train
P29135,train
P29136,train
P29137,train
P29138,test
P29139,train
P29140,test
P29141,train
P29142,train
P29143,train
P29144,train
P29145,train
P29146,train
P29147,train
P29148,validation
P29149,train
P29150,test
P29151,train
P29152,train
P29153,train
P29154,train
P29155,train
P29156,train
P29157,test
P29158,train
P29159,validation
P29160,train
P29161,test
P29162,train
P29163,train
P29164,train
P29165,validation
P29166,train
P29167,train
P29168,train
P29169,train
P29170,train
P29171,train
P29172,train
P29173,train
P29174,train
P29175,train
P29176,train
P29177,test
P29178,train
P29179,train
P29180,train
P29181,validation
P29182,train
P29183,train
P29184,validation
P29185,train
P29186,train
P29187,train
P29188,train
P29189,train
P29190,train
P29191,validation
P29192,train
P29193,train
P29194,train
P29195,train
P29196,train
P29197,train
P29198,train
P29199,train
P29200,train
P29201,train
P29202,test
P29203,test
P29204,train
P29205,train
P29206,train
P29207,train
P29208,train
P29209,train
P29210,test
P29211,train
P29212,train
P29213,train
P29214,train
P29215,test
P29216,validation
P29217,train
P29218,train
P29219,train
P29220,train
P29221,train
P29222,train
P29223,test
P29224,train
P29225,train
P29226,train
P29227,train
P29228,train
P29229,validation
P29230,train
P29231,validation
P29232,train
P29233,train
P29234,train
P29235,train
P29236,train
P29237,test
P29238,train
P29239,train
P29240,train
P29241,train
P29242,train
P29243,train
P29244,train
P29245,train
P29246,train
P29247,train
P29248,train
P29249,test
P29250,train
P29251,validation
P29252,validation
P29253,train
P29254,train
P29255,train
P29256,train
P29257,train
P29258,train
P29259,train
P29260,train
P29261,train
P29262,train
P29263,test
P29264,train
P29265,train
P29266,train
P29267,train
P29268,train
P29269,train
P29270,train
P29271,train
P29272,train
P29273,train
P29274,test
P29275,train
P29276,train
P29277,train
P29278,validation
P29279,train
P29280,validation
P29281,train
P29282,train
P29283,train
P29284,train
P29285,train
P29286,train
P29287,train
P29288,train
P29289,train
P29290,train
P29291,train
P29292,train
P29293,test
P29294,train
P29295,train
P29296,validation
P29297,train
P29298,train
P29299,train
P29300,train
P29301,train
P29302,train
P29303,validation
P29304,train
P29305,train
P29306,train
P29307,train
P29308,train
P29309,train
P29310,train
P29311,train
P29312,train
P29313,train
P29314,train
P29315,train
P29316,train
P29317,train
P29318,test
P29319,validation
P29320,train
P29321,train
P29322,train
P29323,train
P29324,train
P29325,train
P29326,train
P29327,validation
P29328,train
P29329,train
P29330,train
P29331,train
P29332,train
P29333,test
P29334,train
P29335,validation
P29336,train
P29337,train
P29338,train
P29339,validation
P29340,train
P29341,train
P29342,train
P29343,test
P29344,validation
P29345,train
P29346,train
P29347,train
P29348,train
P29349,train
P29350,train
P29351,train
P29352,train
P29353,validation
P29354,train
P29355,validation
P29356,train
P29357,train
P29358,train
P29359,train
P29360,train
P29361,train
P29362,train
P29363,train
P29364,train
P29365,train
P29366,train
P29367,train
P29368,train
P29369,train
P29370,train
P29371,train
P29372,train
P29373,train
P29374,validation
P29375,train
P29376,train
P29377,train
P29378,validation
P29379,train
P29380,train
P29381,train
P29382,train
P29383,validation
P29384,train
P29385,train
P29386,train
P29387,train
P29388,train
P29389,train
P29390,train
P29391,train
P29392,train
P29393,train
P29394,train
P29395,train
P29396,train
P29397,train
P29398,train
P29399,train
P29400,test
P29401,train
P29402,train
P29403,validation
P29404,train
P29405,validation
P29406,test
P29407,train
P29408,validation
P29409,train
P29410,train
P29411,validation
P29412,train
P29413,train
P29414,train
P29415,train
P29416,train
P29417,train
P29418,train
P29419,train
P29420,validation
P29421,train
P29422,train
P29423,train
P29424,validation
P29425,train
P29426,train
P29427,validation
P29428,train
P29429,train
P29430,train
P29431,train
P29432,train
P29433,train
P29434,validation
P29435,train
P29436,train
P29437,train
P29438,train
P29439,train
P29440,train
P29441,test
P29442,validation
P29443,train
P29444,train
P29445,train
P29446,train
P29447,train
P29448,train
P29449,train
P29450,train
P29451,train
P29452,test
P29453,train
P29454,train
P29455,train
P29456,train
P29457,train
P29458,train
P29459,validation
P29460,train
P29461,test
P29462,validation
P29463,train
P29464,validation
P29465,test
P29466,train
P29467,train
P29468,train
P29469,train
P29470,validation
P29471,train
P29472,train
P29473,test
P29474,train
P29475,train
P29476,train
P29477,train
P29478,train
P29479,train
P29480,train
P29481,train
P29482,validation
P29483,train
P29484,test
P29485,train
P29486,validation
P29487,train
P29488,test
P29489,train
P29490,train
P29491,validation
P29492,train
P29493,train
P29494,train
P29495,train
P29496,train
P29497,train
P29498,validation
P29499,train
P29500,test
P29501,train
P29502,validation
P29503,test
P29504,train
P29505,test
P29506,train
P29507,train
P29508,train
P29509,test
P29510,train
P29511,train
P29512,train
P29513,train
P29514,train
P29515,train
P29516,test
P29517,train
P29518,train
P29519,train
P29520,validation
P29521,train
P29522,train
P29523,train
P29524,test
P29525,train
P29526,train
P29527,train
P29528,train
P29529,train
P29530,train
P29531,train
P29532,validation
P29533,train
P29534,train
P29535,train
P29536,train
P29537,train
P29538,test
P29539,train
P29540,train
P29541,train
P29542,test
P29543,train
P29544,train
P29545,train
P29546,test
P29547,train
P29548,train
P29549,train
P29550,train
P29551,train
P29552,train
P29553,train
P29554,train
P29555,validation
P29556,train
P29557,test
P29558,train
P29559,train
P29560,train
P29561,train
P29562,train
P29563,train
P29564,train
P29565,train
P29566,train
P29567,train
P29568,test
P29569,train
P29570,train
P29571,train
P29572,train
P29573,train
P29574,train
P29575,train
P29576,train
P29577,train
P29578,train
P29579,train
P29580,train
P29581,train
P29582,train
P29583,train
P29584,train
P29585,train
P29586,train
P29587,train
P29588,train
P29589,train
P29590,test
P29591,train
P29592,test
P29593,train
P29594,train
P29595,train
P29596,train
P29597,validation
P29598,train
P29599,train
P29600,train
P29601,test
P29602,train
P29603,train
P29604,train
P29605,train
P29606,train
P29607,train
P29608,train
P29609,train
P29610,train
P29611,train
P29612,train
P29613,train
P29614,test
P29615,train
P29616,train
P29617,train
P29618,train
P29619,train
P29620,train
P29621,train
P29622,validation
P29623,validation
P29624,train
P29625,train
P29626,train
P29627,train
P29628,train
P29629,test
P29630,validation
P29631,test
P29632,train
P29633,train
P29634,train
P29635,train
P29636,train
P29637,train
P29638,train
P29639,train
P29640,validation
P29641,train
P29642,train
P29643,train
P29644,validation
P29645,test
P29646,train
P29647,train
P29648,train
P29649,test
P29650,test
P29651,validation
P29652,train
P29653,train
P29654,train
P29655,train
P29656,train
P29657,train
P29658,test
P29659,train
P29660,test
P29661,validation
P29662,train
P29663,train
P29664,train
P29665,train
P29666,train
P29667,validation
P29668,test
P29669,train
P29670,train
P29671,test
P29672,validation
P29673,train
P29674,train
P29675,train
P29676,test
P29677,train
P29678,train
P29679,test
P29680,validation
P29681,test
P29682,train
P29683,train
P29684,train
P29685,train
P29686,train
P29687,validation
P29688,test
P29689,train
P29690,train
P29691,train
P29692,validation
P29693,train
P29694,train
P29695,train
P29696,train
P29697,train
P29698,train
P29699,validation
P29700,train
P29701,validation
P29702,validation
P29703,test
P29704,validation
P29705,train
P29706,train
P29707,train
P29708,validation
P29709,train
P29710,train
P29711,train
P29712,train
P29713,train
P29714,test
P29715,train
P29716,train
P29717,train
P29718,train
P29719,train
P29720,train
P29721,test
P29722,train
P29723,train
P29724,test
P29725,train
P29726,train
P29727,test
P29728,train
P29729,validation
P29730,train
P29731,validation
P29732,train
P29733,train
P29734,train
P29735,test
P29736,train
P29737,train
P29738,train
P29739,train
P29740,validation
P29741,train
P29742,train
P29743,train
P29744,train
P29745,test
P29746,train
P29747,train
P29748,train
P29749,train
P29750,train
P29751,train
P29752,train
P29753,test
P29754,train
P29755,train
P29756,test
P29757,train
P29758,train
P29759,train
P29760,train
P29761,train
P29762,train
P29763,train
P29764,validation
P29765,validation
P29766,train
P29767,validation
P29768,train
P29769,train
P29770,train
P29771,test
P29772,train
P29773,train
P29774,test
P29775,train
P29776,train
P29777,train
P29778,test
P29779,train
P29780,train
P29781,validation
P29782,train
P29783,train
P29784,validation
P29785,train
P29786,train
P29787,test
P29788,test
P29789,train
P29790,test
P29791,train
P29792,train
P29793,train
P29794,train
P29795,train
P29796,train
P29797,train
P29798,train
P29799,train
P29800,train
P29801,train
P29802,train
P29803,train
P29804,validation
P29805,train
P29806,train
P29807,train
P29808,train
P29809,train
P29810,test
P29811,test
P29812,validation
P29813,train
P29814,train
P29815,train
P29816,train
P29817,train
P29818,validation
P29819,train
P29820,train
P29821,train
P29822,train
P29823,train
P29824,train
P29825,test
P29826,train
P29827,train
P29828,train
P29829,train
P29830,train
P29831,train
P29832,train
P29833,train
P29834,validation
P29835,train
P29836,train
P29837,train
P29838,train
P29839,train
P29840,validation
P29841,train
P29842,train
P29843,train
P29844,train
P29845,train
P29846,train
P29847,train
P29848,train
P29849,train
P29850,train
P29851,train
P29852,validation
P29853,train
P29854,train
P29855,validation
P29856,train
P29857,test
P29858,train
P29859,train
P29860,train
P29861,train
P29862,train
P29863,train
P29864,train
P29865,train
P29866,train
P29867,validation
P29868,train
P29869,train
P29870,train
P29871,train
P29872,train
P29873,train
P29874,train
P29875,validation
P29876,train
P29877,train
P29878,train
P29879,test
P29880,train
P29881,train
P29882,train
P29883,train
P29884,test
P29885,train
P29886,validation
P29887,train
P29888,train
P29889,train
P29890,train
P29891,test
P29892,train
P29893,test
P29894,test
P29895,train
P29896,train
P29897,train
P29898,validation
P29899,train
P29900,train
P29901,train
P29902,train
P29903,train
P29904,validation
P29905,test
P29906,validation
P29907,train
P29908,train
P29909,train
P29910,train
P29911,train
P29912,train
P29913,train
P29914,train
P29915,train
P29916,train
P29917,validation
P29918,train
P29919,test
P29920,train
P29921,validation
P29922,train
P29923,test
P29924,test
P29925,train
P29926,validation
P29927,train
P29928,train
P29929,train
P29930,train
P29931,train
P29932,test
P29933,train
P29934,train
P29935,train
P29936,train
P29937,train
P29938,train
P29939,train
P29940,train
P29941,train
P29942,test
P29943,test
P29944,train
P29945,train
P29946,test
P29947,validation
P29948,test
P29949,train
P29950,train
P29951,train
P29952,train
P29953,train
P29954,train
P29955,train
P29956,train
P29957,train
P29958,train
P29959,validation
P29960,test
P29961,train
P29962,train
P29963,train
P29964,train
P29965,test
P29966,train
P29967,train
P29968,train
P29969,train
P29970,train
P29971,train
P29972,train
P29973,train
P29974,train
P29975,train
P29976,train
P29977,validation
P29978,validation
P29979,test
P29980,train
P29981,test
P29982,train
P29983,train
P29984,validation
P29985,train
P29986,train
P29987,validation
P29988,validation
P29989,train
P29990,train
P29991,train
P29992,train
P29993,validation
P29994,train
P29995,train
P29996,train
P29997,train
P29998,validation
P29999,test
P30000,test
P30001,train
P30002,train
P30003,train
P30004,train
P30005,train
P30006,train
P30007,train
P30008,train
P30009,test
P30010,train
P30011,train
P30012,train
P30013,train
P30014,train
P30015,train
P30016,train
P30017,test
P30018,test
P30019,train
P30020,train
P30021,train
P30022,train
P30023,train
P30024,train
P30025,validation
P30026,train
P30027,test
P30028,validation
P30029,train
P30030,validation
P30031,train
P30032,train
P30033,validation
P30034,train
P30035,train
P30036,train
P30037,train
P30038,validation
P30039,train
P30040,test
P30041,train
P30042,train
P30043,validation
P30044,validation
P30045,validation
P30046,train
P30047,train
P30048,train
P30049,train
P30050,train
P30051,train
P30052,train
P30053,validation
P30054,train
P30055,validation
P30056,validation
P30057,train
P30058,train
P30059,train
P30060,train
P30061,train
P30062,train
P30063,validation
P30064,train
P30065,train
P30066,train
P30067,train
P30068,test
P30069,train
P30070,train
P30071,test
P30072,train
P30073,train
P30074,train
P30075,train
P30076,train
P30077,train
P30078,test
P30079,train
P30080,train
P30081,test
P30082,train
P30083,train
P30084,train
P30085,train
P30086,validation
P30087,train
P30088,train
P30089,test
P30090,train
P30091,train
P30092,train
P30093,train
P30094,train
P30095,train
P30096,test
P30097,train
P30098,test
P30099,train
P30100,test
P30101,validation
P30102,train
P30103,train
P30104,train
P30105,train
P30106,train
P30107,validation
P30108,train
P30109,train
P30110,train
P30111,train
P30112,train
P30113,validation
P30114,train
P30115,train
P30116,train
P30117,train
P30118,train
P30119,test
P30120,train
P30121,train
P30122,train
P30123,train
P30124,train
P30125,train
P30126,train
P30127,train
P30128,train
P30129,train
P30130,train
P30131,train
P30132,train
P30133,train
P30134,train
P30135,train
P30136,train
P30137,train
P30138,train
P30139,test
P30140,train
P30141,train
P30142,train
P30143,train
P30144,train
P30145,test
P30146,train
P30147,train
P30148,validation
P30149,test
P30150,train
P30151,train
P30152,train
P30153,train
P30154,train
P30155,train
P30156,train
P30157,train
P30158,train
P30159,train
P30160,test
P30161,train
P30162,train
P30163,train
P30164,train
P30165,train
P30166,train
P30167,train
P30168,train
P30169,train
P30170,train
P30171,train
P30172,train
P30173,train
P30174,train
P30175,train
P30176,train
P30177,train
P30178,train
P30179,train
P30180,train
P30181,validation
P30182,train
P30183,train
P30184,train
P30185,train
P30186,train
P30187,train
P30188,train
P30189,train
P30190,train
P30191,train
P30192,train
P30193,train
P30194,validation
P30195,train
P30196,train
P30197,validation
P30198,train
P30199,train
P30200,train
P30201,test
P30202,train
P30203,train
P30204,train
P30205,train
P30206,train
P30207,train
P30208,train
P30209,train
P30210,train
P30211,test
P30212,train
P30213,train
P30214,test
P30215,train
P30216,train
P30217,train
P30218,train
P30219,test
P30220,train
P30221,train
P30222,train
P30223,train
P30224,validation
P30225,train
P30226,train
P30227,train
P30228,train
P30229,train
P30230,test
P30231,train
P30232,train
P30233,train
P30234,train
P30235,train
P30236,train
P30237,train
P30238,train
P30239,train
P30240,train
P30241,train
P30242,validation
P30243,train
P30244,train
P30245,train
P30246,test
P30247,train
P30248,train
P30249,test
P30250,train
P30251,train
P30252,train
P30253,train
P30254,train
P30255,train
P30256,train
P30257,train
P30258,train
P30259,test
P30260,train
P30261,validation
P30262,validation
P30263,train
P30264,validation
P30265,train
P30266,train
P30267,train
P30268,train
P30269,test
P30270,train
P30271,train
P30272,train
P30273,train
P30274,train
P30275,train
P30276,train
P30277,train
P30278,train
P30279,train
P30280,test
P30281,train
P30282,train
P30283,train
P30284,train
P30285,train
P30286,train
P30287,train
P30288,train
P30289,train
P30290,validation
P30291,train
P30292,train
P30293,train
P30294,train
P30295,train
P30296,train
P30297,validation
P30298,train
P30299,test
P30300,train
P30301,train
P30302,train
P30303,train
P30304,validation
P30305,train
P30306,train
P30307,train
P30308,train
P30309,train
P30310,train
P30311,train
P30312,train
P30313,train
P30314,train
P30315,train
P30316,train
P30317,train
P30318,train
P30319,validation
P30320,train
P30321,train
P30322,train
P30323,train
P30324,train
P30325,train
P30326,test
P30327,train
P30328,train
P30329,train
P30330,train
P30331,train
P30332,validation
P30333,test
P30334,train
P30335,train
P30336,train
P30337,train
P30338,test
P30339,test
P30340,train
P30341,test
P30342,train
P30343,train
P30344,train
P30345,train
P30346,train
P30347,train
P30348,train
P30349,train
P30350,test
P30351,train
P30352,train
P30353,train
P30354,train
P30355,validation
P30356,train
P30357,validation
P30358,train
P30359,train
P30360,train
P30361,train
P30362,train
P30363,train
P30364,train
P30365,train
P30366,train
P30367,train
P30368,train
P30369,train
P30370,train
P30371,test
P30372,train
P30373,train
P30374,train
P30375,validation
P30376,train
P30377,train
P30378,train
P30379,train
P30380,train
P30381,train
P30382,train
P30383,train
P30384,train
P30385,train
P30386,train
P30387,train
P30388,train
P30389,train
P30390,train
P30391,train
P30392,train
P30393,train
P30394,test
P30395,train
P30396,test
P30397,train
P30398,train
P30399,train
P30400,train
P30401,test
P30402,validation
P30403,train
P30404,train
P30405,train
P30406,test
P30407,train
P30408,train
P30409,test
P30410,train
P30411,train
P30412,train
P30413,test
P30414,test
P30415,train
P30416,validation
P30417,train
P30418,train
P30419,train
P30420,train
P30421,train
P30422,train
P30423,test
P30424,train
P30425,train
P30426,train
P30427,train
P30428,train
P30429,train
P30430,test
P30431,validation
P30432,train
P30433,train
P30434,train
P30435,test
P30436,train
P30437,validation
P30438,train
P30439,train
P30440,train
P30441,validation
P30442,train
P30443,train
P30444,train
P30445,test
P30446,train
P30447,train
P30448,test
P30449,train
P30450,train
P30451,test
P30452,train
P30453,validation
P30454,train
P30455,train
P30456,train
P30457,train
P30458,train
P30459,train
P30460,train
P30461,validation
P30462,train
P30463,train
P30464,train
P30465,train
P30466,train
P30467,validation
P30468,train
P30469,train
P30470,train
P30471,train
P30472,train
P30473,train
P30474,validation
P30475,train
P30476,test
P30477,train
P30478,train
P30479,train
P30480,train
P30481,train
P30482,train
P30483,test
P30484,train
P30485,test
P30486,train
P30487,validation
P30488,train
P30489,test
P30490,train
P30491,train
P30492,train
P30493,train
P30494,validation
P30495,train
P30496,train
P30497,train
P30498,train
P30499,train
P30500,train
P30501,train
P30502,train
P30503,train
P30504,train
P30505,validation
P30506,train
P30507,test
P30508,train
P30509,train
P30510,train
P30511,test
P30512,test
P30513,train
P30514,train
P30515,train
P30516,train
P30517,train
P30518,train
P30519,train
P30520,train
P30521,validation
P30522,train
P30523,validation
P30524,train
P30525,train
P30526,train
P30527,train
P30528,train
P30529,train
P30530,train
P30531,train
P30532,train
P30533,train
P30534,train
P30535,train
P30536,train
P30537,train
P30538,train
P30539,train
P30540,test
P30541,train
P30542,train
P30543,train
P30544,validation
P30545,train
P30546,train
P30547,train
P30548,validation
P30549,train
P30550,train
P30551,train
P30552,train
P30553,train
P30554,train
P30555,validation
P30556,train
P30557,train
P30558,train
P30559,train
P30560,train
P30561,train
P30562,train
P30563,train
P30564,train
P30565,train
P30566,validation
P30567,train
P30568,train
P30569,train
P30570,train
P30571,train
P30572,train
P30573,test
P30574,train
P30575,train
P30576,train
P30577,train
P30578,train
P30579,train
P30580,validation
P30581,train
P30582,validation
P30583,train
P30584,validation
P30585,train
P30586,train
P30587,train
P30588,train
P30589,train
P30590,train
P30591,train
P30592,train
P30593,train
P30594,train
P30595,train
P30596,train
P30597,train
P30598,train
P30599,train
P30600,validation
P30601,train
P30602,train
P30603,train
P30604,train
P30605,train
P30606,train
P30607,train
P30608,train
P30609,train
P30610,train
P30611,train
P30612,train
P30613,train
P30614,train
P30615,train
P30616,train
P30617,validation
P30618,train
P30619,train
P30620,validation
P30621,train
P30622,train
P30623,train
P30624,train
P30625,train
P30626,test
P30627,train
P30628,train
P30629,train
P30630,train
P30631,validation
P30632,validation
P30633,test
P30634,test
P30635,train
P30636,train
P30637,train
P30638,validation
P30639,test
P30640,train
P30641,train
P30642,train
P30643,train
P30644,train
P30645,train
P30646,train
P30647,train
P30648,train
P30649,train
P30650,train
P30651,train
P30652,train
P30653,train
P30654,train
P30655,train
P30656,validation
P30657,train
P30658,train
P30659,train
P30660,train
P30661,train
P30662,train
P30663,train
P30664,train
P30665,test
P30666,train
P30667,train
P30668,train
P30669,train
P30670,train
P30671,train
P30672,train
P30673,test
P30674,train
P30675,train
P30676,test
P30677,test
P30678,train
P30679,train
P30680,train
P30681,train
P30682,train
P30683,train
P30684,train
P30685,validation
P30686,train
P30687,train
P30688,train
P30689,train
P30690,test
P30691,train
P30692,train
P30693,test
P30694,train
P30695,train
P30696,test
P30697,train
P30698,train
P30699,train
P30700,train
P30701,train
P30702,train
P30703,train
P30704,train
P30705,train
P30706,train
P30707,train
P30708,train
P30709,train
P30710,test
P30711,train
P30712,train
P30713,train
P30714,validation
P30715,train
P30716,train
P30717,train
P30718,train
P30719,train
P30720,train
P30721,test
P30722,train
P30723,train
P30724,test
P30725,train
P30726,train
P30727,train
P30728,train
P30729,train
P30730,train
P30731,train
P30732,validation
P30733,validation
P30734,train
P30735,train
P30736,train
P30737,train
P30738,train
P30739,train
P30740,train
P30741,train
P30742,train
P30743,validation
P30744,train
P30745,train
P30746,train
P30747,test
P30748,train
P30749,train
P30750,train
P30751,train
P30752,train
P30753,train
P30754,test
P30755,train
P30756,train
P30757,test
P30758,train
P30759,test
P30760,train
P30761,train
P30762,test
P30763,train
P30764,train
P30765,train
P30766,validation
P30767,train
P30768,train
P30769,train
P30770,train
P30771,validation
P30772,train
P30773,train
P30774,train
P30775,train
P30776,train
P30777,train
P30778,train
P30779,train
P30780,validation
P30781,train
P30782,train
P30783,train
P30784,train
P30785,train
P30786,train
P30787,test
P30788,train
P30789,train
P30790,train
P30791,train
P30792,test
P30793,train
P30794,train
P30795,train
P30796,train
P30797,train
P30798,train
P30799,train
P30800,train
P30801,train
P30802,train
P30803,train
P30804,train
P30805,test
P30806,train
P30807,train
P30808,train
P30809,train
P30810,train
P30811,train
P30812,train
P30813,train
P30814,train
P30815,train
P30816,train
P30817,train
P30818,validation
P30819,train
P30820,test
P30821,train
P30822,train
P30823,train
P30824,train
P30825,train
P30826,train
P30827,test
P30828,train
P30829,train
P30830,test
P30831,train
P30832,train
P30833,train
P30834,train
P30835,train
P30836,train
P30837,train
P30838,train
P30839,validation
P30840,test
P30841,train
P30842,train
P30843,train
P30844,train
P30845,train
P30846,train
P30847,train
P30848,validation
P30849,validation
P30850,test
P30851,train
P30852,validation
P30853,validation
P30854,train
P30855,validation
P30856,train
P30857,test
P30858,train
P30859,test
P30860,test
P30861,train
P30862,train
P30863,train
P30864,train
P30865,validation
P30866,train
P30867,train
P30868,train
P30869,train
P30870,train
P30871,test
P30872,test
P30873,train
P30874,validation
P30875,train
P30876,test
P30877,train
P30878,train
P30879,train
P30880,test
P30881,train
P30882,train
P30883,train
P30884,train
P30885,train
P30886,train
P30887,train
P30888,validation
P30889,train
P30890,train
P30891,train
P30892,train
P30893,train
P30894,train
P30895,train
P30896,train
P30897,train
P30898,train
P30899,train
P30900,train
P30901,train
P30902,train
P30903,train
P30904,train
P30905,train
P30906,test
P30907,train
P30908,validation
P30909,train
P30910,train
P30911,train
P30912,train
P30913,test
P30914,train
P30915,train
P30916,train
P30917,train
P30918,train
P30919,train
P30920,train
P30921,train
P30922,test
P30923,validation
P30924,train
P30925,train
P30926,train
P30927,train
P30928,train
P30929,train
P30930,train
P30931,train
P30932,train
P30933,test
P30934,test
P30935,train
P30936,train
P30937,train
P30938,train
P30939,train
P30940,train
P30941,train
P30942,test
P30943,train
P30944,train
P30945,train
P30946,train
P30947,test
P30948,train
P30949,train
P30950,test
P30951,test
P30952,train
P30953,train
P30954,validation
P30955,train
P30956,train
P30957,train
P30958,train
P30959,train
P30960,train
P30961,train
P30962,validation
P30963,train
P30964,validation
P30965,test
P30966,train
P30967,train
P30968,validation
P30969,train
P30970,train
P30971,train
P30972,train
P30973,train
P30974,train
P30975,train
P30976,validation
P30977,train
P30978,train
P30979,train
P30980,train
P30981,test
P30982,train
P30983,validation
P30984,train
P30985,train
P30986,train
P30987,train
P30988,train
P30989,train
P30990,train
P30991,train
P30992,train
P30993,train
P30994,train
P30995,train
P30996,train
P30997,train
P30998,train
P30999,train
P31000,train
P31001,train
P31002,train
P31003,train
P31004,train
P31005,train
P31006,train
P31007,train
P31008,train
P31009,train
P31010,train
P31011,train
P31012,train
P31013,train
P31014,train
P31015,train
P31016,train
P31017,train
P31018,train
P31019,train
P31020,train
P31021,test
P31022,train
P31023,train
P31024,test
P31025,test
P31026,train
P31027,train
P31028,train
P31029,train
P31030,test
P31031,train
P31032,train
P31033,test
P31034,train
P31035,train
P31036,train
P31037,test
P31038,train
P31039,validation
P31040,test
P31041,train
P31042,test
P31043,train
P31044,validation
P31045,train
P31046,validation
P31047,validation
P31048,train
P31049,train
P31050,train
P31051,train
P31052,train
P31053,train
P31054,train
P31055,train
P31056,train
P31057,train
P31058,train
P31059,train
P31060,validation
P31061,train
P31062,train
P31063,train
P31064,train
P31065,train
P31066,train
P31067,train
P31068,train
P31069,train
P31070,train
P31071,test
P31072,train
P31073,train
P31074,train
P31075,test
P31076,train
P31077,train
P31078,train
P31079,train
P31080,train
P31081,validation
P31082,train
P31083,validation
P31084,train
P31085,train
P31086,train
P31087,validation
P31088,train
P31089,test
P31090,train
P31091,train
P31092,train
P31093,train
P31094,test
P31095,train
P31096,train
P31097,validation
P31098,train
P31099,train
P31100,train
P31101,train
P31102,train
P31103,validation
P31104,validation
P31105,train
P31106,train
P31107,train
P31108,train
P31109,validation
P31110,train
P31111,train
P31112,train
P31113,train
P31114,train
P31115,train
P31116,train
P31117,validation
P31118,train
P31119,test
P31120,test
P31121,train
P31122,train
P31123,train
P31124,train
P31125,train
P31126,train
P31127,train
P31128,train
P31129,validation
P31130,train
P31131,train
P31132,train
P31133,train
P31134,train
P31135,train
P31136,train
P31137,train
P31138,train
P31139,train
P31140,train
P31141,train
P31142,train
P31143,train
P31144,train
P31145,train
P31146,train
P31147,test
P31148,train
P31149,train
P31150,train
P31151,train
P31152,train
P31153,train
P31154,train
P31155,train
P31156,train
P31157,test
P31158,train
P31159,train
P31160,train
P31161,test
P31162,train
P31163,train
P31164,validation
P31165,train
P31166,validation
P31167,train
P31168,train
P31169,validation
P31170,train
P31171,train
P31172,validation
P31173,train
P31174,train
P31175,train
P31176,validation
P31177,train
P31178,train
P31179,validation
P31180,validation
P31181,train
P31182,train
P31183,train
P31184,train
P31185,validation
P31186,train
P31187,train
P31188,train
P31189,train
P31190,validation
P31191,validation
P31192,train
P31193,train
P31194,train
P31195,train
P31196,train
P31197,train
P31198,train
P31199,test
P31200,train
P31201,train
P31202,test
P31203,train
P31204,train
P31205,train
P31206,train
P31207,train
P31208,train
P31209,train
P31210,train
P31211,train
P31212,train
P31213,train
P31214,train
P31215,train
P31216,test
P31217,train
P31218,train
P31219,test
P31220,train
P31221,train
P31222,train
P31223,train
P31224,train
P31225,train
P31226,train
P31227,validation
P31228,train
P31229,train
P31230,train
P31231,test
P31232,train
P31233,train
P31234,train
P31235,train
P31236,train
P31237,train
P31238,train
P31239,validation
P31240,train
P31241,test
P31242,test
P31243,validation
P31244,train
P31245,train
P31246,validation
P31247,train
P31248,test
P31249,train
P31250,test
P31251,train
P31252,train
P31253,train
P31254,train
P31255,train
P31256,train
P31257,train
P31258,train
P31259,train
P31260,train
P31261,train
P31262,validation
P31263,train
P31264,train
P31265,test
P31266,train
P31267,train
P31268,train
P31269,train
P31270,train
P31271,train
P31272,train
P31273,train
P31274,train
P31275,train
P31276,train
P31277,train
P31278,test
P31279,train
P31280,test
P31281,train
P31282,train
P31283,train
P31284,train
P31285,train
P31286,train
P31287,test
P31288,train
P31289,train
P31290,train
P31291,train
P31292,train
P31293,train
P31294,train
P31295,validation
P31296,train
P31297,train
P31298,train
P31299,train
P31300,train
P31301,train
P31302,train
P31303,train
P31304,validation
P31305,train
P31306,test
P31307,train
P31308,train
P31309,train
P31310,train
P31311,train
P31312,train
P31313,test
P31314,train
P31315,train
P31316,validation
P31317,train
P31318,train
P31319,train
P31320,train
P31321,train
P31322,train
P31323,train
P31324,train
P31325,train
P31326,train
P31327,validation
P31328,train
P31329,validation
P31330,train
P31331,train
P31332,train
P31333,train
P31334,train
P31335,validation
P31336,train
P31337,train
P31338,train
P31339,train
P31340,train
P31341,train
P31342,train
P31343,train
P31344,validation
P31345,train
P31346,test
P31347,train
P31348,train
P31349,train
P31350,train
P31351,train
P31352,train
P31353,train
P31354,train
P31355,train
P31356,train
P31357,validation
P31358,train
P31359,train
P31360,train
P31361,test
P31362,train
P31363,train
P31364,train
P31365,train
P31366,train
P31367,train
P31368,train
P31369,train
P31370,train
P31371,train
P31372,validation
P31373,validation
P31374,train
P31375,train
P31376,validation
P31377,validation
P31378,train
P31379,train
P31380,train
P31381,train
P31382,train
P31383,train
P31384,train
P31385,train
P31386,train
P31387,validation
P31388,train
P31389,train
P31390,train
P31391,train
P31392,train
P31393,train
P31394,test
P31395,train
P31396,train
P31397,train
P31398,train
P31399,train
P31400,train
P31401,train
P31402,train
P31403,train
P31404,train
P31405,train
P31406,train
P31407,train
P31408,validation
P31409,train
P31410,validation
P31411,test
P31412,train
P31413,train
P31414,train
P31415,train
P31416,train
P31417,validation
P31418,validation
P31419,train
P31420,train
P31421,test
P31422,train
P31423,test
P31424,train
P31425,train
P31426,train
P31427,train
P31428,train
P31429,train
P31430,test
P31431,train
P31432,train
P31433,train
P31434,train
P31435,train
P31436,test
P31437,test
P31438,train
P31439,train
P31440,validation
P31441,validation
P31442,train
P31443,train
P31444,train
P31445,validation
P31446,train
P31447,train
P31448,train
P31449,train
P31450,train
P31451,train
P31452,train
P31453,train
P31454,validation
P31455,validation
P31456,train
P31457,train
P31458,test
P31459,train
P31460,train
P31461,train
P31462,train
P31463,test
P31464,train
P31465,train
P31466,train
P31467,train
P31468,validation
P31469,train
P31470,train
P31471,train
P31472,train
P31473,train
P31474,train
P31475,train
P31476,validation
P31477,train
P31478,test
P31479,train
P31480,train
P31481,validation
P31482,validation
P31483,train
P31484,validation
P31485,train
P31486,test
P31487,train
P31488,train
P31489,train
P31490,train
P31491,train
P31492,train
P31493,train
P31494,train
P31495,train
P31496,test
P31497,train
P31498,train
P31499,train
P31500,train
P31501,train
P31502,validation
P31503,validation
P31504,train
P31505,train
P31506,train
P31507,train
P31508,train
P31509,validation
P31510,validation
P31511,train
P31512,train
P31513,train
P31514,train
P31515,train
P31516,train
P31517,train
P31518,train
P31519,train
P31520,train
P31521,train
P31522,train
P31523,train
P31524,train
P31525,train
P31526,train
P31527,train
P31528,train
P31529,train
P31530,validation
P31531,train
P31532,train
P31533,train
P31534,train
P31535,train
P31536,train
P31537,train
P31538,train
P31539,validation
P31540,train
P31541,validation
P31542,train
P31543,train
P31544,validation
P31545,train
P31546,train
P31547,test
P31548,train
P31549,validation
P31550,train
P31551,train
P31552,train
P31553,train
P31554,train
P31555,train
P31556,train
P31557,validation
P31558,test
P31559,train
P31560,train
P31561,train
P31562,train
P31563,train
P31564,train
P31565,train
P31566,test
P31567,train
P31568,validation
P31569,train
P31570,train
P31571,train
P31572,train
P31573,train
P31574,train
P31575,train
P31576,train
P31577,train
P31578,train
P31579,train
P31580,train
P31581,train
P31582,train
P31583,validation
P31584,train
P31585,train
P31586,train
P31587,train
P31588,test
P31589,train
P31590,train
P31591,train
P31592,train
P31593,train
P31594,train
P31595,train
P31596,train
P31597,train
P31598,train
P31599,train
P31600,test
P31601,train
P31602,train
P31603,test
P31604,train
P31605,train
P31606,test
P31607,train
P31608,validation
P31609,train
P31610,train
P31611,train
P31612,train
P31613,test
P31614,train
P31615,train
P31616,train
P31617,train
P31618,train
P31619,test
P31620,train
P31621,train
P31622,train
P31623,train
P31624,train
P31625,validation
P31626,train
P31627,train
P31628,train
P31629,train
P31630,train
P31631,train
P31632,train
P31633,train
P31634,train
P31635,test
P31636,train
P31637,train
P31638,train
P31639,train
P31640,train
P31641,train
P31642,test
P31643,train
P31644,test
P31645,train
P31646,train
P31647,train
P31648,train
P31649,train
P31650,train
P31651,train
P31652,train
P31653,train
P31654,train
P31655,train
P31656,train
P31657,train
P31658,validation
P31659,train
P31660,train
P31661,train
P31662,train
P31663,train
P31664,train
P31665,train
P31666,train
P31667,train
P31668,train
P31669,train
P31670,train
P31671,train
P31672,train
P31673,train
P31674,train
P31675,train
P31676,train
P31677,train
P31678,train
P31679,train
P31680,train
P31681,train
P31682,train
P31683,validation
P31684,train
P31685,test
P31686,train
P31687,test
P31688,train
P31689,train
P31690,train
P31691,train
P31692,train
P31693,train
P31694,train
P31695,train
P31696,train
P31697,validation
P31698,train
P31699,train
P31700,test
P31701,train
P31702,train
P31703,train
P31704,train
P31705,train
P31706,train
P31707,test
P31708,train
P31709,train
P31710,validation
P31711,validation
P31712,train
P31713,train
P31714,train
P31715,train
P31716,train
P31717,train
P31718,train
P31719,train
P31720,train
P31721,train
P31722,train
P31723,train
P31724,train
P31725,train
P31726,train
P31727,train
P31728,train
P31729,train
P31730,train
P31731,train
P31732,train
P31733,train
P31734,train
P31735,train
P31736,train
P31737,train
P31738,train
P31739,train
P31740,train
P31741,train
P31742,train
P31743,validation
P31744,train
P31745,validation
P31746,train
P31747,train
P31748,train
P31749,train
P31750,train
P31751,train
P31752,train
P31753,train
P31754,train
P31755,train
P31756,train
P31757,train
P31758,test
P31759,train
P31760,train
P31761,train
P31762,train
P31763,train
P31764,train
P31765,validation
P31766,train
P31767,train
P31768,train
P31769,train
P31770,train
P31771,train
P31772,train
P31773,test
P31774,train
P31775,train
P31776,train
P31777,train
P31778,train
P31779,train
P31780,train
P31781,train
P31782,train
P31783,validation
P31784,train
P31785,train
P31786,train
P31787,test
P31788,train
P31789,train
P31790,train
P31791,train
P31792,train
P31793,train
P31794,train
P31795,train
P31796,train
P31797,validation
P31798,train
P31799,train
P31800,test
P31801,validation
P31802,train
P31803,test
P31804,train
P31805,train
P31806,train
P31807,train
P31808,train
P31809,train
P31810,train
P31811,test
P31812,train
P31813,validation
P31814,validation
P31815,train
P31816,train
P31817,train
P31818,train
P31819,train
P31820,validation
P31821,train
P31822,train
P31823,train
P31824,train
P31825,train
P31826,train
P31827,validation
P31828,train
P31829,train
P31830,train
P31831,validation
P31832,train
P31833,train
P31834,train
P31835,train
P31836,train
P31837,train
P31838,test
P31839,train
P31840,test
P31841,train
P31842,validation
P31843,train
P31844,train
P31845,validation
P31846,train
P31847,train
P31848,train
P31849,train
P31850,train
P31851,train
P31852,validation
P31853,train
P31854,validation
P31855,train
P31856,validation
P31857,train
P31858,train
P31859,train
P31860,train
P31861,train
P31862,train
P31863,train
P31864,train
P31865,train
P31866,train
P31867,train
P31868,train
P31869,test
P31870,train
P31871,train
P31872,train
P31873,train
P31874,validation
P31875,train
P31876,train
P31877,train
P31878,validation
P31879,train
P31880,train
P31881,train
P31882,train
P31883,train
P31884,train
P31885,train
P31886,train
P31887,validation
P31888,test
P31889,train
P31890,test
P31891,train
P31892,train
P31893,train
P31894,train
P31895,train
P31896,train
P31897,test
P31898,train
P31899,test
P31900,train
P31901,train
P31902,train
P31903,train
P31904,train
P31905,validation
P31906,train
P31907,train
P31908,test
P31909,train
P31910,train
P31911,train
P31912,train
P31913,train
P31914,train
P31915,train
P31916,train
P31917,train
P31918,train
P31919,train
P31920,train
P31921,test
P31922,train
P31923,train
P31924,train
P31925,train
P31926,validation
P31927,train
P31928,train
P31929,validation
P31930,train
P31931,train
P31932,train
P31933,validation
P31934,train
P31935,test
P31936,train
P31937,train
P31938,train
P31939,train
P31940,test
P31941,train
P31942,train
P31943,train
P31944,train
P31945,train
P31946,train
P31947,train
P31948,test
P31949,test
P31950,train
P31951,train
P31952,train
P31953,train
P31954,train
P31955,train
P31956,train
P31957,train
P31958,train
P31959,train
P31960,train
P31961,test
P31962,train
P31963,train
P31964,train
P31965,train
P31966,validation
P31967,train
P31968,train
P31969,train
P31970,test
P31971,train
P31972,train
P31973,train
P31974,train
P31975,train
P31976,validation
P31977,test
P31978,train
P31979,train
P31980,train
P31981,train
P31982,train
P31983,validation
P31984,test
P31985,train
P31986,train
P31987,train
P31988,train
P31989,train
P31990,train
P31991,train
P31992,train
P31993,test
P31994,test
P31995,train
P31996,train
P31997,train
P31998,train
P31999,validation
P32000,train
P32001,train
P32002,train
P32003,train
P32004,train
P32005,train
P32006,train
P32007,train
P32008,validation
P32009,test
P32010,train
P32011,train
P32012,train
P32013,test
P32014,train
P32015,train
P32016,validation
P32017,test
P32018,test
P32019,train
P32020,train
P32021,validation
P32022,test
P32023,train
P32024,train
P32025,train
P32026,train
P32027,validation
P32028,train
P32029,train
P32030,train
P32031,train
P32032,train
P32033,train
P32034,train
P32035,train
P32036,train
P32037,test
P32038,validation
P32039,train
P32040,train
P32041,test
P32042,validation
P32043,train
P32044,train
P32045,train
P32046,train
P32047,train
P32048,train
P32049,train
P32050,train
P32051,train
P32052,train
P32053,train
P32054,train
P32055,train
P32056,validation
P32057,train
P32058,train
P32059,validation
P32060,validation
P32061,train
P32062,validation
P32063,train
P32064,train
P32065,train
P32066,test
P32067,train
P32068,validation
P32069,train
P32070,train
P32071,train
P32072,train
P32073,train
P32074,train
P32075,train
P32076,train
P32077,train
P32078,train
P32079,train
P32080,train
P32081,train
P32082,train
P32083,train
P32084,train
P32085,train
P32086,train
P32087,train
P32088,train
P32089,validation
P32090,test
P32091,train
P32092,train
P32093,validation
P32094,test
P32095,train
P32096,train
P32097,validation
P32098,test
P32099,train
P32100,validation
P32101,train
P32102,train
P32103,train
P32104,train
P32105,train
P32106,validation
P32107,train
P32108,train
P32109,train
P32110,train
P32111,train
P32112,train
P32113,train
P32114,train
P32115,train
P32116,train
P32117,train
P32118,validation
P32119,train
P32120,train
P32121,train
P32122,train
P32123,train
P32124,train
P32125,train
P32126,train
P32127,test
P32128,train
P32129,train
P32130,train
P32131,train
P32132,train
P32133,train
P32134,train
P32135,train
P32136,test
P32137,train
P32138,test
P32139,train
P32140,train
P32141,test
P32142,train
P32143,test
P32144,train
P32145,test
P32146,train
P32147,train
P32148,train
P32149,train
P32150,train
P32151,train
P32152,train
P32153,test
P32154,train
P32155,train
P32156,train
P32157,train
P32158,train
P32159,train
P32160,train
P32161,train
P32162,train
P32163,train
P32164,train
P32165,train
P32166,validation
P32167,train
P32168,train
P32169,train
P32170,train
P32171,validation
P32172,train
P32173,train
P32174,train
P32175,train
P32176,train
P32177,train
P32178,train
P32179,train
P32180,train
P32181,test
P32182,train
P32183,train
P32184,train
P32185,train
P32186,test
P32187,train
P32188,train
P32189,train
P32190,test
P32191,train
P32192,train
P32193,train
P32194,test
P32195,train
P32196,train
P32197,train
P32198,validation
P32199,train
P32200,train
P32201,train
P32202,train
P32203,validation
P32204,train
P32205,train
P32206,train
P32207,train
P32208,validation
P32209,train
P32210,train
P32211,train
P32212,test
P32213,validation
P32214,train
P32215,train
P32216,train
P32217,train
P32218,validation
P32219,train
P32220,train
P32221,train
P32222,train
P32223,train
P32224,train
P32225,train
P32226,train
P32227,train
P32228,test
P32229,train
P32230,train
P32231,train
P32232,test
P32233,train
P32234,train
P32235,train
P32236,test
P32237,train
P32238,train
P32239,train
P32240,train
P32241,train
P32242,train
P32243,validation
P32244,train
P32245,test
P32246,test
P32247,train
P32248,train
P32249,train
P32250,train
P32251,train
P32252,train
P32253,train
P32254,train
P32255,train
P32256,train
P32257,train
P32258,train
P32259,train
P32260,train
P32261,test
P32262,train
P32263,train
P32264,train
P32265,train
P32266,train
P32267,train
P32268,train
P32269,train
P32270,train
P32271,train
P32272,train
P32273,train
P32274,train
P32275,train
P32276,train
P32277,train
P32278,train
P32279,train
P32280,train
P32281,test
P32282,test
P32283,test
P32284,train
P32285,validation
P32286,train
P32287,train
P32288,train
P32289,train
P32290,train
P32291,train
P32292,test
P32293,train
P32294,train
P32295,train
P32296,train
P32297,train
P32298,train
P32299,test
P32300,test
P32301,train
P32302,train
P32303,train
P32304,test
P32305,train
P32306,train
P32307,train
P32308,train
P32309,train
P32310,train
P32311,train
P32312,train
P32313,train
P32314,validation
P32315,train
P32316,train
P32317,validation
P32318,train
P32319,train
P32320,train
P32321,train
P32322,train
P32323,train
P32324,validation
P32325,validation
P32326,validation
P32327,train
P32328,train
P32329,train
P32330,train
P32331,train
P32332,train
P32333,train
P32334,validation
P32335,train
P32336,train
P32337,validation
P32338,train
P32339,train
P32340,train
P32341,train
P32342,train
P32343,test
P32344,train
P32345,train
P32346,test
P32347,train
P32348,validation
P32349,train
P32350,train
P32351,train
P32352,train
P32353,train
P32354,train
P32355,test
P32356,test
P32357,train
P32358,train
P32359,train
P32360,train
P32361,train
P32362,train
P32363,train
P32364,train
P32365,train
P32366,train
P32367,train
P32368,validation
P32369,train
P32370,train
P32371,train
P32372,train
P32373,train
P32374,train
P32375,train
P32376,test
P32377,train
P32378,train
P32379,train
P32380,train
P32381,train
P32382,train
P32383,train
P32384,test
P32385,test
P32386,train
P32387,train
P32388,train
P32389,train
P32390,train
P32391,train
P32392,validation
P32393,validation
P32394,train
P32395,train
P32396,train
P32397,train
P32398,validation
P32399,train
P32400,train
P32401,train
P32402,train
P32403,train
P32404,train
P32405,train
P32406,train
P32407,train
P32408,validation
P32409,validation
P32410,train
P32411,train
P32412,train
P32413,train
P32414,train
P32415,train
P32416,train
P32417,test
P32418,train
P32419,train
P32420,train
P32421,test
P32422,train
P32423,train
P32424,train
P32425,train
P32426,train
P32427,validation
P32428,train
P32429,train
P32430,train
P32431,train
P32432,test
P32433,train
P32434,test
P32435,train
P32436,train
P32437,train
P32438,train
P32439,train
P32440,train
P32441,train
P32442,test
P32443,train
P32444,train
P32445,train
P32446,train
P32447,train
P32448,validation
P32449,test
P32450,train
P32451,train
P32452,train
P32453,train
P32454,train
P32455,train
P32456,validation
P32457,test
P32458,train
P32459,validation
P32460,train
P32461,train
P32462,train
P32463,train
P32464,validation
P32465,train
P32466,validation
P32467,train
P32468,validation
P32469,train
P32470,train
P32471,train
P32472,train
P32473,train
P32474,test
P32475,train
P32476,train
P32477,train
P32478,test
P32479,train
P32480,train
P32481,train
P32482,train
P32483,train
P32484,train
P32485,train
P32486,train
P32487,train
P32488,train
P32489,train
P32490,train
P32491,train
P32492,train
P32493,validation
P32494,train
P32495,train
P32496,train
P32497,test
P32498,train
P32499,train
P32500,train
P32501,train
P32502,train
P32503,train
P32504,train
P32505,train
P32506,validation
P32507,train
P32508,train
P32509,train
P32510,train
P32511,train
P32512,train
P32513,train
P32514,train
P32515,train
P32516,train
P32517,train
P32518,train
P32519,train
P32520,train
P32521,train
P32522,test
P32523,train
P32524,train
P32525,train
P32526,train
P32527,train
P32528,train
P32529,test
P32530,train
P32531,test
P32532,train
P32533,train
P32534,test
P32535,train
P32536,train
P32537,train
P32538,test
P32539,test
P32540,test
P32541,train
P32542,test
P32543,train
P32544,train
P32545,train
P32546,train
P32547,train
P32548,train
P32549,test
P32550,train
P32551,train
P32552,train
P32553,train
P32554,train
P32555,train
P32556,train
P32557,train
P32558,train
P32559,train
P32560,validation
P32561,train
P32562,train
P32563,test
P32564,train
P32565,train
P32566,validation
P32567,train
P32568,train
P32569,train
P32570,test
P32571,train
P32572,train
P32573,validation
P32574,train
P32575,train
P32576,train
P32577,train
P32578,train
P32579,train
P32580,train
P32581,test
P32582,train
P32583,train
P32584,train
P32585,train
P32586,train
P32587,train
P32588,train
P32589,train
P32590,train
P32591,train
P32592,test
P32593,train
P32594,train
P32595,test
P32596,train
P32597,train
P32598,train
P32599,train
P32600,train
P32601,train
P32602,train
P32603,train
P32604,test
P32605,train
P32606,validation
P32607,train
P32608,train
P32609,train
P32610,test
P32611,train
P32612,train
P32613,train
P32614,train
P32615,train
P32616,train
P32617,train
P32618,test
P32619,train
P32620,test
P32621,train
P32622,test
P32623,train
P32624,train
P32625,train
P32626,train
P32627,train
P32628,train
P32629,train
P32630,train
P32631,test
P32632,train
P32633,train
P32634,validation
P32635,train
P32636,train
P32637,validation
P32638,train
P32639,train
P32640,train
P32641,train
P32642,train
P32643,train
P32644,train
P32645,train
P32646,test
P32647,train
P32648,train
P32649,train
P32650,validation
P32651,train
P32652,train
P32653,validation
P32654,train
P32655,test
P32656,validation
P32657,train
P32658,train
P32659,validation
P32660,train
P32661,train
P32662,train
P32663,test
P32664,test
P32665,train
P32666,train
P32667,train
P32668,train
P32669,train
P32670,train
P32671,train
P32672,train
P32673,train
P32674,train
P32675,train
P32676,train
P32677,train
P32678,test
P32679,train
P32680,test
P32681,train
P32682,train
P32683,test
P32684,train
P32685,train
P32686,train
P32687,train
P32688,train
P32689,train
P32690,train
P32691,train
P32692,train
P32693,train
P32694,train
P32695,validation
P32696,train
P32697,train
P32698,train
P32699,train
P32700,train
P32701,train
P32702,train
P32703,validation
P32704,validation
P32705,train
P32706,validation
P32707,train
P32708,train
P32709,train
P32710,train
P32711,train
P32712,train
P32713,train
P32714,train
P32715,train
P32716,train
P32717,train
P32718,train
P32719,train
P32720,test
P32721,train
P32722,train
P32723,test
P32724,train
P32725,train
P32726,test
P32727,train
P32728,train
P32729,test
P32730,train
P32731,train
P32732,train
P32733,train
P32734,train
P32735,test
P32736,test
P32737,test
P32738,train
P32739,train
P32740,train
P32741,test
P32742,train
P32743,train
P32744,train
P32745,train
P32746,validation
P32747,train
P32748,test
P32749,train
P32750,train
P32751,test
P32752,train
P32753,train
P32754,train
P32755,train
P32756,train
P32757,validation
P32758,train
P32759,train
P32760,train
P32761,test
P32762,train
P32763,train
P32764,train
P32765,train
P32766,validation
P32767,test
P32768,train
P32769,train
P32770,train
P32771,train
P32772,validation
P32773,validation
P32774,train
P32775,train
P32776,validation
P32777,train
P32778,train
P32779,train
P32780,train
P32781,train
P32782,train
P32783,train
P32784,train
P32785,train
P32786,train
P32787,train
P32788,train
P32789,train
P32790,train
P32791,train
P32792,train
P32793,train
P32794,train
P32795,train
P32796,train
P32797,train
P32798,train
P32799,train
P32800,train
P32801,test
P32802,train
P32803,train
P32804,train
P32805,test
P32806,train
P32807,test
P32808,train
P32809,train
P32810,train
P32811,train
P32812,train
P32813,test
P32814,train
P32815,train
P32816,train
P32817,train
P32818,train
P32819,train
P32820,train
P32821,train
P32822,validation
P32823,train
P32824,test
P32825,train
P32826,train
P32827,train
P32828,train
P32829,test
P32830,train
P32831,test
P32832,train
P32833,train
P32834,train
P32835,test
P32836,train
P32837,train
P32838,train
P32839,train
P32840,train
P32841,train
P32842,train
P32843,test
P32844,train
P32845,train
P32846,train
P32847,test
P32848,test
P32849,train
P32850,train
P32851,train
P32852,test
P32853,train
P32854,validation
P32855,validation
P32856,train
P32857,test
P32858,train
P32859,validation
P32860,train
P32861,test
P32862,train
P32863,train
P32864,train
P32865,train
P32866,train
P32867,test
P32868,train
P32869,test
P32870,train
P32871,train
P32872,train
P32873,train
P32874,train
P32875,train
P32876,train
P32877,validation
P32878,train
P32879,train
P32880,train
P32881,train
P32882,train
P32883,train
P32884,train
P32885,train
P32886,train
P32887,train
P32888,train
P32889,test
P32890,train
P32891,train
P32892,validation
P32893,test
P32894,train
P32895,train
P32896,validation
P32897,train
P32898,validation
P32899,train
P32900,train
P32901,train
P32902,train
P32903,train
P32904,train
P32905,train
P32906,train
P32907,train
P32908,train
P32909,train
P32910,test
P32911,train
P32912,test
P32913,train
P32914,train
P32915,train
P32916,train
P32917,train
P32918,train
P32919,train
P32920,test
P32921,train
P32922,train
P32923,validation
P32924,validation
P32925,train
P32926,train
P32927,train
P32928,train
P32929,train
P32930,train
P32931,train
P32932,train
P32933,train
P32934,train
P32935,validation
P32936,train
P32937,test
P32938,train
P32939,validation
P32940,train
P32941,train
P32942,train
P32943,train
P32944,train
P32945,train
P32946,test
P32947,validation
P32948,test
P32949,train
P32950,train
P32951,train
P32952,train
P32953,validation
P32954,validation
P32955,train
P32956,train
P32957,test
P32958,test
P32959,train
P32960,train
P32961,train
P32962,train
P32963,train
P32964,train
P32965,train
P32966,train
P32967,validation
P32968,train
P32969,train
P32970,train
P32971,train
P32972,validation
P32973,test
P32974,validation
P32975,train
P32976,train
P32977,train
P32978,validation
P32979,train
P32980,train
P32981,train
P32982,train
P32983,test
P32984,train
P32985,train
P32986,train
P32987,test
P32988,train
P32989,train
P32990,train
P32991,train
P32992,train
P32993,train
P32994,train
P32995,train
P32996,train
P32997,train
P32998,train
P32999,train
P33000,train
P33001,train
P33002,train
P33003,train
P33004,train
P33005,test
P33006,train
P33007,train
P33008,train
P33009,test
P33010,train
P33011,test
P33012,train
P33013,train
P33014,train
P33015,train
P33016,test
P33017,train
P33018,train
P33019,test
P33020,train
P33021,train
P33022,test
P33023,train
P33024,train
P33025,train
P33026,train
P33027,train
P33028,train
P33029,test
P33030,train
P33031,train
P33032,train
P33033,train
P33034,train
P33035,train
P33036,train
P33037,train
P33038,train
P33039,train
P33040,train
P33041,train
P33042,train
P33043,train
P33044,validation
P33045,train
P33046,train
P33047,train
P33048,train
P33049,train
P33050,train
P33051,test
P33052,train
P33053,train
P33054,train
P33055,validation
P33056,train
P33057,validation
P33058,train
P33059,train
P33060,train
P33061,train
P33062,validation
P33063,train
P33064,validation
P33065,train
P33066,train
P33067,train
P33068,train
P33069,train
P33070,train
P33071,train
P33072,train
P33073,train
P33074,train
P33075,train
P33076,train
P33077,train
P33078,train
P33079,train
P33080,train
P33081,train
P33082,train
P33083,train
P33084,train
P33085,train
P33086,validation
P33087,train
P33088,validation
P33089,train
P33090,train
P33091,train
P33092,train
P33093,train
P33094,train
P33095,train
P33096,train
P33097,train
P33098,train
P33099,test
P33100,train
P33101,test
P33102,validation
P33103,train
P33104,train
P33105,test
P33106,train
P33107,train
P33108,train
P33109,train
P33110,train
P33111,train
P33112,train
P33113,train
P33114,train
P33115,train
P33116,train
P33117,train
P33118,train
P33119,train
P33120,train
P33121,validation
P33122,train
P33123,train
P33124,train
P33125,train
P33126,test
P33127,train
P33128,validation
P33129,train
P33130,train
P33131,train
P33132,train
P33133,validation
P33134,train
P33135,train
P33136,train
P33137,test
P33138,train
P33139,train
P33140,validation
P33141,train
P33142,train
P33143,train
P33144,train
P33145,train
P33146,validation
P33147,train
P33148,train
P33149,train
P33150,train
P33151,train
P33152,train
P33153,train
P33154,train
P33155,train
P33156,train
P33157,train
P33158,train
P33159,train
P33160,train
P33161,train
P33162,train
P33163,train
P33164,train
P33165,test
P33166,train
P33167,train
P33168,train
P33169,train
P33170,train
P33171,train
P33172,test
P33173,train
P33174,train
P33175,train
P33176,train
P33177,train
P33178,train
P33179,train
P33180,train
P33181,train
P33182,train
P33183,train
P33184,train
P33185,train
P33186,test
P33187,train
P33188,train
P33189,test
P33190,test
P33191,test
P33192,train
P33193,train
P33194,test
P33195,test
P33196,train
P33197,train
P33198,test
P33199,train
P33200,train
P33201,train
P33202,train
P33203,train
P33204,train
P33205,train
P33206,validation
P33207,train
P33208,test
P33209,train
P33210,test
P33211,train
P33212,train
P33213,train
P33214,train
P33215,train
P33216,train
P33217,train
P33218,train
P33219,train
P33220,train
P33221,validation
P33222,train
P33223,validation
P33224,train
P33225,test
P33226,train
P33227,train
P33228,train
P33229,train
P33230,train
P33231,test
P33232,validation
P33233,train
P33234,train
P33235,validation
P33236,train
P33237,train
P33238,train
P33239,validation
P33240,train
P33241,train
P33242,train
P33243,train
P33244,train
P33245,train
P33246,train
P33247,test
P33248,test
P33249,test
P33250,train
P33251,train
P33252,train
P33253,train
P33254,train
P33255,train
P33256,train
P33257,train
P33258,train
P33259,train
P33260,train
P33261,train
P33262,train
P33263,train
P33264,test
P33265,train
P33266,train
P33267,validation
P33268,train
P33269,train
P33270,train
P33271,train
P33272,train
P33273,train
P33274,train
P33275,train
P33276,train
P33277,train
P33278,train
P33279,train
P33280,train
P33281,train
P33282,train
P33283,train
P33284,train
P33285,train
P33286,validation
P33287,train
P33288,test
P33289,train
P33290,train
P33291,train
P33292,train
P33293,train
P33294,train
P33295,train
P33296,train
P33297,train
P33298,train
P33299,train
P33300,validation
P33301,train
P33302,train
P33303,train
P33304,test
P33305,test
P33306,validation
P33307,train
P33308,train
P33309,test
P33310,test
P33311,train
P33312,train
P33313,train
P33314,train
P33315,validation
P33316,test
P33317,train
P33318,train
P33319,train
P33320,train
P33321,train
P33322,train
P33323,train
P33324,test
P33325,train
P33326,train
P33327,train
P33328,train
P33329,train
P33330,train
P33331,train
P33332,train
P33333,train
P33334,train
P33335,test
P33336,train
P33337,test
P33338,train
P33339,train
P33340,train
P33341,train
P33342,test
P33343,train
P33344,train
P33345,validation
P33346,train
P33347,train
P33348,train
P33349,train
P33350,train
P33351,validation
P33352,train
P33353,train
P33354,train
P33355,train
P33356,train
P33357,train
P33358,validation
P33359,train
P33360,validation
P33361,train
P33362,train
P33363,train
P33364,train
P33365,train
P33366,train
P33367,train
P33368,validation
P33369,test
P33370,train
P33371,train
P33372,validation
P33373,train
P33374,train
P33375,test
P33376,train
P33377,train
P33378,train
P33379,test
P33380,train
P33381,train
P33382,test
P33383,train
P33384,train
P33385,validation
P33386,validation
P33387,train
P33388,train
P33389,train
P33390,train
P33391,train
P33392,train
P33393,train
P33394,train
P33395,validation
P33396,train
P33397,test
P33398,train
P33399,train
P33400,train
P33401,test
P33402,train
P33403,train
P33404,train
P33405,train
P33406,train
P33407,train
P33408,train
P33409,train
P33410,train
P33411,test
P33412,train
P33413,train
P33414,train
P33415,validation
P33416,train
P33417,train
P33418,train
P33419,train
P33420,train
P33421,train
P33422,train
P33423,train
P33424,train
P33425,validation
P33426,train
P33427,train
P33428,test
P33429,train
P33430,train
P33431,train
P33432,train
P33433,test
P33434,train
P33435,train
P33436,test
P33437,train
P33438,train
P33439,train
P33440,train
P33441,train
P33442,train
P33443,train
P33444,train
P33445,train
P33446,validation
P33447,train
P33448,train
P33449,train
P33450,train
P33451,test
P33452,train
P33453,train
P33454,test
P33455,train
P33456,train
P33457,validation
P33458,train
P33459,train
P33460,train
P33461,train
P33462,train
P33463,validation
P33464,validation
P33465,train
P33466,test
P33467,validation
P33468,train
P33469,train
P33470,train
P33471,train
P33472,train
P33473,train
P33474,train
P33475,train
P33476,train
P33477,train
P33478,train
P33479,train
P33480,test
P33481,train
P33482,train
P33483,train
P33484,train
P33485,train
P33486,train
P33487,train
P33488,train
P33489,test
P33490,train
P33491,train
P33492,validation
P33493,validation
P33494,train
P33495,train
P33496,train
P33497,train
P33498,test
P33499,train
P33500,train
P33501,train
P33502,train
P33503,train
P33504,train
P33505,train
P33506,train
P33507,train
P33508,train
P33509,train
P33510,train
P33511,train
P33512,train
P33513,train
P33514,train
P33515,train
P33516,train
P33517,train
P33518,train
P33519,train
P33520,test
P33521,train
P33522,train
P33523,validation
P33524,validation
P33525,train
P33526,train
P33527,train
P33528,train
P33529,test
P33530,train
P33531,train
P33532,train
P33533,train
P33534,validation
P33535,train
P33536,train
P33537,train
P33538,train
P33539,validation
P33540,train
P33541,train
P33542,train
P33543,train
P33544,validation
P33545,train
P33546,test
P33547,train
P33548,train
P33549,validation
P33550,train
P33551,train
P33552,train
P33553,train
P33554,train
P33555,train
P33556,test
P33557,train
P33558,test
P33559,train
P33560,train
P33561,validation
P33562,train
P33563,train
P33564,train
P33565,train
P33566,test
P33567,train
P33568,train
P33569,train
P33570,train
P33571,train
P33572,train
P33573,train
P33574,train
P33575,train
P33576,validation
P33577,test
P33578,train
P33579,test
P33580,train
P33581,train
P33582,train
P33583,train
P33584,train
P33585,validation
P33586,train
P33587,train
P33588,train
P33589,test
P33590,train
P33591,train
P33592,train
P33593,train
P33594,train
P33595,train
P33596,train
P33597,validation
P33598,train
P33599,train
P33600,train
P33601,test
P33602,train
P33603,validation
P33604,train
P33605,train
P33606,train
P33607,train
P33608,train
P33609,validation
P33610,train
P33611,train
P33612,train
P33613,validation
P33614,train
P33615,train
P33616,validation
P33617,train
P33618,train
P33619,train
P33620,train
P33621,test
P33622,train
P33623,train
P33624,train
P33625,validation
P33626,validation
P33627,train
P33628,validation
P33629,train
P33630,test
P33631,train
P33632,train
P33633,train
P33634,train
P33635,validation
P33636,train
P33637,train
P33638,train
P33639,train
P33640,validation
P33641,train
P33642,train
P33643,train
P33644,train
P33645,train
P33646,train
P33647,train
P33648,train
P33649,train
P33650,train
P33651,train
P33652,train
P33653,train
P33654,train
P33655,validation
P33656,train
P33657,train
P33658,train
P33659,train
P33660,train
P33661,train
P33662,train
P33663,train
P33664,train
P33665,train
P33666,train
P33667,train
P33668,train
P33669,train
P33670,train
P33671,train
P33672,validation
P33673,train
P33674,test
P33675,train
P33676,train
P33677,train
P33678,train
P33679,train
P33680,test
P33681,train
P33682,validation
P33683,train
P33684,validation
P33685,train
P33686,train
P33687,validation
P33688,validation
P33689,validation
P33690,train
P33691,train
P33692,validation
P33693,train
P33694,train
P33695,train
P33696,train
P33697,test
P33698,train
P33699,train
P33700,train
P33701,train
P33702,test
P33703,train
P33704,test
P33705,train
P33706,test
P33707,train
P33708,train
P33709,validation
P33710,validation
P33711,train
P33712,train
P33713,train
P33714,train
P33715,train
P33716,train
P33717,train
P33718,train
P33719,train
P33720,train
P33721,train
P33722,train
P33723,train
P33724,train
P33725,train
P33726,train
P33727,train
P33728,train
P33729,test
P33730,test
P33731,train
P33732,train
P33733,train
P33734,train
P33735,train
P33736,test
P33737,train
P33738,train
P33739,train
P33740,train
P33741,train
P33742,validation
P33743,train
P33744,train
P33745,train
P33746,train
P33747,train
P33748,train
P33749,train
P33750,test
P33751,train
P33752,train
P33753,validation
P33754,train
P33755,train
P33756,train
P33757,validation
P33758,train
P33759,train
P33760,train
P33761,train
P33762,train
P33763,train
P33764,validation
P33765,validation
P33766,test
P33767,validation
P33768,train
P33769,train
P33770,test
P33771,train
P33772,train
P33773,train
P33774,train
P33775,validation
P33776,train
P33777,train
P33778,train
P33779,train
P33780,train
P33781,test
P33782,test
P33783,train
P33784,train
P33785,validation
P33786,train
P33787,validation
P33788,train
P33789,train
P33790,train
P33791,train
P33792,train
P33793,train
P33794,train
P33795,train
P33796,train
P33797,train
P33798,train
P33799,train
P33800,train
P33801,train
P33802,train
P33803,train
P33804,test
P33805,test
P33806,train
P33807,train
P33808,train
P33809,test
P33810,test
P33811,test
P33812,train
P33813,validation
P33814,train
P33815,train
P33816,validation
P33817,train
P33818,validation
P33819,test
P33820,train
P33821,validation
P33822,validation
P33823,train
P33824,train
P33825,train
P33826,train
P33827,train
P33828,train
P33829,train
P33830,train
P33831,train
P33832,test
P33833,train
P33834,train
P33835,train
P33836,train
P33837,train
P33838,train
P33839,train
P33840,train
P33841,train
P33842,validation
P33843,train
P33844,test
P33845,train
P33846,train
P33847,validation
P33848,train
P33849,train
P33850,train
P33851,train
P33852,validation
P33853,train
P33854,validation
P33855,train
P33856,test
P33857,train
P33858,train
P33859,test
P33860,validation
P33861,validation
P33862,test
P33863,train
P33864,validation
P33865,train
P33866,validation
P33867,train
P33868,train
P33869,train
P33870,train
P33871,train
P33872,test
P33873,validation
P33874,train
P33875,train
P33876,train
P33877,train
P33878,train
P33879,train
P33880,train
P33881,test
P33882,train
P33883,validation
P33884,train
P33885,test
P33886,train
P33887,validation
P33888,train
P33889,train
P33890,train
P33891,train
P33892,train
P33893,train
P33894,train
P33895,train
P33896,train
P33897,test
P33898,train
P33899,train
P33900,train
P33901,train
P33902,train
P33903,train
P33904,train
P33905,train
P33906,train
P33907,train
P33908,train
P33909,test
P33910,train
P33911,test
P33912,train
P33913,validation
P33914,train
P33915,train
P33916,train
P33917,train
P33918,train
P33919,train
P33920,train
P33921,train
P33922,train
P33923,train
P33924,train
P33925,validation
P33926,validation
P33927,validation
P33928,train
P33929,train
P33930,train
P33931,train
P33932,test
P33933,validation
P33934,train
P33935,train
P33936,train
P33937,validation
P33938,train
P33939,test
P33940,train
P33941,train
P33942,train
P33943,train
P33944,test
P33945,train
P33946,train
P33947,train
P33948,train
P33949,train
P33950,train
P33951,train
P33952,train
P33953,train
P33954,train
P33955,train
P33956,validation
P33957,test
P33958,train
P33959,validation
P33960,train
P33961,train
P33962,train
P33963,test
P33964,validation
P33965,train
P33966,train
P33967,train
P33968,train
P33969,train
P33970,train
P33971,train
P33972,train
P33973,test
P33974,test
P33975,train
P33976,train
P33977,train
P33978,train
P33979,test
P33980,train
P33981,train
P33982,validation
P33983,train
P33984,train
P33985,test
P33986,validation
P33987,train
P33988,validation
P33989,train
P33990,train
P33991,train
P33992,train
P33993,train
P33994,train
P33995,train
P33996,train
P33997,train
P33998,train
P33999,train
P34000,train
P34001,train
P34002,train
P34003,train
P34004,train
P34005,validation
P34006,train
P34007,train
P34008,train
P34009,train
P34010,train
P34011,train
P34012,train
P34013,train
P34014,train
P34015,train
P34016,validation
P34017,train
P34018,train
P34019,train
P34020,train
P34021,train
P34022,train
P34023,train
P34024,train
P34025,train
P34026,train
P34027,train
P34028,train
P34029,train
P34030,train
P34031,train
P34032,train
P34033,train
P34034,validation
P34035,train
P34036,train
P34037,train
P34038,train
P34039,train
P34040,train
P34041,train
P34042,train
P34043,train
P34044,train
P34045,train
P34046,train
P34047,validation
P34048,train
P34049,test
P34050,train
P34051,train
P34052,train
P34053,train
P34054,validation
P34055,train
P34056,train
P34057,train
P34058,train
P34059,train
P34060,train
P34061,train
P34062,test
P34063,train
P34064,test
P34065,train
P34066,train
P34067,train
P34068,train
P34069,train
P34070,train
P34071,train
P34072,validation
P34073,train
P34074,train
P34075,test
P34076,train
P34077,train
P34078,train
P34079,train
P34080,train
P34081,train
P34082,train
P34083,train
P34084,train
P34085,train
P34086,train
P34087,train
P34088,validation
P34089,test
P34090,train
P34091,train
P34092,train
P34093,train
P34094,train
P34095,train
P34096,train
P34097,train
P34098,train
P34099,train
P34100,train
P34101,train
P34102,train
P34103,validation
P34104,test
P34105,train
P34106,train
P34107,train
P34108,train
P34109,train
P34110,train
P34111,train
P34112,train
P34113,train
P34114,train
P34115,train
P34116,train
P34117,train
P34118,test
P34119,test
P34120,train
P34121,train
P34122,validation
P34123,train
P34124,train
P34125,train
P34126,train
P34127,train
P34128,train
P34129,train
P34130,train
P34131,train
P34132,train
P34133,train
P34134,train
P34135,train
P34136,train
P34137,validation
P34138,train
P34139,test
P34140,validation
P34141,train
P34142,test
P34143,validation
P34144,train
P34145,train
P34146,train
P34147,validation
P34148,train
P34149,test
P34150,train
P34151,train
P34152,train
P34153,train
P34154,train
P34155,train
P34156,train
P34157,train
P34158,train
P34159,train
P34160,train
P34161,train
P34162,train
P34163,train
P34164,train
P34165,validation
P34166,train
P34167,train
P34168,validation
P34169,train
P34170,train
P34171,train
P34172,train
P34173,test
P34174,validation
P34175,train
P34176,train
P34177,test
P34178,train
P34179,train
P34180,train
P34181,train
P34182,train
P34183,train
P34184,validation
P34185,validation
P34186,train
P34187,test
P34188,train
P34189,train
P34190,train
P34191,train
P34192,train
P34193,train
P34194,train
P34195,train
P34196,train
P34197,train
P34198,train
P34199,train
P34200,train
P34201,train
P34202,train
P34203,test
P34204,test
P34205,train
P34206,train
P34207,train
P34208,train
P34209,validation
P34210,train
P34211,test
P34212,train
P34213,train
P34214,train
P34215,train
P34216,validation
P34217,train
P34218,train
P34219,train
P34220,train
P34221,train
P34222,train
P34223,train
P34224,train
P34225,train
P34226,train
P34227,train
P34228,train
P34229,train
P34230,train
P34231,train
P34232,train
P34233,train
P34234,validation
P34235,train
P34236,test
P34237,validation
P34238,train
P34239,train
P34240,train
P34241,train
P34242,train
P34243,train
P34244,train
P34245,validation
P34246,train
P34247,train
P34248,train
P34249,train
P34250,train
P34251,train
P34252,test
P34253,train
P34254,train
P34255,test
P34256,train
P34257,train
P34258,train
P34259,train
P34260,validation
P34261,train
P34262,train
P34263,train
P34264,train
P34265,train
P34266,train
P34267,train
P34268,train
P34269,train
P34270,train
P34271,train
P34272,validation
P34273,train
P34274,train
P34275,train
P34276,train
P34277,train
P34278,train
P34279,train
P34280,test
P34281,train
P34282,train
P34283,train
P34284,test
P34285,train
P34286,train
P34287,train
P34288,train
P34289,train
P34290,train
P34291,validation
P34292,train
P34293,train
P34294,train
P34295,train
P34296,train
P34297,train
P34298,train
P34299,test
P34300,train
P34301,train
P34302,train
P34303,train
P34304,train
P34305,test
P34306,train
P34307,train
P34308,train
P34309,train
P34310,train
P34311,train
P34312,test
P34313,train
P34314,train
P34315,train
P34316,train
P34317,train
P34318,validation
P34319,train
P34320,train
P34321,train
P34322,train
P34323,test
P34324,train
P34325,train
P34326,test
P34327,validation
P34328,validation
P34329,test
P34330,train
P34331,train
P34332,train
P34333,validation
P34334,train
P34335,train
P34336,train
P34337,train
P34338,train
P34339,train
P34340,train
P34341,train
P34342,train
P34343,train
P34344,train
P34345,train
P34346,train
P34347,train
P34348,train
P34349,train
P34350,train
P34351,test
P34352,train
P34353,train
P34354,train
P34355,train
P34356,train
P34357,validation
P34358,test
P34359,train
P34360,train
P34361,train
P34362,validation
P34363,train
P34364,train
P34365,train
P34366,test
P34367,train
P34368,train
P34369,train
P34370,train
P34371,train
P34372,test
P34373,train
P34374,train
P34375,train
P34376,train
P34377,validation
P34378,train
P34379,train
P34380,train
P34381,train
P34382,train
P34383,test
P34384,test
P34385,train
P34386,train
P34387,train
P34388,train
P34389,test
P34390,train
P34391,test
P34392,train
P34393,train
P34394,train
P34395,train
P34396,train
P34397,train
P34398,train
P34399,validation
P34400,train
P34401,train
P34402,train
P34403,test
P34404,validation
P34405,validation
P34406,train
P34407,train
P34408,test
P34409,train
P34410,train
P34411,train
P34412,train
P34413,test
P34414,train
P34415,train
P34416,train
P34417,train
P34418,validation
P34419,train
P34420,test
P34421,train
P34422,train
P34423,train
P34424,train
P34425,train
P34426,train
P34427,train
P34428,validation
P34429,train
P34430,train
P34431,test
P34432,train
P34433,train
P34434,test
P34435,train
P34436,train
P34437,train
P34438,test
P34439,train
P34440,validation
P34441,validation
P34442,test
P34443,train
P34444,train
P34445,test
P34446,validation
P34447,train
P34448,test
P34449,train
P34450,train
P34451,train
P34452,validation
P34453,train
P34454,train
P34455,train
P34456,train
P34457,train
P34458,train
P34459,train
P34460,train
P34461,train
P34462,train
P34463,train
P34464,test
P34465,train
P34466,train
P34467,train
P34468,train
P34469,train
P34470,train
P34471,train
P34472,test
P34473,train
P34474,test
P34475,train
P34476,test
P34477,validation
P34478,train
P34479,train
P34480,validation
P34481,test
P34482,train
P34483,train
P34484,train
P34485,train
P34486,train
P34487,train
P34488,train
P34489,train
P34490,train
P34491,train
P34492,train
P34493,train
P34494,train
P34495,train
P34496,train
P34497,train
P34498,train
P34499,train
P34500,train
P34501,train
P34502,test
P34503,train
P34504,validation
P34505,train
P34506,train
P34507,train
P34508,train
P34509,test
P34510,train
P34511,train
P34512,train
P34513,train
P34514,train
P34515,train
P34516,train
P34517,train
P34518,validation
P34519,train
P34520,train
P34521,train
P34522,test
P34523,train
P34524,train
P34525,train
P34526,validation
P34527,train
P34528,train
P34529,train
P34530,train
P34531,test
P34532,train
P34533,test
P34534,train
P34535,train
P34536,train
P34537,train
P34538,train
P34539,validation
P34540,train
P34541,train
P34542,train
P34543,train
P34544,train
P34545,train
P34546,train
P34547,train
P34548,train
P34549,train
P34550,test
P34551,train
P34552,train
P34553,train
P34554,test
P34555,train
P34556,validation
P34557,train
P34558,train
P34559,train
P34560,train
P34561,test
P34562,train
P34563,train
P34564,train
P34565,train
P34566,train
P34567,train
P34568,train
P34569,validation
P34570,train
P34571,train
P34572,train
P34573,train
P34574,validation
P34575,train
P34576,train
P34577,test
P34578,train
P34579,train
P34580,train
P34581,train
P34582,train
P34583,validation
P34584,train
P34585,train
P34586,validation
P34587,train
P34588,train
P34589,train
P34590,train
P34591,train
P34592,train
P34593,train
P34594,train
P34595,validation
P34596,train
P34597,train
P34598,train
P34599,train
P34600,train
P34601,train
P34602,train
P34603,validation
P34604,train
P34605,train
P34606,train
P34607,train
P34608,train
P34609,train
P34610,train
P34611,validation
P34612,train
P34613,train
P34614,train
P34615,validation
P34616,train
P34617,test
P34618,train
P34619,train
P34620,train
P34621,train
P34622,train
P34623,train
P34624,train
P34625,train
P34626,train
P34627,train
P34628,train
P34629,train
P34630,train
P34631,train
P34632,train
P34633,train
P34634,test
P34635,train
P34636,train
P34637,train
P34638,train
P34639,train
P34640,test
P34641,train
P34642,train
P34643,train
P34644,validation
P34645,test
P34646,train
P34647,validation
P34648,train
P34649,train
P34650,train
P34651,train
P34652,train
P34653,train
P34654,train
P34655,train
P34656,train
P34657,train
P34658,train
P34659,train
P34660,train
P34661,train
P34662,train
P34663,train
P34664,train
P34665,validation
P34666,train
P34667,train
P34668,train
P34669,train
P34670,train
P34671,train
P34672,train
P34673,train
P34674,test
P34675,test
P34676,train
P34677,train
P34678,train
P34679,test
P34680,train
P34681,train
P34682,train
P34683,train
P34684,train
P34685,train
P34686,train
P34687,train
P34688,train
P34689,train
P34690,validation
P34691,train
P34692,validation
P34693,train
P34694,train
P34695,train
P34696,validation
P34697,validation
P34698,train
P34699,train
P34700,train
P34701,train
P34702,train
P34703,train
P34704,test
P34705,train
P34706,train
P34707,train
P34708,train
P34709,train
P34710,validation
P34711,test
P34712,train
P34713,train
P34714,train
P34715,train
P34716,train
P34717,train
P34718,train
P34719,train
P34720,train
P34721,train
P34722,train
P34723,train
P34724,train
P34725,train
P34726,train
P34727,train
P34728,validation
P34729,train
P34730,train
P34731,train
P34732,train
P34733,train
P34734,train
P34735,train
P34736,train
P34737,test
P34738,test
P34739,train
P34740,train
P34741,train
P34742,train
P34743,train
P34744,test
P34745,train
P34746,train
P34747,train
P34748,train
P34749,train
P34750,train
P34751,train
P34752,train
P34753,train
P34754,train
P34755,validation
P34756,train
P34757,train
P34758,train
P34759,train
P34760,train
P34761,train
P34762,train
P34763,validation
P34764,train
P34765,train
P34766,train
P34767,train
P34768,train
P34769,validation
P34770,test
P34771,test
P34772,train
P34773,validation
P34774,train
P34775,train
P34776,train
P34777,validation
P34778,validation
P34779,train
P34780,train
P34781,train
P34782,train
P34783,test
P34784,train
P34785,train
P34786,test
P34787,train
P34788,train
P34789,train
P34790,train
P34791,train
P34792,train
P34793,test
P34794,train
P34795,train
P34796,test
P34797,train
P34798,validation
P34799,train
P34800,train
P34801,train
P34802,train
P34803,train
P34804,train
P34805,train
P34806,train
P34807,train
P34808,train
P34809,test
P34810,train
P34811,train
P34812,train
P34813,train
P34814,train
P34815,train
P34816,train
P34817,train
P34818,train
P34819,train
P34820,train
P34821,train
P34822,train
P34823,train
P34824,test
P34825,train
P34826,validation
P34827,validation
P34828,train
P34829,train
P34830,train
P34831,train
P34832,train
P34833,train
P34834,train
P34835,train
P34836,train
P34837,train
P34838,train
P34839,train
P34840,train
P34841,train
P34842,train
P34843,train
P34844,train
P34845,train
P34846,train
P34847,validation
P34848,train
P34849,train
P34850,train
P34851,train
P34852,train
P34853,train
P34854,train
P34855,train
P34856,train
P34857,train
P34858,train
P34859,validation
P34860,train
P34861,train
P34862,train
P34863,train
P34864,train
P34865,validation
P34866,test
P34867,train
P34868,train
P34869,train
P34870,train
P34871,train
P34872,test
P34873,train
P34874,train
P34875,train
P34876,train
P34877,train
P34878,train
P34879,train
P34880,train
P34881,test
P34882,train
P34883,train
P34884,train
P34885,train
P34886,train
P34887,train
P34888,train
P34889,train
P34890,test
P34891,test
P34892,train
P34893,train
P34894,train
P34895,train
P34896,train
P34897,train
P34898,train
P34899,train
P34900,train
P34901,train
P34902,train
P34903,train
P34904,train
P34905,test
P34906,train
P34907,train
P34908,test
P34909,train
P34910,test
P34911,train
P34912,validation
P34913,validation
P34914,train
P34915,train
P34916,validation
P34917,train
P34918,train
P34919,train
P34920,validation
P34921,validation
P34922,train
P34923,test
P34924,train
P34925,train
P34926,train
P34927,train
P34928,train
P34929,train
P34930,validation
P34931,train
P34932,validation
P34933,train
P34934,validation
P34935,train
P34936,train
P34937,validation
P34938,train
P34939,train
P34940,validation
P34941,test
P34942,train
P34943,test
P34944,validation
P34945,train
P34946,validation
P34947,train
P34948,train
P34949,train
P34950,train
P34951,train
P34952,train
P34953,train
P34954,validation
P34955,train
P34956,train
P34957,train
P34958,train
P34959,train
P34960,train
P34961,train
P34962,train
P34963,train
P34964,test
P34965,train
P34966,train
P34967,train
P34968,validation
P34969,train
P34970,test
P34971,train
P34972,test
P34973,train
P34974,train
P34975,test
P34976,train
P34977,train
P34978,validation
P34979,train
P34980,train
P34981,train
P34982,train
P34983,train
P34984,train
P34985,train
P34986,test
P34987,test
P34988,validation
P34989,test
P34990,test
P34991,train
P34992,train
P34993,validation
P34994,train
P34995,train
P34996,train
P34997,train
P34998,train
P34999,train
P35000,train
P35001,test
P35002,train
P35003,train
P35004,train
P35005,train
P35006,validation
P35007,train
P35008,validation
P35009,train
P35010,train
P35011,train
P35012,train
P35013,train
P35014,train
P35015,train
P35016,test
P35017,train
P35018,train
P35019,train
P35020,train
P35021,train
P35022,train
P35023,train
P35024,train
P35025,train
P35026,train
P35027,test
P35028,train
P35029,train
P35030,validation
P35031,validation
P35032,train
P35033,train
P35034,train
P35035,train
P35036,train
P35037,train
P35038,train
P35039,train
P35040,train
P35041,train
P35042,test
P35043,train
P35044,train
P35045,train
P35046,train
P35047,validation
P35048,train
P35049,train
P35050,validation
P35051,train
P35052,train
P35053,train
P35054,train
P35055,train
P35056,train
P35057,train
P35058,train
P35059,train
P35060,train
P35061,train
P35062,test
P35063,train
P35064,train
P35065,train
P35066,train
P35067,train
P35068,train
P35069,train
P35070,train
P35071,train
P35072,train
P35073,train
P35074,train
P35075,train
P35076,train
P35077,train
P35078,train
P35079,train
P35080,train
P35081,train
P35082,train
P35083,train
P35084,train
P35085,train
P35086,validation
P35087,train
P35088,train
P35089,validation
P35090,validation
P35091,train
P35092,train
P35093,validation
P35094,train
P35095,train
P35096,train
P35097,validation
P35098,train
P35099,train
P35100,train
P35101,train
P35102,train
P35103,train
P35104,train
P35105,train
P35106,train
P35107,train
P35108,train
P35109,train
P35110,train
P35111,validation
P35112,train
P35113,train
P35114,train
P35115,train
P35116,train
P35117,validation
P35118,train
P35119,train
P35120,train
P35121,train
P35122,train
P35123,train
P35124,test
P35125,train
P35126,train
P35127,train
P35128,train
P35129,train
P35130,train
P35131,train
P35132,train
P35133,train
P35134,train
P35135,train
P35136,train
P35137,validation
P35138,validation
P35139,train
P35140,train
P35141,train
P35142,train
P35143,train
P35144,train
P35145,train
P35146,train
P35147,train
P35148,train
P35149,train
P35150,validation
P35151,test
P35152,train
P35153,train
P35154,train
P35155,train
P35156,validation
P35157,train
P35158,train
P35159,train
P35160,train
P35161,train
P35162,train
P35163,train
P35164,train
P35165,train
P35166,train
P35167,train
P35168,train
P35169,train
P35170,test
P35171,train
P35172,validation
P35173,train
P35174,train
P35175,test
P35176,validation
P35177,train
P35178,train
P35179,train
P35180,validation
P35181,test
P35182,train
P35183,train
P35184,train
P35185,train
P35186,train
P35187,train
P35188,train
P35189,train
P35190,validation
P35191,train
P35192,train
P35193,train
P35194,train
P35195,train
P35196,train
P35197,train
P35198,train
P35199,train
P35200,train
P35201,train
P35202,test
P35203,train
P35204,train
P35205,train
P35206,train
P35207,train
P35208,test
P35209,test
P35210,train
P35211,train
P35212,train
P35213,train
P35214,train
P35215,train
P35216,train
P35217,train
P35218,train
P35219,train
P35220,train
P35221,train
P35222,train
P35223,train
P35224,train
P35225,train
P35226,validation
P35227,validation
P35228,train
P35229,validation
P35230,train
P35231,train
P35232,test
P35233,train
P35234,train
P35235,validation
P35236,train
P35237,train
P35238,validation
P35239,train
P35240,train
P35241,train
P35242,train
P35243,train
P35244,train
P35245,train
P35246,train
P35247,train
P35248,train
P35249,train
P35250,validation
P35251,train
P35252,test
P35253,train
P35254,train
P35255,train
P35256,train
P35257,train
P35258,train
P35259,test
P35260,train
P35261,train
P35262,train
P35263,train
P35264,train
P35265,train
P35266,test
P35267,train
P35268,train
P35269,test
P35270,train
P35271,train
P35272,train
P35273,test
P35274,train
P35275,train
P35276,test
P35277,train
P35278,train
P35279,train
P35280,train
P35281,validation
P35282,train
P35283,train
P35284,validation
P35285,validation
P35286,train
P35287,train
P35288,train
P35289,validation
P35290,validation
P35291,train
P35292,train
P35293,train
P35294,train
P35295,train
P35296,train
P35297,test
P35298,test
P35299,train
P35300,train
P35301,train
P35302,train
P35303,train
P35304,train
P35305,train
P35306,train
P35307,test
P35308,validation
P35309,train
P35310,train
P35311,train
P35312,train
P35313,train
P35314,train
P35315,train
P35316,train
P35317,train
P35318,validation
P35319,train
P35320,train
P35321,train
P35322,train
P35323,train
P35324,train
P35325,train
P35326,validation
P35327,train
P35328,train
P35329,validation
P35330,train
P35331,train
P35332,train
P35333,train
P35334,train
P35335,train
P35336,validation
P35337,train
P35338,train
P35339,train
P35340,train
P35341,train
P35342,train
P35343,train
P35344,train
P35345,train
P35346,train
P35347,test
P35348,test
P35349,validation
P35350,train
P35351,train
P35352,train
P35353,test
P35354,test
P35355,train
P35356,train
P35357,validation
P35358,test
P35359,train
P35360,train
P35361,train
P35362,train
P35363,train
P35364,train
P35365,test
P35366,train
P35367,train
P35368,train
P35369,test
P35370,train
P35371,validation
P35372,train
P35373,test
P35374,train
P35375,train
P35376,train
P35377,train
P35378,train
P35379,train
P35380,test
P35381,train
P35382,train
P35383,train
P35384,validation
P35385,train
P35386,train
P35387,train
P35388,train
P35389,train
P35390,test
P35391,validation
P35392,validation
P35393,train
P35394,train
P35395,validation
P35396,train
P35397,test
P35398,train
P35399,train
P35400,train
P35401,test
P35402,train
P35403,test
P35404,train
P35405,train
P35406,train
P35407,train
P35408,train
P35409,validation
P35410,train
P35411,train
P35412,train
P35413,train
P35414,train
P35415,test
P35416,validation
P35417,train
P35418,train
P35419,train
P35420,train
P35421,train
P35422,train
P35423,train
P35424,train
P35425,train
P35426,test
P35427,train
P35428,train
P35429,train
P35430,train
P35431,train
P35432,train
P35433,train
P35434,train
P35435,train
P35436,validation
P35437,train
P35438,train
P35439,train
P35440,train
P35441,train
P35442,train
P35443,train
P35444,validation
P35445,train
P35446,train
P35447,train
P35448,train
P35449,train
P35450,test
P35451,train
P35452,train
P35453,train
P35454,train
P35455,train
P35456,train
P35457,train
P35458,train
P35459,validation
P35460,train
P35461,train
P35462,train
P35463,test
P35464,train
P35465,train
P35466,train
P35467,train
P35468,train
P35469,train
P35470,train
P35471,train
P35472,train
P35473,train
P35474,train
P35475,train
P35476,test
P35477,train
P35478,train
P35479,train
P35480,train
P35481,train
P35482,train
P35483,validation
P35484,train
P35485,test
P35486,train
P35487,train
P35488,train
P35489,train
P35490,validation
P35491,train
P35492,validation
P35493,train
P35494,train
P35495,train
P35496,train
P35497,train
P35498,validation
P35499,train
P35500,validation
P35501,test
P35502,validation
P35503,validation
P35504,train
P35505,train
P35506,train
P35507,train
P35508,train
P35509,train
P35510,train
P35511,train
P35512,train
P35513,test
P35514,train
P35515,validation
P35516,train
P35517,test
P35518,train
P35519,train
P35520,train
P35521,train
P35522,train
P35523,train
P35524,train
P35525,train
P35526,train
P35527,train
P35528,train
P35529,validation
P35530,train
P35531,train
P35532,train
P35533,train
P35534,train
P35535,train
P35536,train
P35537,train
P35538,train
P35539,train
P35540,train
P35541,train
P35542,train
P35543,train
P35544,train
P35545,test
P35546,train
P35547,test
P35548,train
P35549,train
P35550,train
P35551,train
P35552,train
P35553,train
P35554,train
P35555,train
P35556,train
P35557,train
P35558,validation
P35559,train
P35560,train
P35561,test
P35562,validation
P35563,validation
P35564,train
P35565,train
P35566,train
P35567,validation
P35568,train
P35569,train
P35570,train
P35571,train
P35572,train
P35573,train
P35574,train
P35575,train
P35576,train
P35577,train
P35578,train
P35579,train
P35580,train
P35581,test
P35582,train
P35583,train
P35584,train
P35585,validation
P35586,test
P35587,train
P35588,train
P35589,train
P35590,train
P35591,test
P35592,train
P35593,train
P35594,test
P35595,train
P35596,train
P35597,train
P35598,test
P35599,train
P35600,train
P35601,train
P35602,train
P35603,train
P35604,train
P35605,train
P35606,validation
P35607,train
P35608,train
P35609,train
P35610,train
P35611,train
P35612,train
P35613,test
P35614,train
P35615,train
P35616,train
P35617,train
P35618,test
P35619,train
P35620,train
P35621,train
P35622,train
P35623,train
P35624,test
P35625,train
P35626,train
P35627,train
P35628,train
P35629,train
P35630,test
P35631,train
P35632,train
P35633,train
P35634,train
P35635,train
P35636,train
P35637,train
P35638,train
P35639,train
P35640,train
P35641,train
P35642,train
P35643,train
P35644,train
P35645,train
P35646,train
P35647,train
P35648,train
P35649,train
P35650,train
P35651,train
P35652,test
P35653,train
P35654,test
P35655,train
P35656,train
P35657,validation
P35658,validation
P35659,train
P35660,train
P35661,train
P35662,train
P35663,validation
P35664,train
P35665,train
P35666,train
P35667,train
P35668,train
P35669,validation
P35670,validation
P35671,test
P35672,train
P35673,train
P35674,train
P35675,train
P35676,train
P35677,train
P35678,train
P35679,train
P35680,train
P35681,train
P35682,train
P35683,train
P35684,train
P35685,train
P35686,test
P35687,train
P35688,train
P35689,test
P35690,train
P35691,train
P35692,train
P35693,train
P35694,validation
P35695,train
P35696,train
P35697,test
P35698,train
P35699,train
P35700,train
P35701,train
P35702,validation
P35703,test
P35704,train
P35705,train
P35706,train
P35707,train
P35708,validation
P35709,test
P35710,train
P35711,train
P35712,train
P35713,train
P35714,test
P35715,validation
P35716,train
P35717,test
P35718,validation
P35719,train
P35720,test
P35721,train
P35722,train
P35723,validation
P35724,train
P35725,validation
P35726,validation
P35727,train
P35728,train
P35729,train
P35730,train
P35731,train
P35732,validation
P35733,train
P35734,train
P35735,train
P35736,train
P35737,train
P35738,train
P35739,train
P35740,train
P35741,train
P35742,validation
P35743,train
P35744,validation
P35745,train
P35746,train
P35747,train
P35748,train
P35749,train
P35750,train
P35751,train
P35752,validation
P35753,train
P35754,train
P35755,train
P35756,validation
P35757,train
P35758,train
P35759,train
P35760,train
P35761,train
P35762,test
P35763,test
P35764,train
P35765,train
P35766,validation
P35767,test
P35768,train
P35769,train
P35770,train
P35771,validation
P35772,train
P35773,train
P35774,train
P35775,train
P35776,train
P35777,train
P35778,train
P35779,train
P35780,train
P35781,train
P35782,train
P35783,train
P35784,test
P35785,train
P35786,train
P35787,train
P35788,test
P35789,train
P35790,train
P35791,train
P35792,train
P35793,train
P35794,train
P35795,test
P35796,train
P35797,train
P35798,train
P35799,train
P35800,train
P35801,train
P35802,validation
P35803,train
P35804,validation
P35805,validation
P35806,train
P35807,train
P35808,train
P35809,validation
P35810,train
P35811,test
P35812,train
P35813,train
P35814,train
P35815,train
P35816,train
P35817,train
P35818,train
P35819,train
P35820,train
P35821,train
P35822,train
P35823,test
P35824,validation
P35825,test
P35826,train
P35827,train
P35828,train
P35829,train
P35830,train
P35831,train
P35832,train
P35833,validation
P35834,train
P35835,train
P35836,test
P35837,train
P35838,validation
P35839,train
P35840,train
P35841,train
P35842,validation
P35843,train
P35844,validation
P35845,train
P35846,train
P35847,train
P35848,train
P35849,validation
P35850,train
P35851,train
P35852,train
P35853,train
P35854,train
P35855,train
P35856,train
P35857,train
P35858,train
P35859,train
P35860,train
P35861,train
P35862,train
P35863,train
P35864,train
P35865,train
P35866,train
P35867,train
P35868,train
P35869,train
P35870,train
P35871,train
P35872,train
P35873,train
P35874,train
P35875,train
P35876,train
P35877,train
P35878,train
P35879,test
P35880,train
P35881,validation
P35882,train
P35883,train
P35884,train
P35885,train
P35886,train
P35887,train
P35888,test
P35889,train
P35890,train
P35891,train
P35892,train
P35893,train
P35894,train
P35895,train
P35896,train
P35897,train
P35898,test
P35899,train
P35900,train
P35901,train
P35902,train
P35903,train
P35904,train
P35905,train
P35906,train
P35907,train
P35908,train
P35909,train
P35910,train
P35911,validation
P35912,test
P35913,train
P35914,train
P35915,train
P35916,train
P35917,train
P35918,train
P35919,train
P35920,train
P35921,test
P35922,train
P35923,train
P35924,test
P35925,train
P35926,train
P35927,train
P35928,train
P35929,train
P35930,train
P35931,test
P35932,train
P35933,train
P35934,train
P35935,test
P35936,test
P35937,train
P35938,train
P35939,train
P35940,train
P35941,train
P35942,train
P35943,train
P35944,train
P35945,train
P35946,train
P35947,train
P35948,train
P35949,train
P35950,train
P35951,test
P35952,train
P35953,train
P35954,test
P35955,validation
P35956,train
P35957,train
P35958,train
P35959,train
P35960,train
P35961,train
P35962,train
P35963,validation
P35964,train
P35965,test
P35966,train
P35967,test
P35968,train
P35969,train
P35970,train
P35971,train
P35972,train
P35973,train
P35974,train
P35975,train
P35976,train
P35977,train
P35978,test
P35979,train
P35980,train
P35981,validation
P35982,train
P35983,test
P35984,train
P35985,train
P35986,train
P35987,train
P35988,train
P35989,train
P35990,train
P35991,train
P35992,test
P35993,validation
P35994,train
P35995,train
P35996,validation
P35997,train
P35998,train
P35999,train
P36000,train
P36001,train
P36002,train
P36003,train
P36004,test
P36005,train
P36006,train
P36007,train
P36008,train
P36009,train
P36010,train
P36011,train
P36012,validation
P36013,train
P36014,test
P36015,train
P36016,train
P36017,train
P36018,validation
P36019,train
P36020,train
P36021,train
P36022,train
P36023,train
P36024,train
P36025,train
P36026,train
P36027,train
P36028,train
P36029,train
P36030,train
P36031,train
P36032,train
P36033,train
P36034,train
P36035,train
P36036,train
P36037,train
P36038,train
P36039,train
P36040,train
P36041,validation
P36042,train
P36043,test
P36044,train
P36045,train
P36046,train
P36047,train
P36048,train
P36049,test
P36050,train
P36051,test
P36052,test
P36053,validation
P36054,train
P36055,train
P36056,train
P36057,train
P36058,train
P36059,train
P36060,validation
P36061,train
P36062,train
P36063,train
P36064,train
P36065,train
P36066,train
P36067,train
P36068,train
P36069,train
P36070,test
P36071,test
P36072,test
P36073,train
P36074,train
P36075,train
P36076,validation
P36077,train
P36078,train
P36079,train
P36080,test
P36081,test
P36082,train
P36083,train
P36084,train
P36085,validation
P36086,train
P36087,train
P36088,validation
P36089,validation
P36090,train
P36091,train
P36092,train
P36093,train
P36094,train
P36095,train
P36096,validation
P36097,validation
P36098,train
P36099,train
P36100,train
P36101,train
P36102,validation
P36103,test
P36104,test
P36105,train
P36106,train
P36107,train
P36108,train
P36109,train
P36110,train
P36111,train
P36112,train
P36113,validation
P36114,train
P36115,train
P36116,train
P36117,train
P36118,train
P36119,train
P36120,train
P36121,train
P36122,train
P36123,train
P36124,train
P36125,train
P36126,train
P36127,test
P36128,train
P36129,train
P36130,train
P36131,train
P36132,train
P36133,train
P36134,train
P36135,train
P36136,train
P36137,train
P36138,train
P36139,train
P36140,train
P36141,train
P36142,test
P36143,validation
P36144,validation
P36145,train
P36146,validation
P36147,train
P36148,train
P36149,train
P36150,test
P36151,test
P36152,train
P36153,train
P36154,train
P36155,train
P36156,test
P36157,train
P36158,train
P36159,validation
P36160,train
P36161,train
P36162,train
P36163,train
P36164,train
P36165,validation
P36166,train
P36167,validation
P36168,train
P36169,train
P36170,validation
P36171,train
P36172,train
P36173,train
P36174,train
P36175,train
P36176,train
P36177,train
P36178,train
P36179,train
P36180,train
P36181,train
P36182,train
P36183,train
P36184,test
P36185,train
P36186,train
P36187,validation
P36188,train
P36189,train
P36190,train
P36191,test
P36192,train
P36193,train
P36194,validation
P36195,train
P36196,train
P36197,train
P36198,train
P36199,train
P36200,train
P36201,train
P36202,train
P36203,train
P36204,train
P36205,train
P36206,train
P36207,train
P36208,test
P36209,validation
P36210,train
P36211,train
P36212,train
P36213,train
P36214,train
P36215,train
P36216,train
P36217,train
P36218,train
P36219,test
P36220,validation
P36221,train
P36222,train
P36223,validation
P36224,train
P36225,train
P36226,train
P36227,train
P36228,train
P36229,train
P36230,train
P36231,train
P36232,validation
P36233,test
P36234,train
P36235,train
P36236,test
P36237,validation
P36238,train
P36239,train
P36240,train
P36241,train
P36242,train
P36243,train
P36244,train
P36245,train
P36246,train
P36247,train
P36248,train
P36249,train
P36250,train
P36251,validation
P36252,train
P36253,train
P36254,train
P36255,train
P36256,train
P36257,train
P36258,train
P36259,train
P36260,train
P36261,train
P36262,test
P36263,train
P36264,train
P36265,train
P36266,train
P36267,train
P36268,train
P36269,test
P36270,train
P36271,train
P36272,train
P36273,train
P36274,train
P36275,train
P36276,train
P36277,train
P36278,train
P36279,train
P36280,train
P36281,train
P36282,train
P36283,train
P36284,validation
P36285,validation
P36286,train
P36287,train
P36288,train
P36289,train
P36290,train
P36291,train
P36292,train
P36293,validation
P36294,train
P36295,train
P36296,validation
P36297,train
P36298,train
P36299,validation
P36300,train
P36301,train
P36302,train
P36303,train
P36304,train
P36305,validation
P36306,test
P36307,train
P36308,train
P36309,test
P36310,train
P36311,train
P36312,train
P36313,test
P36314,train
P36315,validation
P36316,train
P36317,train
P36318,train
P36319,train
P36320,train
P36321,train
P36322,train
P36323,train
P36324,train
P36325,train
P36326,train
P36327,train
P36328,train
P36329,train
P36330,train
P36331,train
P36332,train
P36333,train
P36334,validation
P36335,train
P36336,train
P36337,train
P36338,train
P36339,test
P36340,train
P36341,train
P36342,train
P36343,test
P36344,train
P36345,train
P36346,test
P36347,train
P36348,validation
P36349,train
P36350,train
P36351,validation
P36352,test
P36353,train
P36354,train
P36355,train
P36356,train
P36357,test
P36358,train
P36359,train
P36360,test
P36361,train
P36362,validation
P36363,test
P36364,train
P36365,train
P36366,train
P36367,train
P36368,validation
P36369,train
P36370,train
P36371,train
P36372,train
P36373,train
P36374,train
P36375,train
P36376,train
P36377,train
P36378,train
P36379,train
P36380,test
P36381,train
P36382,test
P36383,train
P36384,train
P36385,train
P36386,train
P36387,train
P36388,validation
P36389,train
P36390,train
P36391,train
P36392,train
P36393,validation
P36394,train
P36395,train
P36396,train
P36397,train
P36398,train
P36399,train
P36400,train
P36401,train
P36402,train
P36403,train
P36404,test
P36405,validation
P36406,train
P36407,train
P36408,train
P36409,train
P36410,train
P36411,train
P36412,train
P36413,train
P36414,train
P36415,train
P36416,train
P36417,train
P36418,train
P36419,train
P36420,train
P36421,train
P36422,validation
P36423,train
P36424,train
P36425,test
P36426,train
P36427,train
P36428,validation
P36429,train
P36430,train
P36431,train
P36432,train
P36433,train
P36434,train
P36435,train
P36436,train
P36437,train
P36438,train
P36439,train
P36440,train
P36441,train
P36442,train
P36443,train
P36444,train
P36445,train
P36446,test
P36447,train
P36448,test
P36449,train
P36450,train
P36451,train
P36452,train
P36453,train
P36454,train
P36455,train
P36456,train
P36457,validation
P36458,train
P36459,train
P36460,train
P36461,train
P36462,train
P36463,train
P36464,train
P36465,train
P36466,train
P36467,train
P36468,train
P36469,train
P36470,train
P36471,train
P36472,train
P36473,train
P36474,test
P36475,train
P36476,validation
P36477,validation
P36478,train
P36479,test
P36480,train
P36481,train
P36482,train
P36483,validation
P36484,validation
P36485,train
P36486,train
P36487,test
P36488,train
P36489,train
P36490,train
P36491,validation
P36492,test
P36493,train
P36494,validation
P36495,train
P36496,train
P36497,train
P36498,test
P36499,train
P36500,train
P36501,train
P36502,test
P36503,train
P36504,train
P36505,train
P36506,validation
P36507,validation
P36508,train
P36509,train
P36510,train
P36511,train
P36512,train
P36513,train
P36514,train
P36515,train
P36516,train
P36517,train
P36518,train
P36519,train
P36520,train
P36521,train
P36522,train
P36523,validation
P36524,train
P36525,train
P36526,test
P36527,train
P36528,validation
P36529,train
P36530,train
P36531,train
P36532,train
P36533,train
P36534,train
P36535,test
P36536,train
P36537,train
P36538,train
P36539,train
P36540,train
P36541,train
P36542,train
P36543,train
P36544,train
P36545,train
P36546,train
P36547,train
P36548,train
P36549,train
P36550,test
P36551,train
P36552,train
P36553,train
P36554,test
P36555,validation
P36556,train
P36557,train
P36558,train
P36559,train
P36560,train
P36561,train
P36562,test
P36563,train
P36564,train
P36565,train
P36566,train
P36567,train
P36568,train
P36569,test
P36570,train
P36571,test
P36572,train
P36573,train
P36574,train
P36575,validation
P36576,test
P36577,test
P36578,train
P36579,train
P36580,train
P36581,train
P36582,train
P36583,test
P36584,validation
P36585,train
P36586,train
P36587,train
P36588,train
P36589,train
P36590,train
P36591,validation
P36592,train
P36593,train
P36594,train
P36595,train
P36596,train
P36597,train
P36598,train
P36599,train
P36600,train
P36601,train
P36602,train
P36603,train
P36604,train
P36605,train
P36606,train
P36607,train
P36608,train
P36609,test
P36610,test
P36611,test
P36612,train
P36613,train
P36614,train
P36615,train
P36616,train
P36617,train
P36618,train
P36619,train
P36620,train
P36621,train
P36622,train
P36623,validation
P36624,train
P36625,train
P36626,test
P36627,train
P36628,validation
P36629,train
P36630,train
P36631,test
P36632,train
P36633,validation
P36634,train
P36635,validation
P36636,train
P36637,test
P36638,test
P36639,train
P36640,test
P36641,test
P36642,train
P36643,test
P36644,train
P36645,train
P36646,train
P36647,validation
P36648,train
P36649,validation
P36650,train
P36651,train
P36652,train
P36653,train
P36654,train
P36655,train
P36656,validation
P36657,train
P36658,train
P36659,train
P36660,train
P36661,test
P36662,train
P36663,train
P36664,train
P36665,train
P36666,train
P36667,test
P36668,train
P36669,train
P36670,train
P36671,validation
P36672,train
P36673,train
P36674,train
P36675,train
P36676,test
P36677,train
P36678,train
P36679,train
P36680,train
P36681,validation
P36682,train
P36683,train
P36684,train
P36685,train
P36686,train
P36687,train
P36688,train
P36689,train
P36690,train
P36691,test
P36692,train
P36693,train
P36694,train
P36695,train
P36696,validation
P36697,train
P36698,train
P36699,train
P36700,train
P36701,train
P36702,test
P36703,train
P36704,train
P36705,train
P36706,train
P36707,train
P36708,train
P36709,train
P36710,train
P36711,train
P36712,train
P36713,train
P36714,train
P36715,train
P36716,train
P36717,test
P36718,train
P36719,train
P36720,train
P36721,train
P36722,train
P36723,train
P36724,train
P36725,train
P36726,train
P36727,validation
P36728,train
P36729,train
P36730,train
P36731,train
P36732,test
P36733,train
P36734,train
P36735,validation
P36736,validation
P36737,train
P36738,train
P36739,train
P36740,train
P36741,train
P36742,train
P36743,train
P36744,train
P36745,train
P36746,train
P36747,train
P36748,train
P36749,train
P36750,train
P36751,train
P36752,train
P36753,train
P36754,train
P36755,train
P36756,train
P36757,train
P36758,validation
P36759,train
P36760,test
P36761,train
P36762,train
P36763,train
P36764,train
P36765,train
P36766,train
P36767,train
P36768,test
P36769,test
P36770,train
P36771,test
P36772,train
P36773,train
P36774,validation
P36775,train
P36776,train
P36777,train
P36778,train
P36779,train
P36780,test
P36781,train
P36782,train
P36783,train
P36784,train
P36785,train
P36786,train
P36787,train
P36788,train
P36789,train
P36790,train
P36791,train
P36792,train
P36793,train
P36794,train
P36795,train
P36796,train
P36797,test
P36798,train
P36799,train
P36800,test
P36801,train
P36802,train
P36803,test
P36804,train
P36805,train
P36806,train
P36807,train
P36808,train
P36809,train
P36810,train
P36811,train
P36812,train
P36813,train
P36814,train
P36815,train
P36816,train
P36817,train
P36818,train
P36819,train
P36820,train
P36821,train
P36822,train
P36823,train
P36824,train
P36825,train
P36826,train
P36827,train
P36828,train
P36829,train
P36830,train
P36831,train
P36832,train
P36833,train
P36834,validation
P36835,train
P36836,train
P36837,train
P36838,train
P36839,validation
P36840,train
P36841,train
P36842,train
P36843,train
P36844,train
P36845,validation
P36846,train
P36847,train
P36848,train
P36849,train
P36850,train
P36851,validation
P36852,train
P36853,validation
P36854,train
P36855,train
P36856,test
P36857,validation
P36858,train
P36859,train
P36860,train
P36861,train
P36862,train
P36863,train
P36864,validation
P36865,test
P36866,validation
P36867,validation
P36868,train
P36869,train
P36870,train
P36871,train
P36872,train
P36873,train
P36874,train
P36875,train
P36876,train
P36877,validation
P36878,validation
P36879,train
P36880,train
P36881,train
P36882,validation
P36883,train
P36884,train
P36885,train
P36886,train
P36887,train
P36888,train
P36889,train
P36890,train
P36891,train
P36892,train
P36893,train
P36894,train
P36895,train
P36896,train
P36897,train
P36898,validation
P36899,train
P36900,train
P36901,train
P36902,train
P36903,train
P36904,train
P36905,train
P36906,train
P36907,train
P36908,train
P36909,test
P36910,train
P36911,validation
P36912,train
P36913,train
P36914,train
P36915,validation
P36916,train
P36917,train
P36918,train
P36919,validation
P36920,train
P36921,validation
P36922,train
P36923,train
P36924,train
P36925,validation
P36926,train
P36927,train
P36928,train
P36929,train
P36930,validation
P36931,train
P36932,train
P36933,train
P36934,train
P36935,train
P36936,train
P36937,train
P36938,train
P36939,train
P36940,train
P36941,train
P36942,test
P36943,train
P36944,test
P36945,train
P36946,train
P36947,train
P36948,train
P36949,train
P36950,train
P36951,train
P36952,validation
P36953,train
P36954,test
P36955,test
P36956,validation
P36957,train
P36958,train
P36959,train
P36960,train
P36961,train
P36962,test
P36963,train
P36964,train
P36965,validation
P36966,validation
P36967,train
P36968,test
P36969,train
P36970,train
P36971,train
P36972,train
P36973,train
P36974,train
P36975,train
P36976,train
P36977,train
P36978,train
P36979,train
P36980,train
P36981,train
P36982,train
P36983,train
P36984,train
P36985,train
P36986,train
P36987,train
P36988,train
P36989,train
P36990,train
P36991,train
P36992,test
P36993,train
P36994,train
P36995,validation
P36996,train
P36997,test
P36998,test
P36999,validation
P37000,train
P37001,train
P37002,train
P37003,train
P37004,train
P37005,train
P37006,train
P37007,validation
P37008,train
P37009,train
P37010,train
P37011,test
P37012,train
P37013,train
P37014,train
P37015,train
P37016,train
P37017,train
P37018,validation
P37019,train
P37020,train
P37021,train
P37022,train
P37023,train
P37024,test
P37025,test
P37026,train
P37027,train
P37028,test
P37029,train
P37030,train
P37031,train
P37032,train
P37033,train
P37034,train
P37035,train
P37036,validation
P37037,train
P37038,train
P37039,train
P37040,test
P37041,train
P37042,train
P37043,train
P37044,train
P37045,train
P37046,train
P37047,train
P37048,train
P37049,train
P37050,train
P37051,train
P37052,train
P37053,train
P37054,train
P37055,test
P37056,train
P37057,train
P37058,test
P37059,test
P37060,train
P37061,train
P37062,train
P37063,train
P37064,train
P37065,test
P37066,test
P37067,train
P37068,train
P37069,test
P37070,train
P37071,test
P37072,train
P37073,train
P37074,test
P37075,validation
P37076,train
P37077,train
P37078,test
P37079,train
P37080,train
P37081,train
P37082,validation
P37083,train
P37084,train
P37085,train
P37086,train
P37087,test
P37088,train
P37089,train
P37090,train
P37091,train
P37092,train
P37093,train
P37094,train
P37095,train
P37096,train
P37097,train
P37098,train
P37099,train
P37100,train
P37101,train
P37102,validation
P37103,validation
P37104,test
P37105,train
P37106,train
P37107,validation
P37108,train
P37109,train
P37110,train
P37111,train
P37112,test
P37113,train
P37114,train
P37115,test
P37116,train
P37117,train
P37118,train
P37119,validation
P37120,validation
P37121,train
P37122,train
P37123,train
P37124,train
P37125,train
P37126,train
P37127,train
P37128,train
P37129,train
P37130,validation
P37131,train
P37132,train
P37133,train
P37134,validation
P37135,train
P37136,train
P37137,train
P37138,test
P37139,train
P37140,train
P37141,train
P37142,train
P37143,train
P37144,train
P37145,train
P37146,train
P37147,train
P37148,validation
P37149,train
P37150,train
P37151,train
P37152,train
P37153,train
P37154,train
P37155,train
P37156,train
P37157,train
P37158,train
P37159,train
P37160,train
P37161,train
P37162,train
P37163,validation
P37164,train
P37165,train
P37166,train
P37167,test
P37168,train
P37169,train
P37170,train
P37171,train
P37172,train
P37173,train
P37174,test
P37175,train
P37176,train
P37177,train
P37178,train
P37179,train
P37180,train
P37181,validation
P37182,train
P37183,train
P37184,train
P37185,train
P37186,train
P37187,train
P37188,train
P37189,train
P37190,train
P37191,train
P37192,train
P37193,train
P37194,validation
P37195,train
P37196,train
P37197,train
P37198,train
P37199,train
P37200,train
P37201,train
P37202,validation
P37203,train
P37204,train
P37205,train
P37206,train
P37207,train
P37208,train
P37209,train
P37210,test
P37211,train
P37212,train
P37213,train
P37214,train
P37215,train
P37216,validation
P37217,train
P37218,validation
P37219,train
P37220,train
P37221,train
P37222,train
P37223,train
P37224,train
P37225,train
P37226,train
P37227,train
P37228,train
P37229,train
P37230,train
P37231,train
P37232,train
P37233,train
P37234,train
P37235,train
P37236,train
P37237,train
P37238,train
P37239,test
P37240,validation
P37241,train
P37242,test
P37243,train
P37244,train
P37245,train
P37246,test
P37247,train
P37248,train
P37249,validation
P37250,train
P37251,train
P37252,train
P37253,train
P37254,train
P37255,train
P37256,train
P37257,train
P37258,train
P37259,train
P37260,train
P37261,train
P37262,train
P37263,train
P37264,train
P37265,test
P37266,train
P37267,validation
P37268,validation
P37269,train
P37270,train
P37271,train
P37272,train
P37273,train
P37274,train
P37275,train
P37276,train
P37277,train
P37278,train
P37279,train
P37280,train
P37281,train
P37282,train
P37283,train
P37284,validation
P37285,train
P37286,validation
P37287,validation
P37288,train
P37289,train
P37290,train
P37291,train
P37292,train
P37293,train
P37294,train
P37295,train
P37296,validation
P37297,train
P37298,train
P37299,validation
P37300,train
P37301,test
P37302,train
P37303,train
P37304,train
P37305,train
P37306,train
P37307,train
P37308,train
P37309,train
P37310,train
P37311,test
P37312,train
P37313,train
P37314,validation
P37315,test
P37316,train
P37317,train
P37318,validation
P37319,train
P37320,train
P37321,test
P37322,train
P37323,train
P37324,train
P37325,test
P37326,train
P37327,train
P37328,train
P37329,train
P37330,train
P37331,validation
P37332,validation
P37333,train
P37334,train
P37335,train
P37336,train
P37337,train
P37338,train
P37339,train
P37340,validation
P37341,train
P37342,train
P37343,train
P37344,train
P37345,train
P37346,train
P37347,validation
P37348,train
P37349,validation
P37350,train
P37351,train
P37352,train
P37353,train
P37354,validation
P37355,test
P37356,train
P37357,train
P37358,train
P37359,train
P37360,train
P37361,test
P37362,train
P37363,train
P37364,train
P37365,train
P37366,train
P37367,train
P37368,train
P37369,train
P37370,train
P37371,train
P37372,train
P37373,train
P37374,train
P37375,train
P37376,train
P37377,train
P37378,train
P37379,train
P37380,train
P37381,train
P37382,train
P37383,train
P37384,train
P37385,train
P37386,train
P37387,train
P37388,train
P37389,train
P37390,train
P37391,train
P37392,validation
P37393,train
P37394,train
P37395,train
P37396,train
P37397,train
P37398,validation
P37399,train
P37400,validation
P37401,train
P37402,train
P37403,train
P37404,train
P37405,train
P37406,train
P37407,train
P37408,train
P37409,train
P37410,validation
P37411,train
P37412,train
P37413,train
P37414,train
P37415,train
P37416,train
P37417,validation
P37418,train
P37419,train
P37420,train
P37421,train
P37422,train
P37423,train
P37424,train
P37425,train
P37426,train
P37427,train
P37428,train
P37429,train
P37430,train
P37431,train
P37432,train
P37433,train
P37434,train
P37435,validation
P37436,train
P37437,train
P37438,train
P37439,test
P37440,train
P37441,train
P37442,train
P37443,train
P37444,train
P37445,train
P37446,train
P37447,train
P37448,train
P37449,train
P37450,train
P37451,validation
P37452,test
P37453,train
P37454,train
P37455,train
P37456,train
P37457,test
P37458,train
P37459,train
P37460,train
P37461,train
P37462,validation
P37463,train
P37464,validation
P37465,train
P37466,train
P37467,train
P37468,train
P37469,train
P37470,train
P37471,train
P37472,test
P37473,train
P37474,train
P37475,train
P37476,train
P37477,train
P37478,train
P37479,train
P37480,train
P37481,train
P37482,train
P37483,test
P37484,train
P37485,train
P37486,test
P37487,validation
P37488,train
P37489,validation
P37490,test
P37491,train
P37492,train
P37493,train
P37494,validation
P37495,train
P37496,train
P37497,train
P37498,train
P37499,train
P37500,validation
P37501,test
P37502,test
P37503,train
P37504,train
P37505,train
P37506,test
P37507,train
P37508,train
P37509,test
P37510,train
P37511,train
P37512,validation
P37513,train
P37514,train
P37515,train
P37516,train
P37517,train
P37518,train
P37519,train
P37520,validation
P37521,train
P37522,test
P37523,test
P37524,test
P37525,train
P37526,train
P37527,train
P37528,train
P37529,train
P37530,validation
P37531,train
P37532,train
P37533,train
P37534,test
P37535,train
P37536,train
P37537,train
P37538,train
P37539,train
P37540,validation
P37541,train
P37542,train
P37543,train
P37544,test
P37545,train
P37546,train
P37547,train
P37548,train
P37549,train
P37550,train
P37551,train
P37552,test
P37553,train
P37554,train
P37555,test
P37556,train
P37557,validation
P37558,train
P37559,validation
P37560,train
P37561,train
P37562,train
P37563,train
P37564,validation
P37565,validation
P37566,train
P37567,train
P37568,test
P37569,train
P37570,test
P37571,train
P37572,train
P37573,train
P37574,train
P37575,train
P37576,train
P37577,test
P37578,train
P37579,train
P37580,train
P37581,train
P37582,train
P37583,train
P37584,train
P37585,train
P37586,train
P37587,train
P37588,train
P37589,train
P37590,train
P37591,train
P37592,train
P37593,train
P37594,train
P37595,train
P37596,train
P37597,train
P37598,train
P37599,train
P37600,test
P37601,train
P37602,train
P37603,test
P37604,train
P37605,train
P37606,train
P37607,train
P37608,train
P37609,train
P37610,train
P37611,validation
P37612,train
P37613,test
P37614,train
P37615,train
P37616,train
P37617,train
P37618,train
P37619,train
P37620,train
P37621,validation
P37622,train
P37623,train
P37624,train
P37625,validation
P37626,train
P37627,validation
P37628,train
P37629,train
P37630,validation
P37631,train
P37632,train
P37633,train
P37634,train
P37635,train
P37636,validation
P37637,train
P37638,train
P37639,train
P37640,train
P37641,train
P37642,train
P37643,train
P37644,train
P37645,train
P37646,train
P37647,train
P37648,train
P37649,train
P37650,train
P37651,train
P37652,train
P37653,train
P37654,train
P37655,train
P37656,train
P37657,train
P37658,train
P37659,train
P37660,train
P37661,train
P37662,train
P37663,train
P37664,validation
P37665,validation
P37666,train
P37667,train
P37668,train
P37669,train
P37670,train
P37671,train
P37672,test
P37673,train
P37674,train
P37675,train
P37676,train
P37677,train
P37678,train
P37679,train
P37680,train
P37681,train
P37682,train
P37683,train
P37684,validation
P37685,train
P37686,train
P37687,validation
P37688,train
P37689,train
P37690,test
P37691,validation
P37692,train
P37693,train
P37694,train
P37695,validation
P37696,validation
P37697,train
P37698,train
P37699,train
P37700,train
P37701,validation
P37702,train
P37703,train
P37704,train
P37705,train
P37706,train
P37707,train
P37708,train
P37709,train
P37710,train
P37711,train
P37712,train
P37713,train
P37714,validation
P37715,train
P37716,train
P37717,train
P37718,train
P37719,test
P37720,train
P37721,validation
P37722,train
P37723,train
P37724,train
P37725,test
P37726,train
P37727,train
P37728,test
P37729,test
P37730,train
P37731,train
P37732,train
P37733,test
P37734,validation
P37735,train
P37736,train
P37737,validation
P37738,train
P37739,train
P37740,train
P37741,train
P37742,test
P37743,train
P37744,train
P37745,train
P37746,train
P37747,train
P37748,train
P37749,train
P37750,train
P37751,train
P37752,train
P37753,train
P37754,test
P37755,train
P37756,validation
P37757,train
P37758,train
P37759,train
P37760,train
P37761,train
P37762,train
P37763,train
P37764,train
P37765,test
P37766,train
P37767,train
P37768,test
P37769,train
P37770,test
P37771,train
P37772,train
P37773,train
P37774,train
P37775,train
P37776,train
P37777,train
P37778,train
P37779,train
P37780,train
P37781,train
P37782,train
P37783,train
P37784,train
P37785,train
P37786,validation
P37787,train
P37788,test
P37789,train
P37790,train
P37791,train
P37792,train
P37793,train
P37794,train
P37795,train
P37796,train
P37797,train
P37798,train
P37799,train
P37800,train
P37801,validation
P37802,train
P37803,test
P37804,train
P37805,train
P37806,train
P37807,train
P37808,train
P37809,test
P37810,train
P37811,train
P37812,train
P37813,train
P37814,train
P37815,train
P37816,validation
P37817,train
P37818,train
P37819,train
P37820,train
P37821,validation
P37822,validation
P37823,train
P37824,train
P37825,test
P37826,train
P37827,train
P37828,train
P37829,validation
P37830,test
P37831,train
P37832,train
P37833,train
P37834,train
P37835,train
P37836,test
P37837,test
P37838,train
P37839,train
P37840,train
P37841,train
P37842,train
P37843,train
P37844,train
P37845,train
P37846,train
P37847,train
P37848,train
P37849,train
P37850,train
P37851,validation
P37852,train
P37853,train
P37854,train
P37855,train
P37856,train
P37857,train
P37858,train
P37859,train
P37860,train
P37861,train
P37862,train
P37863,test
P37864,train
P37865,validation
P37866,train
P37867,train
P37868,validation
P37869,train
P37870,train
P37871,train
P37872,validation
P37873,train
P37874,train
P37875,train
P37876,train
P37877,train
P37878,train
P37879,train
P37880,train
P37881,train
P37882,test
P37883,train
P37884,test
P37885,train
P37886,train
P37887,train
P37888,train
P37889,train
P37890,train
P37891,train
P37892,train
P37893,train
P37894,train
P37895,train
P37896,train
P37897,train
P37898,test
P37899,train
P37900,train
P37901,train
P37902,train
P37903,test
P37904,train
P37905,train
P37906,train
P37907,train
P37908,test
P37909,train
P37910,train
P37911,train
P37912,test
P37913,train
P37914,train
P37915,validation
P37916,train
P37917,train
P37918,train
P37919,train
P37920,validation
P37921,train
P37922,train
P37923,train
P37924,train
P37925,train
P37926,train
P37927,train
P37928,train
P37929,train
P37930,train
P37931,train
P37932,train
P37933,train
P37934,train
P37935,train
P37936,train
P37937,train
P37938,train
P37939,train
P37940,train
P37941,train
P37942,validation
P37943,train
P37944,validation
P37945,train
P37946,validation
P37947,train
P37948,train
P37949,train
P37950,test
P37951,train
P37952,train
P37953,train
P37954,train
P37955,train
P37956,train
P37957,train
P37958,train
P37959,train
P37960,train
P37961,train
P37962,train
P37963,train
P37964,test
P37965,test
P37966,train
P37967,train
P37968,train
P37969,train
P37970,train
P37971,train
P37972,train
P37973,train
P37974,validation
P37975,train
P37976,train
P37977,train
P37978,train
P37979,train
P37980,train
P37981,train
P37982,train
P37983,test
P37984,train
P37985,train
P37986,train
P37987,train
P37988,train
P37989,test
P37990,train
P37991,validation
P37992,train
P37993,validation
P37994,train
P37995,validation
P37996,train
P37997,test
P37998,train
P37999,train
P38000,train
P38001,validation
P38002,test
P38003,train
P38004,train
P38005,train
P38006,validation
P38007,test
P38008,train
P38009,train
P38010,train
P38011,test
P38012,train
P38013,train
P38014,train
P38015,validation
P38016,train
P38017,train
P38018,train
P38019,train
P38020,train
P38021,train
P38022,test
P38023,train
P38024,train
P38025,train
P38026,train
P38027,train
P38028,train
P38029,test
P38030,train
P38031,validation
P38032,train
P38033,train
P38034,train
P38035,train
P38036,test
P38037,test
P38038,validation
P38039,train
P38040,validation
P38041,train
P38042,train
P38043,train
P38044,train
P38045,train
P38046,train
P38047,train
P38048,test
P38049,train
P38050,train
P38051,train
P38052,train
P38053,train
P38054,train
P38055,train
P38056,train
P38057,validation
P38058,validation
P38059,train
P38060,train
P38061,train
P38062,train
P38063,train
P38064,train
P38065,train
P38066,train
P38067,train
P38068,train
P38069,train
P38070,validation
P38071,train
P38072,train
P38073,train
P38074,train
P38075,train
P38076,train
P38077,train
P38078,test
P38079,validation
P38080,train
P38081,train
P38082,train
P38083,train
P38084,train
P38085,train
P38086,train
P38087,train
P38088,train
P38089,train
P38090,train
P38091,train
P38092,train
P38093,train
P38094,train
P38095,train
P38096,train
P38097,train
P38098,test
P38099,test
P38100,train
P38101,validation
P38102,train
P38103,train
P38104,train
P38105,validation
P38106,train
P38107,train
P38108,train
P38109,train
P38110,train
P38111,train
P38112,validation
P38113,train
P38114,train
P38115,test
P38116,train
P38117,train
P38118,test
P38119,test
P38120,train
P38121,train
P38122,train
P38123,train
P38124,validation
P38125,train
P38126,train
P38127,train
P38128,train
P38129,test
P38130,train
P38131,train
P38132,train
P38133,test
P38134,train
P38135,validation
P38136,test
P38137,train
P38138,train
P38139,test
P38140,train
P38141,train
P38142,train
P38143,train
P38144,train
P38145,train
P38146,train
P38147,train
P38148,train
P38149,train
P38150,train
P38151,train
P38152,train
P38153,train
P38154,validation
P38155,train
P38156,train
P38157,train
P38158,train
P38159,train
P38160,train
P38161,test
P38162,train
P38163,train
P38164,test
P38165,train
P38166,train
P38167,train
P38168,train
P38169,train
P38170,train
P38171,train
P38172,validation
P38173,train
P38174,train
P38175,train
P38176,train
P38177,test
P38178,train
P38179,train
P38180,train
P38181,train
P38182,train
P38183,test
P38184,train
P38185,train
P38186,train
P38187,train
P38188,train
P38189,train
P38190,train
P38191,train
P38192,test
P38193,train
P38194,test
P38195,validation
P38196,train
P38197,train
P38198,test
P38199,validation
P38200,test
P38201,train
P38202,train
P38203,train
P38204,train
P38205,train
P38206,train
P38207,validation
P38208,train
P38209,train
P38210,train
P38211,train
P38212,train
P38213,train
P38214,validation
P38215,train
P38216,train
P38217,train
P38218,train
P38219,train
P38220,train
P38221,train
P38222,train
P38223,train
P38224,test
P38225,train
P38226,train
P38227,train
P38228,validation
P38229,train
P38230,validation
P38231,train
P38232,train
P38233,train
P38234,train
P38235,train
P38236,train
P38237,train
P38238,train
P38239,train
P38240,train
P38241,train
P38242,validation
P38243,train
P38244,train
P38245,train
P38246,train
P38247,test
P38248,validation
P38249,train
P38250,train
P38251,train
P38252,test
P38253,train
P38254,train
P38255,train
P38256,validation
P38257,train
P38258,train
P38259,train
P38260,train
P38261,validation
P38262,train
P38263,train
P38264,train
P38265,train
P38266,train
P38267,train
P38268,test
P38269,validation
P38270,train
P38271,train
P38272,test
P38273,train
P38274,train
P38275,train
P38276,train
P38277,train
P38278,train
P38279,test
P38280,test
P38281,train
P38282,train
P38283,train
P38284,train
P38285,train
P38286,train
P38287,train
P38288,train
P38289,train
P38290,train
P38291,train
P38292,train
P38293,train
P38294,train
P38295,test
P38296,train
P38297,validation
P38298,test
P38299,validation
P38300,test
P38301,validation
P38302,train
P38303,train
P38304,train
P38305,train
P38306,train
P38307,train
P38308,train
P38309,train
P38310,train
P38311,train
P38312,train
P38313,train
P38314,test
P38315,train
P38316,train
P38317,train
P38318,validation
P38319,train
P38320,train
P38321,train
P38322,train
P38323,train
P38324,test
P38325,train
P38326,train
P38327,train
P38328,train
P38329,train
P38330,train
P38331,train
P38332,train
P38333,train
P38334,train
P38335,train
P38336,train
P38337,validation
P38338,train
P38339,train
P38340,validation
P38341,train
P38342,train
P38343,train
P38344,train
P38345,validation
P38346,train
P38347,train
P38348,train
P38349,train
P38350,train
P38351,validation
P38352,validation
P38353,train
P38354,test
P38355,train
P38356,train
P38357,train
P38358,train
P38359,train
P38360,validation
P38361,train
P38362,train
P38363,train
P38364,validation
P38365,train
P38366,validation
P38367,train
P38368,validation
P38369,train
P38370,train
P38371,train
P38372,train
P38373,train
P38374,train
P38375,train
P38376,validation
P38377,train
P38378,train
P38379,train
P38380,test
P38381,train
P38382,test
P38383,test
P38384,train
P38385,train
P38386,train
P38387,train
P38388,train
P38389,test
P38390,train
P38391,train
P38392,train
P38393,train
P38394,train
P38395,validation
P38396,train
P38397,test
P38398,train
P38399,train
P38400,train
P38401,train
P38402,test
P38403,train
P38404,validation
P38405,train
P38406,train
P38407,train
P38408,train
P38409,train
P38410,train
P38411,train
P38412,train
P38413,train
P38414,train
P38415,train
P38416,train
P38417,validation
P38418,train
P38419,validation
P38420,train
P38421,train
P38422,train
P38423,train
P38424,train
P38425,train
P38426,train
P38427,train
P38428,validation
P38429,train
P38430,train
P38431,train
P38432,train
P38433,train
P38434,train
P38435,train
P38436,train
P38437,train
P38438,train
P38439,train
P38440,train
P38441,validation
P38442,train
P38443,test
P38444,train
P38445,train
P38446,train
P38447,train
P38448,train
P38449,train
P38450,validation
P38451,train
P38452,train
P38453,train
P38454,train
P38455,train
P38456,train
P38457,train
P38458,train
P38459,train
P38460,train
P38461,train
P38462,test
P38463,test
P38464,test
P38465,train
P38466,train
P38467,test
P38468,train
P38469,train
P38470,train
P38471,train
P38472,test
P38473,train
P38474,train
P38475,train
P38476,train
P38477,train
P38478,train
P38479,train
P38480,train
P38481,validation
P38482,train
P38483,test
P38484,train
P38485,train
P38486,train
P38487,train
P38488,train
P38489,train
P38490,train
P38491,validation
P38492,train
P38493,train
P38494,test
P38495,train
P38496,train
P38497,train
P38498,train
P38499,train
P38500,train
P38501,train
P38502,train
P38503,validation
P38504,train
P38505,train
P38506,train
P38507,test
P38508,train
P38509,train
P38510,train
P38511,train
P38512,train
P38513,train
P38514,train
P38515,train
P38516,train
P38517,train
P38518,train
P38519,train
P38520,test
P38521,train
P38522,train
P38523,train
P38524,test
P38525,train
P38526,train
P38527,train
P38528,train
P38529,train
P38530,train
P38531,train
P38532,train
P38533,train
P38534,train
P38535,train
P38536,train
P38537,validation
P38538,train
P38539,train
P38540,train
P38541,train
P38542,train
P38543,train
P38544,train
P38545,test
P38546,train
P38547,train
P38548,train
P38549,train
P38550,train
P38551,train
P38552,train
P38553,train
P38554,train
P38555,train
P38556,test
P38557,train
P38558,train
P38559,train
P38560,train
P38561,train
P38562,train
P38563,train
P38564,train
P38565,train
P38566,train
P38567,test
P38568,train
P38569,validation
P38570,train
P38571,train
P38572,train
P38573,validation
P38574,train
P38575,train
P38576,validation
P38577,train
P38578,test
P38579,train
P38580,train
P38581,test
P38582,train
P38583,train
P38584,train
P38585,train
P38586,train
P38587,test
P38588,train
P38589,train
P38590,test
P38591,train
P38592,test
P38593,train
P38594,train
P38595,validation
P38596,train
P38597,train
P38598,test
P38599,train
P38600,train
P38601,test
P38602,train
P38603,train
P38604,train
P38605,train
P38606,train
P38607,train
P38608,train
P38609,validation
P38610,train
P38611,train
P38612,train
P38613,train
P38614,train
P38615,train
P38616,train
P38617,train
P38618,validation
P38619,test
P38620,train
P38621,train
P38622,train
P38623,train
P38624,train
P38625,train
P38626,validation
P38627,train
P38628,test
P38629,validation
P38630,train
P38631,train
P38632,train
P38633,train
P38634,train
P38635,train
P38636,train
P38637,train
P38638,train
P38639,train
P38640,train
P38641,train
P38642,train
P38643,train
P38644,validation
P38645,train
P38646,train
P38647,train
P38648,train
P38649,validation
P38650,train
P38651,train
P38652,train
P38653,validation
P38654,train
P38655,train
P38656,validation
P38657,train
P38658,train
P38659,validation
P38660,train
P38661,train
P38662,train
P38663,train
P38664,train
P38665,train
P38666,train
P38667,validation
P38668,validation
P38669,train
P38670,train
P38671,train
P38672,validation
P38673,train
P38674,train
P38675,train
P38676,train
P38677,train
P38678,train
P38679,train
P38680,train
P38681,train
P38682,train
P38683,train
P38684,train
P38685,validation
P38686,test
P38687,train
P38688,train
P38689,train
P38690,train
P38691,train
P38692,train
P38693,train
P38694,test
P38695,test
P38696,train
P38697,train
P38698,train
P38699,train
P38700,validation
P38701,train
P38702,test
P38703,train
P38704,train
P38705,validation
P38706,validation
P38707,train
P38708,train
P38709,train
P38710,train
P38711,train
P38712,train
P38713,train
P38714,train
P38715,train
P38716,train
P38717,validation
P38718,train
P38719,validation
P38720,train
P38721,train
P38722,train
P38723,train
P38724,train
P38725,train
P38726,train
P38727,validation
P38728,validation
P38729,train
P38730,train
P38731,train
P38732,train
P38733,train
P38734,train
P38735,train
P38736,train
P38737,train
P38738,train
P38739,test
P38740,train
P38741,train
P38742,train
P38743,train
P38744,train
P38745,train
P38746,validation
P38747,train
P38748,train
P38749,train
P38750,validation
P38751,test
P38752,train
P38753,train
P38754,train
P38755,train
P38756,test
P38757,train
P38758,train
P38759,validation
P38760,train
P38761,train
P38762,validation
P38763,train
P38764,test
P38765,train
P38766,train
P38767,train
P38768,train
P38769,train
P38770,train
P38771,train
P38772,train
P38773,test
P38774,test
P38775,train
P38776,train
P38777,train
P38778,train
P38779,train
P38780,train
P38781,train
P38782,train
P38783,train
P38784,train
P38785,test
P38786,test
P38787,train
P38788,train
P38789,train
P38790,test
P38791,train
P38792,train
P38793,train
P38794,train
P38795,train
P38796,train
P38797,train
P38798,train
P38799,train
P38800,train
P38801,validation
P38802,train
P38803,train
P38804,train
P38805,train
P38806,train
P38807,train
P38808,train
P38809,train
P38810,train
P38811,train
P38812,train
P38813,train
P38814,train
P38815,validation
P38816,train
P38817,train
P38818,train
P38819,train
P38820,train
P38821,validation
P38822,train
P38823,train
P38824,train
P38825,train
P38826,train
P38827,test
P38828,train
P38829,train
P38830,train
P38831,train
P38832,train
P38833,train
P38834,train
P38835,train
P38836,train
P38837,train
P38838,train
P38839,train
P38840,train
P38841,train
P38842,train
P38843,train
P38844,validation
P38845,train
P38846,train
P38847,train
P38848,train
P38849,validation
P38850,test
P38851,train
P38852,train
P38853,train
P38854,train
P38855,train
P38856,train
P38857,train
P38858,train
P38859,train
P38860,train
P38861,train
P38862,train
P38863,validation
P38864,validation
P38865,train
P38866,train
P38867,train
P38868,train
P38869,train
P38870,train
P38871,train
P38872,train
P38873,train
P38874,train
P38875,validation
P38876,train
P38877,train
P38878,validation
P38879,test
P38880,test
P38881,train
P38882,train
P38883,train
P38884,train
P38885,train
P38886,train
P38887,train
P38888,train
P38889,train
P38890,train
P38891,train
P38892,test
P38893,train
P38894,train
P38895,train
P38896,train
P38897,train
P38898,test
P38899,train
P38900,train
P38901,train
P38902,validation
P38903,train
P38904,train
P38905,train
P38906,train
P38907,train
P38908,train
P38909,validation
P38910,train
P38911,train
P38912,train
P38913,train
P38914,validation
P38915,train
P38916,train
P38917,test
P38918,train
P38919,train
P38920,train
P38921,validation
P38922,train
P38923,validation
P38924,train
P38925,train
P38926,train
P38927,train
P38928,train
P38929,train
P38930,train
P38931,train
P38932,validation
P38933,train
P38934,train
P38935,train
P38936,validation
P38937,train
P38938,train
P38939,train
P38940,train
P38941,train
P38942,train
P38943,train
P38944,train
P38945,train
P38946,train
P38947,train
P38948,train
P38949,train
P38950,train
P38951,train
P38952,train
P38953,train
P38954,train
P38955,train
P38956,train
P38957,validation
P38958,train
P38959,train
P38960,train
P38961,train
P38962,train
P38963,train
P38964,train
P38965,train
P38966,test
P38967,train
P38968,train
P38969,train
P38970,train
P38971,train
P38972,train
P38973,train
P38974,train
P38975,test
P38976,validation
P38977,train
P38978,train
P38979,train
P38980,train
P38981,test
P38982,train
P38983,train
P38984,validation
P38985,train
P38986,train
P38987,train
P38988,train
P38989,train
P38990,train
P38991,train
P38992,train
P38993,test
P38994,train
P38995,test
P38996,train
P38997,train
P38998,validation
P38999,validation
P39000,test
P39001,train
P39002,train
P39003,train
P39004,train
P39005,train
P39006,train
P39007,train
P39008,train
P39009,train
P39010,train
P39011,train
P39012,train
P39013,test
P39014,train
P39015,test
P39016,train
P39017,train
P39018,train
P39019,train
P39020,train
P39021,train
P39022,train
P39023,train
P39024,test
P39025,train
P39026,train
P39027,train
P39028,train
P39029,train
P39030,train
P39031,train
P39032,train
P39033,train
P39034,train
P39035,validation
P39036,train
P39037,train
P39038,test
P39039,test
P39040,train
P39041,train
P39042,train
P39043,train
P39044,train
P39045,train
P39046,train
P39047,train
P39048,train
P39049,train
P39050,train
P39051,train
P39052,test
P39053,train
P39054,train
P39055,train
P39056,train
P39057,train
P39058,train
P39059,test
P39060,train
P39061,train
P39062,train
P39063,test
P39064,train
P39065,train
P39066,train
P39067,train
P39068,train
P39069,train
P39070,train
P39071,train
P39072,train
P39073,test
P39074,train
P39075,validation
P39076,train
P39077,train
P39078,train
P39079,train
P39080,train
P39081,test
P39082,train
P39083,train
P39084,train
P39085,test
P39086,train
P39087,train
P39088,train
P39089,train
P39090,train
P39091,test
P39092,train
P39093,train
P39094,test
P39095,train
P39096,train
P39097,test
P39098,test
P39099,test
P39100,train
P39101,train
P39102,test
P39103,train
P39104,train
P39105,train
P39106,train
P39107,train
P39108,validation
P39109,test
P39110,train
P39111,train
P39112,train
P39113,test
P39114,validation
P39115,train
P39116,train
P39117,train
P39118,train
P39119,train
P39120,train
P39121,validation
P39122,train
P39123,train
P39124,train
P39125,train
P39126,train
P39127,train
P39128,train
P39129,train
P39130,train
P39131,train
P39132,train
P39133,train
P39134,train
P39135,train
P39136,train
P39137,train
P39138,train
P39139,train
P39140,train
P39141,train
P39142,train
P39143,train
P39144,test
P39145,train
P39146,train
P39147,validation
P39148,train
P39149,train
P39150,train
P39151,train
P39152,train
P39153,train
P39154,test
P39155,train
P39156,train
P39157,validation
P39158,train
P39159,train
P39160,train
P39161,train
P39162,train
P39163,train
P39164,train
P39165,train
P39166,train
P39167,train
P39168,train
P39169,train
P39170,test
P39171,validation
P39172,train
P39173,train
P39174,train
P39175,train
P39176,train
P39177,train
P39178,validation
P39179,train
P39180,train
P39181,test
P39182,train
P39183,train
P39184,train
P39185,train
P39186,validation
P39187,train
P39188,train
P39189,train
P39190,train
P39191,train
P39192,train
P39193,train
P39194,train
P39195,train
P39196,train
P39197,validation
P39198,train
P39199,validation
P39200,train
P39201,train
P39202,validation
P39203,test
P39204,train
P39205,test
P39206,train
P39207,train
P39208,train
P39209,train
P39210,train
P39211,train
P39212,train
P39213,train
P39214,train
P39215,validation
P39216,validation
P39217,train
P39218,train
P39219,train
P39220,train
P39221,train
P39222,validation
P39223,validation
P39224,test
P39225,test
P39226,train
P39227,train
P39228,train
P39229,train
P39230,train
P39231,validation
P39232,train
P39233,train
P39234,train
P39235,train
P39236,train
P39237,validation
P39238,validation
P39239,train
P39240,train
P39241,validation
P39242,train
P39243,train
P39244,train
P39245,train
P39246,validation
P39247,train
P39248,train
P39249,train
P39250,train
P39251,train
P39252,validation
P39253,train
P39254,train
P39255,train
P39256,test
P39257,train
P39258,train
P39259,train
P39260,train
P39261,train
P39262,train
P39263,train
P39264,train
P39265,validation
P39266,train
P39267,validation
P39268,validation
P39269,test
P39270,train
P39271,validation
P39272,train
P39273,train
P39274,train
P39275,train
P39276,train
P39277,train
P39278,train
P39279,train
P39280,train
P39281,train
P39282,test
P39283,test
P39284,test
P39285,train
P39286,train
P39287,train
P39288,train
P39289,train
P39290,validation
P39291,train
P39292,train
P39293,test
P39294,train
P39295,test
P39296,train
P39297,train
P39298,test
P39299,train
P39300,train
P39301,train
P39302,train
P39303,train
P39304,train
P39305,train
P39306,train
P39307,train
P39308,validation
P39309,train
P39310,train
P39311,train
P39312,train
P39313,test
P39314,train
P39315,train
P39316,train
P39317,test
P39318,train
P39319,validation
P39320,validation
P39321,train
P39322,train
P39323,train
P39324,train
P39325,train
P39326,validation
P39327,train
P39328,train
P39329,train
P39330,train
P39331,train
P39332,train
P39333,train
P39334,train
P39335,train
P39336,train
P39337,train
P39338,train
P39339,train
P39340,train
P39341,train
P39342,train
P39343,validation
P39344,train
P39345,train
P39346,test
P39347,train
P39348,train
P39349,train
P39350,train
P39351,train
P39352,train
P39353,train
P39354,train
P39355,train
P39356,test
P39357,train
P39358,validation
P39359,train
P39360,train
P39361,validation
P39362,test
P39363,train
P39364,train
P39365,test
P39366,train
P39367,train
P39368,train
P39369,test
P39370,train
P39371,train
P39372,validation
P39373,validation
P39374,train
P39375,train
P39376,train
P39377,train
P39378,train
P39379,train
P39380,train
P39381,train
P39382,train
P39383,train
P39384,test
P39385,train
P39386,train
P39387,train
P39388,train
P39389,train
P39390,train
P39391,test
P39392,train
P39393,train
P39394,train
P39395,train
P39396,train
P39397,validation
P39398,train
P39399,train
P39400,train
P39401,train
P39402,train
P39403,train
P39404,train
P39405,train
P39406,train
P39407,validation
P39408,train
P39409,test
P39410,train
P39411,train
P39412,train
P39413,test
P39414,train
P39415,train
P39416,test
P39417,train
P39418,test
P39419,train
P39420,validation
P39421,train
P39422,train
P39423,train
P39424,train
P39425,train
P39426,train
P39427,train
P39428,train
P39429,train
P39430,train
P39431,train
P39432,train
P39433,test
P39434,train
P39435,train
P39436,train
P39437,train
P39438,train
P39439,train
P39440,train
P39441,train
P39442,train
P39443,train
P39444,train
P39445,train
P39446,train
P39447,test
P39448,train
P39449,train
P39450,train
P39451,test
P39452,train
P39453,train
P39454,train
P39455,train
P39456,train
P39457,train
P39458,train
P39459,train
P39460,train
P39461,test
P39462,train
P39463,validation
P39464,train
P39465,train
P39466,train
P39467,train
P39468,train
P39469,train
P39470,train
P39471,train
P39472,train
P39473,train
P39474,train
P39475,train
P39476,train
P39477,train
P39478,train
P39479,train
P39480,test
P39481,train
P39482,train
P39483,train
P39484,train
P39485,train
P39486,train
P39487,train
P39488,train
P39489,train
P39490,test
P39491,train
P39492,validation
P39493,train
P39494,train
P39495,train
P39496,train
P39497,train
P39498,train
P39499,train
P39500,test
P39501,train
P39502,validation
P39503,train
P39504,train
P39505,train
P39506,train
P39507,train
P39508,train
P39509,train
P39510,test
P39511,train
P39512,train
P39513,train
P39514,train
P39515,train
P39516,train
P39517,train
P39518,train
P39519,train
P39520,train
P39521,train
P39522,train
P39523,train
P39524,train
P39525,test
P39526,validation
P39527,train
P39528,train
P39529,train
P39530,test
P39531,train
P39532,train
P39533,train
P39534,train
P39535,train
P39536,train
P39537,train
P39538,train
P39539,train
P39540,train
P39541,validation
P39542,validation
P39543,train
P39544,train
P39545,validation
P39546,train
P39547,validation
P39548,validation
P39549,test
P39550,train
P39551,train
P39552,train
P39553,train
P39554,train
P39555,train
P39556,train
P39557,train
P39558,train
P39559,train
P39560,train
P39561,train
P39562,train
P39563,train
P39564,train
P39565,train
P39566,train
P39567,train
P39568,train
P39569,train
P39570,train
P39571,test
P39572,train
P39573,test
P39574,train
P39575,train
P39576,train
P39577,train
P39578,test
P39579,train
P39580,train
P39581,train
P39582,train
P39583,train
P39584,train
P39585,train
P39586,train
P39587,test
P39588,train
P39589,train
P39590,train
P39591,train
P39592,train
P39593,train
P39594,train
P39595,train
P39596,train
P39597,train
P39598,train
P39599,train
P39600,train
P39601,test
P39602,train
P39603,train
P39604,train
P39605,test
P39606,test
P39607,train
P39608,test
P39609,train
P39610,train
P39611,train
P39612,train
P39613,train
P39614,train
P39615,train
P39616,test
P39617,test
P39618,train
P39619,train
P39620,train
P39621,train
P39622,train
P39623,validation
P39624,train
P39625,validation
P39626,train
P39627,train
P39628,validation
P39629,train
P39630,train
P39631,train
P39632,validation
P39633,validation
P39634,train
P39635,train
P39636,train
P39637,train
P39638,train
P39639,train
P39640,train
P39641,train
P39642,train
P39643,train
P39644,train
P39645,test
P39646,train
P39647,train
P39648,train
P39649,train
P39650,train
P39651,train
P39652,train
P39653,validation
P39654,train
P39655,validation
P39656,train
P39657,train
P39658,train
P39659,train
P39660,train
P39661,train
P39662,train
P39663,train
P39664,train
P39665,train
P39666,train
P39667,train
P39668,train
P39669,train
P39670,validation
P39671,train
P39672,train
P39673,train
P39674,train
P39675,train
P39676,train
P39677,validation
P39678,train
P39679,train
P39680,train
P39681,train
P39682,train
P39683,test
P39684,train
P39685,train
P39686,train
P39687,train
P39688,test
P39689,validation
P39690,train
P39691,train
P39692,train
P39693,test
P39694,train
P39695,train
P39696,train
P39697,train
P39698,train
P39699,test
P39700,train
P39701,test
P39702,validation
P39703,train
P39704,train
P39705,test
P39706,train
P39707,train
P39708,test
P39709,train
P39710,train
P39711,train
P39712,train
P39713,train
P39714,train
P39715,train
P39716,train
P39717,train
P39718,train
P39719,train
P39720,train
P39721,train
P39722,train
P39723,train
P39724,train
P39725,train
P39726,test
P39727,train
P39728,train
P39729,train
P39730,validation
P39731,train
P39732,test
P39733,train
P39734,train
P39735,train
P39736,train
P39737,train
P39738,train
P39739,train
P39740,train
P39741,train
P39742,train
P39743,train
P39744,train
P39745,train
P39746,validation
P39747,train
P39748,train
P39749,train
P39750,train
P39751,train
P39752,train
P39753,train
P39754,train
P39755,train
P39756,train
P39757,train
P39758,train
P39759,train
P39760,test
P39761,validation
P39762,validation
P39763,test
P39764,train
P39765,train
P39766,train
P39767,train
P39768,test
P39769,train
P39770,train
P39771,validation
P39772,train
P39773,train
P39774,train
P39775,validation
P39776,train
P39777,test
P39778,train
P39779,validation
P39780,test
P39781,train
P39782,train
P39783,train
P39784,validation
P39785,validation
P39786,train
P39787,train
P39788,train
P39789,train
P39790,train
P39791,test
P39792,train
P39793,train
P39794,train
P39795,train
P39796,train
P39797,test
P39798,train
P39799,train
P39800,train
P39801,train
P39802,validation
P39803,train
P39804,train
P39805,train
P39806,train
P39807,train
P39808,train
P39809,train
P39810,train
P39811,train
P39812,train
P39813,train
P39814,validation
P39815,train
P39816,train
P39817,train
P39818,train
P39819,test
P39820,train
P39821,train
P39822,train
P39823,train
P39824,train
P39825,train
P39826,train
P39827,train
P39828,train
P39829,train
P39830,train
P39831,validation
P39832,train
P39833,train
P39834,validation
P39835,train
P39836,validation
P39837,train
P39838,train
P39839,train
P39840,train
P39841,test
P39842,train
P39843,train
P39844,train
P39845,train
P39846,train
P39847,train
P39848,train
P39849,train
P39850,train
P39851,train
P39852,train
P39853,train
P39854,train
P39855,train
P39856,test
P39857,train
P39858,train
P39859,train
P39860,train
P39861,test
P39862,train
P39863,train
P39864,train
P39865,validation
P39866,test
P39867,train
P39868,train
P39869,train
P39870,train
P39871,train
P39872,test
P39873,train
P39874,test
P39875,test
P39876,train
P39877,train
P39878,test
P39879,train
P39880,train
P39881,train
P39882,train
P39883,train
P39884,test
P39885,train
P39886,train
P39887,train
P39888,train
P39889,train
P39890,train
P39891,train
P39892,train
P39893,train
P39894,test
P39895,train
P39896,train
P39897,train
P39898,train
P39899,train
P39900,train
P39901,train
P39902,train
P39903,train
P39904,train
P39905,train
P39906,train
P39907,train
P39908,train
P39909,train
P39910,validation
P39911,validation
P39912,train
P39913,train
P39914,validation
P39915,train
P39916,train
P39917,train
P39918,train
P39919,train
P39920,train
P39921,train
P39922,train
P39923,validation
P39924,train
P39925,validation
P39926,train
P39927,train
P39928,train
P39929,train
P39930,train
P39931,train
P39932,train
P39933,train
P39934,train
P39935,validation
P39936,train
P39937,train
P39938,train
P39939,train
P39940,train
P39941,train
P39942,train
P39943,test
P39944,test
P39945,test
P39946,train
P39947,train
P39948,train
P39949,train
P39950,train
P39951,train
P39952,train
P39953,train
P39954,test
P39955,train
P39956,train
P39957,train
P39958,train
P39959,train
P39960,train
P39961,train
P39962,train
P39963,train
P39964,test
P39965,train
P39966,train
P39967,test
P39968,test
P39969,train
P39970,train
P39971,train
P39972,train
P39973,test
P39974,train
P39975,train
P39976,train
P39977,train
P39978,train
P39979,train
P39980,train
P39981,train
P39982,train
P39983,train
P39984,test
P39985,train
P39986,train
P39987,train
P39988,train
P39989,train
P39990,train
P39991,test
P39992,train
P39993,train
P39994,test
P39995,train
P39996,train
P39997,train
P39998,train
P39999,train
P40000,train
P40001,train
P40002,test
P40003,train
P40004,train
P40005,train
P40006,train
P40007,train
P40008,train
P40009,train
P40010,train
P40011,train
P40012,train
P40013,train
P40014,train
P40015,train
P40016,train
P40017,train
P40018,train
P40019,validation
P40020,train
P40021,train
P40022,train
P40023,train
P40024,train
P40025,train
P40026,train
P40027,test
P40028,train
P40029,train
P40030,test
P40031,train
P40032,train
P40033,train
P40034,train
P40035,train
P40036,train
P40037,train
P40038,train
P40039,train
P40040,train
P40041,train
P40042,train
P40043,test
P40044,train
P40045,train
P40046,train
P40047,train
P40048,train
P40049,train
P40050,train
P40051,validation
P40052,test
P40053,test
P40054,train
P40055,train
P40056,train
P40057,test
P40058,train
P40059,train
P40060,train
P40061,test
P40062,train
P40063,train
P40064,train
P40065,train
P40066,train
P40067,test
P40068,train
P40069,train
P40070,test
P40071,train
P40072,validation
P40073,test
P40074,train
P40075,train
P40076,validation
P40077,train
P40078,train
P40079,train
P40080,train
P40081,train
P40082,train
P40083,validation
P40084,train
P40085,train
P40086,train
P40087,train
P40088,train
P40089,train
P40090,train
P40091,train
P40092,validation
P40093,train
P40094,train
P40095,train
P40096,train
P40097,train
P40098,train
P40099,train
P40100,validation
P40101,train
P40102,train
P40103,test
P40104,test
P40105,train
P40106,train
P40107,validation
P40108,train
P40109,train
P40110,train
P40111,train
P40112,train
P40113,train
P40114,test
P40115,validation
P40116,train
P40117,train
P40118,train
P40119,test
P40120,train
P40121,train
P40122,train
P40123,train
P40124,train
P40125,train
P40126,train
P40127,train
P40128,train
P40129,train
P40130,train
P40131,train
P40132,train
P40133,train
P40134,validation
P40135,train
P40136,test
P40137,train
P40138,train
P40139,train
P40140,train
P40141,train
P40142,test
P40143,train
P40144,train
P40145,validation
P40146,test
P40147,train
P40148,train
P40149,train
P40150,train
P40151,validation
P40152,train
P40153,train
P40154,train
P40155,train
P40156,validation
P40157,train
P40158,train
P40159,train
P40160,train
P40161,test
P40162,train
P40163,train
P40164,train
P40165,train
P40166,train
P40167,train
P40168,validation
P40169,train
P40170,train
P40171,train
P40172,train
P40173,train
P40174,train
P40175,train
P40176,train
P40177,train
P40178,train
P40179,train
P40180,train
P40181,train
P40182,train
P40183,train
P40184,train
P40185,train
P40186,train
P40187,train
P40188,test
P40189,validation
P40190,test
P40191,test
P40192,train
P40193,train
P40194,train
P40195,train
P40196,train
P40197,validation
P40198,train
P40199,train
P40200,train
P40201,train
P40202,train
P40203,validation
P40204,train
P40205,train
P40206,train
P40207,train
P40208,train
P40209,train
P40210,train
P40211,train
P40212,test
P40213,validation
P40214,train
P40215,train
P40216,train
P40217,train
P40218,train
P40219,train
P40220,train
P40221,train
P40222,train
P40223,train
P40224,validation
P40225,test
P40226,train
P40227,train
P40228,train
P40229,train
P40230,train
P40231,train
P40232,train
P40233,test
P40234,train
P40235,train
P40236,test
P40237,train
P40238,train
P40239,train
P40240,validation
P40241,test
P40242,train
P40243,train
P40244,train
P40245,validation
P40246,train
P40247,validation
P40248,train
P40249,train
P40250,train
P40251,train
P40252,validation
P40253,train
P40254,train
P40255,train
P40256,validation
P40257,train
P40258,train
P40259,train
P40260,train
P40261,train
P40262,train
P40263,train
P40264,test
P40265,train
P40266,train
P40267,validation
P40268,train
P40269,train
P40270,validation
P40271,test
P40272,train
P40273,train
P40274,train
P40275,train
P40276,train
P40277,train
P40278,train
P40279,train
P40280,train
P40281,train
P40282,train
P40283,train
P40284,train
P40285,train
P40286,train
P40287,train
P40288,train
P40289,train
P40290,train
P40291,validation
P40292,train
P40293,train
P40294,train
P40295,train
P40296,train
P40297,train
P40298,train
P40299,train
P40300,train
P40301,train
P40302,train
P40303,train
P40304,train
P40305,train
P40306,test
P40307,train
P40308,train
P40309,train
P40310,train
P40311,validation
P40312,train
P40313,train
P40314,validation
P40315,test
P40316,train
P40317,train
P40318,train
P40319,train
P40320,train
P40321,train
P40322,train
P40323,train
P40324,train
P40325,train
P40326,test
P40327,test
P40328,train
P40329,train
P40330,train
P40331,train
P40332,train
P40333,train
P40334,train
P40335,train
P40336,validation
P40337,train
P40338,train
P40339,train
P40340,train
P40341,train
P40342,test
P40343,train
P40344,train
P40345,train
P40346,train
P40347,train
P40348,train
P40349,test
P40350,validation
P40351,test
P40352,train
P40353,train
P40354,train
P40355,train
P40356,train
P40357,train
P40358,train
P40359,train
P40360,test
P40361,train
P40362,train
P40363,train
P40364,train
P40365,train
P40366,train
P40367,train
P40368,validation
P40369,train
P40370,train
P40371,train
P40372,train
P40373,train
P40374,train
P40375,train
P40376,train
P40377,train
P40378,train
P40379,test
P40380,train
P40381,train
P40382,train
P40383,train
P40384,train
P40385,train
P40386,train
P40387,train
P40388,train
P40389,train
P40390,train
P40391,train
P40392,validation
P40393,train
P40394,train
P40395,validation
P40396,train
P40397,train
P40398,train
P40399,train
P40400,train
P40401,train
P40402,train
P40403,train
P40404,train
P40405,train
P40406,train
P40407,train
P40408,train
P40409,validation
P40410,test
P40411,train
P40412,train
P40413,train
P40414,train
P40415,train
P40416,train
P40417,test
P40418,test
P40419,train
P40420,train
P40421,train
P40422,train
P40423,train
P40424,train
P40425,train
P40426,train
P40427,train
P40428,train
P40429,train
P40430,train
P40431,train
P40432,train
P40433,train
P40434,train
P40435,train
P40436,train
P40437,train
P40438,train
P40439,train
P40440,train
P40441,train
P40442,train
P40443,train
P40444,validation
P40445,train
P40446,test
P40447,test
P40448,train
P40449,train
P40450,train
P40451,train
P40452,train
P40453,train
P40454,train
P40455,train
P40456,train
P40457,train
P40458,train
P40459,train
P40460,test
P40461,train
P40462,train
P40463,train
P40464,train
P40465,train
P40466,validation
P40467,train
P40468,train
P40469,test
P40470,train
P40471,test
P40472,train
P40473,train
P40474,train
P40475,train
P40476,train
P40477,train
P40478,validation
P40479,test
P40480,train
P40481,test
P40482,train
P40483,train
P40484,test
P40485,train
P40486,train
P40487,validation
P40488,train
P40489,train
P40490,train
P40491,train
P40492,train
P40493,validation
P40494,train
P40495,train
P40496,validation
P40497,validation
P40498,train
P40499,train
P40500,test
P40501,test
P40502,train
P40503,train
P40504,train
P40505,validation
P40506,train
P40507,train
P40508,train
P40509,train
P40510,test
P40511,train
P40512,test
P40513,train
P40514,test
P40515,train
P40516,train
P40517,test
P40518,train
P40519,validation
P40520,train
P40521,train
P40522,train
P40523,train
P40524,train
P40525,train
P40526,validation
P40527,train
P40528,train
P40529,train
P40530,train
P40531,train
P40532,train
P40533,train
P40534,train
P40535,train
P40536,train
P40537,train
P40538,train
P40539,train
P40540,train
P40541,train
P40542,train
P40543,train
P40544,train
P40545,validation
P40546,train
P40547,train
P40548,train
P40549,validation
P40550,train
P40551,train
P40552,validation
P40553,train
P40554,train
P40555,train
P40556,train
P40557,train
P40558,validation
P40559,train
P40560,train
P40561,test
P40562,test
P40563,train
P40564,train
P40565,train
P40566,train
P40567,train
P40568,train
P40569,train
P40570,train
P40571,train
P40572,test
P40573,train
P40574,train
P40575,train
P40576,train
P40577,train
P40578,train
P40579,test
P40580,train
P40581,train
P40582,train
P40583,train
P40584,test
P40585,train
P40586,validation
P40587,train
P40588,test
P40589,train
P40590,train
P40591,train
P40592,train
P40593,train
P40594,train
P40595,train
P40596,test
P40597,test
P40598,train
P40599,train
P40600,train
P40601,train
P40602,train
P40603,train
P40604,validation
P40605,train
P40606,train
P40607,train
P40608,validation
P40609,train
P40610,train
P40611,test
P40612,test
P40613,train
P40614,train
P40615,train
P40616,train
P40617,train
P40618,train
P40619,train
P40620,train
P40621,train
P40622,train
P40623,train
P40624,train
P40625,test
P40626,validation
P40627,train
P40628,validation
P40629,train
P40630,train
P40631,test
P40632,train
P40633,train
P40634,train
P40635,train
P40636,train
P40637,train
P40638,train
P40639,train
P40640,validation
P40641,train
P40642,train
P40643,test
P40644,train
P40645,train
P40646,test
P40647,test
P40648,train
P40649,train
P40650,train
P40651,train
P40652,train
P40653,train
P40654,train
P40655,train
P40656,train
P40657,test
P40658,train
P40659,train
P40660,train
P40661,train
P40662,train
P40663,train
P40664,train
P40665,train
P40666,train
P40667,train
P40668,train
P40669,train
P40670,train
P40671,train
P40672,test
P40673,train
P40674,validation
P40675,test
P40676,train
P40677,validation
P40678,train
P40679,train
P40680,train
P40681,train
P40682,train
P40683,train
P40684,validation
P40685,train
P40686,train
P40687,train
P40688,train
P40689,validation
P40690,validation
P40691,train
P40692,train
P40693,train
P40694,train
P40695,train
P40696,train
P40697,test
P40698,train
P40699,validation
P40700,train
P40701,test
P40702,train
P40703,validation
P40704,train
P40705,train
P40706,test
P40707,train
P40708,test
P40709,validation
P40710,train
P40711,train
P40712,train
P40713,train
P40714,train
P40715,train
P40716,train
P40717,train
P40718,train
P40719,train
P40720,train
P40721,train
P40722,validation
P40723,train
P40724,train
P40725,test
P40726,train
P40727,train
P40728,train
P40729,train
P40730,train
P40731,train
P40732,train
P40733,train
P40734,train
P40735,test
P40736,train
P40737,validation
P40738,test
P40739,train
P40740,train
P40741,train
P40742,train
P40743,train
P40744,test
P40745,train
P40746,train
P40747,train
P40748,train
P40749,train
P40750,validation
P40751,train
P40752,train
P40753,train
P40754,train
P40755,validation
P40756,validation
P40757,validation
P40758,train
P40759,train
P40760,test
P40761,train
P40762,train
P40763,validation
P40764,test
P40765,validation
P40766,validation
P40767,train
P40768,test
P40769,train
P40770,train
P40771,validation
P40772,test
P40773,train
P40774,train
P40775,train
P40776,validation
P40777,train
P40778,test
P40779,train
P40780,train
P40781,train
P40782,validation
P40783,train
P40784,train
P40785,train
P40786,train
P40787,train
P40788,train
P40789,train
P40790,train
P40791,train
P40792,test
P40793,train
P40794,train
P40795,train
P40796,train
P40797,train
P40798,train
P40799,test
P40800,train
P40801,train
P40802,train
P40803,test
P40804,validation
P40805,train
P40806,train
P40807,train
P40808,train
P40809,validation
P40810,train
P40811,train
P40812,train
P40813,train
P40814,train
P40815,train
P40816,test
P40817,train
P40818,train
P40819,train
P40820,train
P40821,train
P40822,train
P40823,train
P40824,train
P40825,train
P40826,train
P40827,train
P40828,validation
P40829,train
P40830,train
P40831,train
P40832,test
P40833,train
P40834,validation
P40835,train
P40836,train
P40837,test
P40838,validation
P40839,train
P40840,train
P40841,train
P40842,train
P40843,validation
P40844,train
P40845,train
P40846,train
P40847,train
P40848,validation
P40849,train
P40850,train
P40851,train
P40852,train
P40853,train
P40854,train
P40855,train
P40856,train
P40857,train
P40858,train
P40859,train
P40860,train
P40861,train
P40862,train
P40863,train
P40864,train
P40865,train
P40866,train
P40867,train
P40868,train
P40869,train
P40870,validation
P40871,train
P40872,train
P40873,train
P40874,train
P40875,test
P40876,train
P40877,train
P40878,train
P40879,train
P40880,train
P40881,train
P40882,test
P40883,train
P40884,train
P40885,test
P40886,train
P40887,train
P40888,train
P40889,train
P40890,train
P40891,train
P40892,test
P40893,train
P40894,train
P40895,train
P40896,test
P40897,train
P40898,train
P40899,train
P40900,validation
P40901,train
P40902,train
P40903,train
P40904,test
P40905,train
P40906,validation
P40907,train
P40908,validation
P40909,train
P40910,train
P40911,train
P40912,train
P40913,train
P40914,train
P40915,train
P40916,test
P40917,train
P40918,train
P40919,test
P40920,validation
P40921,train
P40922,train
P40923,train
P40924,train
P40925,train
P40926,train
P40927,train
P40928,train
P40929,train
P40930,train
P40931,train
P40932,train
P40933,validation
P40934,train
P40935,train
P40936,train
P40937,train
P40938,train
P40939,train
P40940,train
P40941,train
P40942,train
P40943,test
P40944,train
P40945,train
P40946,train
P40947,train
P40948,train
P40949,train
P40950,train
P40951,train
P40952,train
P40953,train
P40954,train
P40955,validation
P40956,validation
P40957,train
P40958,train
P40959,train
P40960,test
P40961,train
P40962,train
P40963,validation
P40964,train
P40965,train
P40966,train
P40967,train
P40968,train
P40969,train
P40970,validation
P40971,train
P40972,train
P40973,train
P40974,train
P40975,train
P40976,train
P40977,train
P40978,validation
P40979,train
P40980,train
P40981,train
P40982,train
P40983,train
P40984,train
P40985,validation
P40986,validation
P40987,train
P40988,validation
P40989,train
P40990,test
P40991,train
P40992,train
P40993,train
P40994,train
P40995,validation
P40996,validation
P40997,validation
P40998,validation
P40999,train
P41000,train
P41001,train
P41002,validation
P41003,train
P41004,train
P41005,train
P41006,validation
P41007,train
P41008,train
P41009,test
P41010,train
P41011,test
P41012,validation
P41013,train
P41014,test
P41015,train
P41016,train
P41017,train
P41018,train
P41019,train
P41020,train
P41021,train
P41022,train
P41023,train
P41024,train
P41025,train
P41026,train
P41027,train
P41028,train
P41029,train
P41030,train
P41031,train
P41032,train
P41033,train
P41034,train
P41035,train
P41036,train
P41037,validation
P41038,train
P41039,train
P41040,train
P41041,train
P41042,train
P41043,train
P41044,train
P41045,train
P41046,train
P41047,train
P41048,train
P41049,train
P41050,train
P41051,train
P41052,train
P41053,train
P41054,train
P41055,validation
P41056,train
P41057,train
P41058,train
P41059,train
P41060,train
P41061,train
P41062,test
P41063,train
P41064,test
P41065,train
P41066,train
P41067,test
P41068,train
P41069,train
P41070,train
P41071,train
P41072,train
P41073,train
P41074,train
P41075,train
P41076,train
P41077,train
P41078,validation
P41079,train
P41080,train
P41081,train
P41082,validation
P41083,train
P41084,train
P41085,train
P41086,train
P41087,train
P41088,validation
P41089,train
P41090,train
P41091,train
P41092,train
P41093,train
P41094,train
P41095,train
P41096,train
P41097,validation
P41098,train
P41099,train
P41100,train
P41101,train
P41102,train
P41103,train
P41104,validation
P41105,train
P41106,train
P41107,train
P41108,validation
P41109,validation
P41110,train
P41111,train
P41112,train
P41113,train
P41114,train
P41115,test
P41116,train
P41117,validation
P41118,train
P41119,train
P41120,train
P41121,train
P41122,test
P41123,test
P41124,train
P41125,train
P41126,test
P41127,test
P41128,train
P41129,train
P41130,train
P41131,train
P41132,train
P41133,train
P41134,train
P41135,train
P41136,train
P41137,train
P41138,validation
P41139,train
P41140,train
P41141,train
P41142,train
P41143,train
P41144,test
P41145,validation
P41146,train
P41147,train
P41148,train
P41149,train
P41150,train
P41151,test
P41152,train
P41153,validation
P41154,validation
P41155,train
P41156,train
P41157,train
P41158,train
P41159,train
P41160,train
P41161,train
P41162,train
P41163,train
P41164,train
P41165,train
P41166,train
P41167,train
P41168,train
P41169,validation
P41170,train
P41171,train
P41172,train
P41173,train
P41174,train
P41175,train
P41176,train
P41177,test
P41178,train
P41179,train
P41180,train
P41181,validation
P41182,validation
P41183,train
P41184,train
P41185,train
P41186,train
P41187,train
P41188,train
P41189,train
P41190,train
P41191,train
P41192,train
P41193,train
P41194,train
P41195,train
P41196,train
P41197,train
P41198,train
P41199,train
P41200,train
P41201,train
P41202,train
P41203,train
P41204,train
P41205,train
P41206,validation
P41207,validation
P41208,train
P41209,train
P41210,train
P41211,train
P41212,train
P41213,train
P41214,train
P41215,train
P41216,train
P41217,train
P41218,train
P41219,train
P41220,train
P41221,validation
P41222,train
P41223,train
P41224,train
P41225,train
P41226,train
P41227,validation
P41228,train
P41229,train
P41230,train
P41231,validation
P41232,train
P41233,train
P41234,train
P41235,test
P41236,train
P41237,train
P41238,train
P41239,train
P41240,train
P41241,train
P41242,test
P41243,train
P41244,train
P41245,train
P41246,train
P41247,train
P41248,train
P41249,train
P41250,validation
P41251,train
P41252,train
P41253,train
P41254,train
P41255,train
P41256,train
P41257,train
P41258,train
P41259,validation
P41260,train
P41261,train
P41262,train
P41263,train
P41264,train
P41265,train
P41266,test
P41267,train
P41268,train
P41269,train
P41270,test
P41271,train
P41272,validation
P41273,validation
P41274,train
P41275,train
P41276,train
P41277,train
P41278,train
P41279,train
P41280,train
P41281,test
P41282,train
P41283,train
P41284,train
P41285,train
P41286,train
P41287,train
P41288,train
P41289,train
P41290,train
P41291,train
P41292,train
P41293,train
P41294,train
P41295,validation
P41296,train
P41297,train
P41298,train
P41299,train
P41300,validation
P41301,train
P41302,train
P41303,train
P41304,train
P41305,train
P41306,train
P41307,validation
P41308,validation
P41309,train
P41310,train
P41311,validation
P41312,train
P41313,validation
P41314,train
P41315,train
P41316,train
P41317,train
P41318,train
P41319,train
P41320,train
P41321,train
P41322,train
P41323,train
P41324,train
P41325,train
P41326,train
P41327,train
P41328,train
P41329,train
P41330,train
P41331,train
P41332,train
P41333,validation
P41334,train
P41335,train
P41336,train
P41337,train
P41338,train
P41339,validation
P41340,train
P41341,train
P41342,test
P41343,train
P41344,train
P41345,train
P41346,train
P41347,test
P41348,train
P41349,train
P41350,train
P41351,train
P41352,train
P41353,train
P41354,train
P41355,train
P41356,train
P41357,train
P41358,train
P41359,train
P41360,train
P41361,train
P41362,test
P41363,validation
P41364,train
P41365,train
P41366,test
P41367,validation
P41368,train
P41369,train
P41370,train
P41371,train
P41372,train
P41373,train
P41374,train
P41375,train
P41376,train
P41377,train
P41378,validation
P41379,train
P41380,train
P41381,train
P41382,train
P41383,train
P41384,train
P41385,train
P41386,train
P41387,train
P41388,validation
P41389,train
P41390,train
P41391,validation
P41392,train
P41393,train
P41394,validation
P41395,test
P41396,train
P41397,train
P41398,train
P41399,train
P41400,train
P41401,train
P41402,train
P41403,train
P41404,train
P41405,validation
P41406,train
P41407,validation
P41408,train
P41409,test
P41410,train
P41411,train
P41412,train
P41413,train
P41414,train
P41415,train
P41416,train
P41417,test
P41418,train
P41419,train
P41420,test
P41421,train
P41422,train
P41423,test
P41424,train
P41425,train
P41426,train
P41427,train
P41428,validation
P41429,train
P41430,test
P41431,train
P41432,train
P41433,train
P41434,train
P41435,validation
P41436,train
P41437,train
P41438,train
P41439,train
P41440,train
P41441,train
P41442,train
P41443,train
P41444,train
P41445,validation
P41446,train
P41447,validation
P41448,train
P41449,test
P41450,train
P41451,train
P41452,test
P41453,test
P41454,train
P41455,train
P41456,train
P41457,train
P41458,test
P41459,train
P41460,train
P41461,test
P41462,train
P41463,train
P41464,test
P41465,train
P41466,train
P41467,train
P41468,train
P41469,train
P41470,train
P41471,train
P41472,train
P41473,train
P41474,test
P41475,train
P41476,validation
P41477,train
P41478,test
P41479,train
P41480,train
P41481,train
P41482,train
P41483,train
P41484,train
P41485,train
P41486,train
P41487,train
P41488,train
P41489,train
P41490,train
P41491,validation
P41492,train
P41493,validation
P41494,train
P41495,train
P41496,train
P41497,train
P41498,train
P41499,train
P41500,train
P41501,train
P41502,train
P41503,train
P41504,train
P41505,validation
P41506,train
P41507,train
P41508,train
P41509,train
P41510,train
P41511,validation
P41512,train
P41513,train
P41514,train
P41515,train
P41516,train
P41517,train
P41518,train
P41519,train
P41520,validation
P41521,train
P41522,train
P41523,validation
P41524,train
P41525,train
P41526,train
P41527,train
P41528,train
P41529,train
P41530,validation
P41531,train
P41532,train
P41533,train
P41534,validation
P41535,train
P41536,train
P41537,train
P41538,train
P41539,train
P41540,validation
P41541,train
P41542,train
P41543,train
P41544,train
P41545,train
P41546,train
P41547,train
P41548,train
P41549,train
P41550,train
P41551,test
P41552,train
P41553,train
P41554,test
P41555,train
P41556,train
P41557,train
P41558,train
P41559,train
P41560,train
P41561,train
P41562,train
P41563,train
P41564,train
P41565,train
P41566,train
P41567,test
P41568,train
P41569,train
P41570,validation
P41571,test
P41572,train
P41573,train
P41574,test
P41575,validation
P41576,validation
P41577,train
P41578,validation
P41579,train
P41580,test
P41581,train
P41582,test
P41583,validation
P41584,train
P41585,train
P41586,train
P41587,train
P41588,train
P41589,test
P41590,validation
P41591,train
P41592,train
P41593,train
P41594,train
P41595,train
P41596,train
P41597,train
P41598,validation
P41599,train
P41600,train
P41601,train
P41602,train
P41603,train
P41604,train
P41605,train
P41606,train
P41607,train
P41608,train
P41609,train
P41610,train
P41611,train
P41612,train
P41613,validation
P41614,validation
P41615,train
P41616,train
P41617,test
P41618,train
P41619,train
P41620,train
P41621,train
P41622,train
P41623,train
P41624,train
P41625,train
P41626,train
P41627,test
P41628,train
P41629,train
P41630,train
P41631,train
P41632,test
P41633,train
P41634,train
P41635,test
P41636,train
P41637,train
P41638,validation
P41639,train
P41640,train
P41641,train
P41642,train
P41643,train
P41644,train
P41645,train
P41646,train
P41647,train
P41648,train
P41649,test
P41650,train
P41651,train
P41652,train
P41653,train
P41654,validation
P41655,train
P41656,validation
P41657,train
P41658,train
P41659,train
P41660,train
P41661,train
P41662,train
P41663,train
P41664,train
P41665,train
P41666,train
P41667,train
P41668,train
P41669,validation
P41670,train
P41671,train
P41672,train
P41673,train
P41674,test
P41675,train
P41676,train
P41677,train
P41678,train
P41679,validation
P41680,train
P41681,train
P41682,train
P41683,train
P41684,train
P41685,test
P41686,train
P41687,train
P41688,validation
P41689,train
P41690,train
P41691,validation
P41692,train
P41693,train
P41694,train
P41695,train
P41696,train
P41697,test
P41698,validation
P41699,train
P41700,train
P41701,train
P41702,train
P41703,train
P41704,train
P41705,train
P41706,validation
P41707,test
P41708,train
P41709,train
P41710,test
P41711,validation
P41712,train
P41713,test
P41714,train
P41715,train
P41716,train
P41717,train
P41718,train
P41719,train
P41720,train
P41721,validation
P41722,train
P41723,validation
P41724,train
P41725,train
P41726,train
P41727,train
P41728,train
P41729,train
P41730,train
P41731,train
P41732,train
P41733,train
P41734,train
P41735,train
P41736,train
P41737,train
P41738,train
P41739,train
P41740,validation
P41741,train
P41742,train
P41743,train
P41744,train
P41745,train
P41746,test
P41747,train
P41748,train
P41749,validation
P41750,train
P41751,train
P41752,validation
P41753,train
P41754,test
P41755,train
P41756,validation
P41757,train
P41758,validation
P41759,train
P41760,train
P41761,train
P41762,train
P41763,train
P41764,validation
P41765,train
P41766,train
P41767,train
P41768,train
P41769,train
P41770,train
P41771,train
P41772,train
P41773,train
P41774,train
P41775,train
P41776,train
P41777,train
P41778,train
P41779,validation
P41780,train
P41781,train
P41782,train
P41783,train
P41784,test
P41785,train
P41786,test
P41787,train
P41788,train
P41789,train
P41790,train
P41791,train
P41792,train
P41793,train
P41794,train
P41795,train
P41796,test
P41797,test
P41798,train
P41799,train
P41800,test
P41801,test
P41802,train
P41803,train
P41804,train
P41805,test
P41806,train
P41807,test
P41808,train
P41809,train
P41810,train
P41811,test
P41812,train
P41813,test
P41814,train
P41815,train
P41816,train
P41817,test
P41818,train
P41819,train
P41820,train
P41821,train
P41822,train
P41823,test
P41824,train
P41825,test
P41826,train
P41827,train
P41828,validation
P41829,validation
P41830,validation
P41831,train
P41832,train
P41833,validation
P41834,train
P41835,train
P41836,train
P41837,validation
P41838,train
P41839,train
P41840,train
P41841,train
P41842,train
P41843,train
P41844,train
P41845,train
P41846,train
P41847,train
P41848,train
P41849,train
P41850,train
P41851,train
P41852,train
P41853,train
P41854,test
P41855,test
P41856,test
P41857,train
P41858,train
P41859,train
P41860,train
P41861,train
P41862,validation
P41863,train
P41864,train
P41865,train
P41866,train
P41867,train
P41868,validation
P41869,train
P41870,train
P41871,train
P41872,train
P41873,train
P41874,train
P41875,test
P41876,train
P41877,train
P41878,train
P41879,train
P41880,test
P41881,validation
P41882,train
P41883,train
P41884,train
P41885,test
P41886,validation
P41887,train
P41888,train
P41889,train
P41890,train
P41891,train
P41892,validation
P41893,train
P41894,train
P41895,train
P41896,train
P41897,train
P41898,train
P41899,train
P41900,train
P41901,train
P41902,train
P41903,validation
P41904,train
P41905,test
P41906,train
P41907,train
P41908,train
P41909,train
P41910,train
P41911,train
P41912,train
P41913,train
P41914,train
P41915,train
P41916,validation
P41917,validation
P41918,train
P41919,validation
P41920,train
P41921,train
P41922,train
P41923,train
P41924,train
P41925,train
P41926,train
P41927,train
P41928,validation
P41929,train
P41930,train
P41931,train
P41932,validation
P41933,test
P41934,train
P41935,test
P41936,validation
P41937,train
P41938,validation
P41939,train
P41940,train
P41941,train
P41942,train
P41943,test
P41944,train
P41945,train
P41946,train
P41947,train
P41948,train
P41949,train
P41950,train
P41951,train
P41952,train
P41953,train
P41954,validation
P41955,train
P41956,train
P41957,train
P41958,train
P41959,train
P41960,train
P41961,train
P41962,train
P41963,train
P41964,train
P41965,train
P41966,validation
P41967,train
P41968,train
P41969,train
P41970,train
P41971,train
P41972,train
P41973,train
P41974,test
P41975,train
P41976,train
P41977,test
P41978,test
P41979,train
P41980,train
P41981,train
P41982,train
P41983,train
P41984,train
P41985,validation
P41986,train
P41987,train
P41988,train
P41989,train
P41990,train
P41991,train
P41992,test
P41993,train
P41994,train
P41995,train
P41996,test
P41997,train
P41998,train
P41999,train
P42000,train
P42001,train
P42002,train
P42003,train
P42004,validation
P42005,train
P42006,train
P42007,validation
P42008,train
P42009,train
P42010,validation
P42011,train
P42012,validation
P42013,train
P42014,train
P42015,train
P42016,train
P42017,test
P42018,test
P42019,train
P42020,train
P42021,train
P42022,train
P42023,train
P42024,train
P42025,train
P42026,train
P42027,train
P42028,train
P42029,train
P42030,train
P42031,train
P42032,train
P42033,train
P42034,train
P42035,train
P42036,train
P42037,train
P42038,train
P42039,train
P42040,train
P42041,train
P42042,train
P42043,train
P42044,train
P42045,test
P42046,train
P42047,train
P42048,train
P42049,train
P42050,train
P42051,validation
P42052,test
P42053,train
P42054,train
P42055,validation
P42056,train
P42057,train
P42058,test
P42059,validation
P42060,train
P42061,train
P42062,train
P42063,train
P42064,train
P42065,train
P42066,test
P42067,train
P42068,train
P42069,train
P42070,train
P42071,test
P42072,train
P42073,validation
P42074,train
P42075,validation
P42076,train
P42077,train
P42078,train
P42079,train
P42080,train
P42081,train
P42082,test
P42083,train
P42084,test
P42085,train
P42086,train
P42087,train
P42088,train
P42089,train
P42090,validation
P42091,train
P42092,train
P42093,train
P42094,train
P42095,train
P42096,validation
P42097,train
P42098,test
P42099,train
P42100,train
P42101,validation
P42102,train
P42103,train
P42104,train
P42105,train
P42106,train
P42107,train
P42108,test
P42109,validation
P42110,train
P42111,train
P42112,test
P42113,train
P42114,train
P42115,train
P42116,train
P42117,train
P42118,train
P42119,train
P42120,train
P42121,train
P42122,train
P42123,train
P42124,train
P42125,test
P42126,train
P42127,train
P42128,train
P42129,validation
P42130,train
P42131,train
P42132,train
P42133,train
P42134,train
P42135,train
P42136,train
P42137,train
P42138,train
P42139,train
P42140,train
P42141,train
P42142,validation
P42143,train
P42144,train
P42145,train
P42146,train
P42147,validation
P42148,train
P42149,test
P42150,train
P42151,train
P42152,train
P42153,test
P42154,train
P42155,test
P42156,train
P42157,test
P42158,train
P42159,train
P42160,train
P42161,test
P42162,train
P42163,train
P42164,train
P42165,train
P42166,validation
P42167,validation
P42168,train
P42169,validation
P42170,validation
P42171,train
P42172,train
P42173,train
P42174,test
P42175,train
P42176,train
P42177,test
P42178,train
P42179,train
P42180,train
P42181,train
P42182,train
P42183,train
P42184,train
P42185,validation
P42186,train
P42187,train
P42188,train
P42189,train
P42190,test
P42191,train
P42192,train
P42193,train
P42194,train
P42195,test
P42196,train
P42197,train
P42198,train
P42199,train
P42200,test
P42201,test
P42202,train
P42203,validation
P42204,validation
P42205,train
P42206,train
P42207,train
P42208,train
P42209,train
P42210,train
P42211,test
P42212,train
P42213,validation
P42214,train
P42215,validation
P42216,test
P42217,train
P42218,train
P42219,train
P42220,train
P42221,train
P42222,train
P42223,test
P42224,train
P42225,train
P42226,train
P42227,train
P42228,train
P42229,train
P42230,train
P42231,train
P42232,train
P42233,train
P42234,train
P42235,train
P42236,train
P42237,validation
P42238,train
P42239,validation
P42240,train
P42241,train
P42242,train
P42243,train
P42244,train
P42245,train
P42246,validation
P42247,train
P42248,train
P42249,validation
P42250,test
P42251,train
P42252,train
P42253,train
P42254,train
P42255,test
P42256,train
P42257,train
P42258,train
P42259,validation
P42260,validation
P42261,train
P42262,train
P42263,train
P42264,train
P42265,test
P42266,test
P42267,train
P42268,train
P42269,train
P42270,train
P42271,train
P42272,test
P42273,train
P42274,train
P42275,test
P42276,train
P42277,validation
P42278,train
P42279,train
P42280,train
P42281,train
P42282,train
P42283,validation
P42284,validation
P42285,train
P42286,train
P42287,validation
P42288,train
P42289,test
P42290,train
P42291,train
P42292,test
P42293,train
P42294,train
P42295,train
P42296,train
P42297,validation
P42298,train
P42299,train
P42300,train
P42301,train
P42302,train
P42303,train
P42304,validation
P42305,train
P42306,train
P42307,train
P42308,train
P42309,train
P42310,train
P42311,validation
P42312,train
P42313,train
P42314,train
P42315,train
P42316,validation
P42317,test
P42318,train
P42319,train
P42320,train
P42321,validation
P42322,train
P42323,train
P42324,train
P42325,train
P42326,test
P42327,train
P42328,train
P42329,test
P42330,validation
P42331,train
P42332,validation
P42333,train
P42334,train
P42335,train
P42336,train
P42337,validation
P42338,train
P42339,train
P42340,train
P42341,train
P42342,train
P42343,train
P42344,validation
P42345,train
P42346,train
P42347,test
P42348,train
P42349,validation
P42350,train
P42351,train
P42352,train
P42353,validation
P42354,train
P42355,train
P42356,train
P42357,train
P42358,train
P42359,train
P42360,train
P42361,train
P42362,validation
P42363,train
P42364,train
P42365,train
P42366,train
P42367,train
P42368,train
P42369,train
P42370,train
P42371,train
P42372,train
P42373,train
P42374,validation
P42375,train
P42376,validation
P42377,train
P42378,train
P42379,train
P42380,train
P42381,validation
P42382,train
P42383,validation
P42384,test
P42385,train
P42386,train
P42387,train
P42388,train
P42389,train
P42390,train
P42391,test
P42392,train
P42393,train
P42394,train
P42395,train
P42396,train
P42397,train
P42398,train
P42399,train
P42400,train
P42401,train
P42402,test
P42403,train
P42404,train
P42405,validation
P42406,train
P42407,train
P42408,train
P42409,validation
P42410,train
P42411,validation
P42412,train
P42413,train
P42414,train
P42415,train
P42416,train
P42417,train
P42418,train
P42419,train
P42420,validation
P42421,train
P42422,train
P42423,validation
P42424,test
P42425,train
P42426,train
P42427,train
P42428,train
P42429,train
P42430,train
P42431,train
P42432,train
P42433,train
P42434,train
P42435,validation
P42436,train
P42437,train
P42438,train
P42439,train
P42440,train
P42441,validation
P42442,validation
P42443,train
P42444,train
P42445,train
P42446,train
P42447,train
P42448,train
P42449,train
P42450,train
P42451,train
P42452,train
P42453,train
P42454,train
P42455,train
P42456,train
P42457,train
P42458,train
P42459,test
P42460,train
P42461,test
P42462,train
P42463,train
P42464,train
P42465,test
P42466,test
P42467,validation
P42468,train
P42469,validation
P42470,train
P42471,train
P42472,train
P42473,train
P42474,train
P42475,train
P42476,train
P42477,train
P42478,train
P42479,train
P42480,train
P42481,train
P42482,train
P42483,train
P42484,train
P42485,train
P42486,test
P42487,test
P42488,train
P42489,train
P42490,train
P42491,validation
P42492,test
P42493,train
P42494,train
P42495,train
P42496,train
P42497,train
P42498,test
P42499,train
P42500,train
P42501,train
P42502,train
P42503,train
P42504,train
P42505,train
P42506,train
P42507,train
P42508,train
P42509,train
P42510,train
P42511,train
P42512,train
P42513,train
P42514,train
P42515,train
P42516,train
P42517,train
P42518,train
P42519,train
P42520,train
P42521,validation
P42522,train
P42523,train
P42524,test
P42525,validation
P42526,train
P42527,validation
P42528,train
P42529,train
P42530,train
P42531,validation
P42532,train
P42533,train
P42534,train
P42535,train
P42536,train
P42537,train
P42538,train
P42539,train
P42540,train
P42541,train
P42542,train
P42543,train
P42544,train
P42545,train
P42546,train
P42547,test
P42548,test
P42549,train
P42550,train
P42551,train
P42552,train
P42553,train
P42554,train
P42555,train
P42556,train
P42557,test
P42558,train
P42559,train
P42560,train
P42561,train
P42562,train
P42563,train
P42564,test
P42565,train
P42566,train
P42567,train
P42568,train
P42569,train
P42570,train
P42571,train
P42572,train
P42573,train
P42574,train
P42575,train
P42576,train
P42577,train
P42578,train
P42579,train
P42580,train
P42581,train
P42582,test
P42583,train
P42584,validation
P42585,train
P42586,test
P42587,train
P42588,test
P42589,validation
P42590,train
P42591,train
P42592,train
P42593,test
P42594,train
P42595,validation
P42596,train
P42597,test
P42598,validation
P42599,validation
P42600,test
P42601,test
P42602,train
P42603,train
P42604,train
P42605,train
P42606,validation
P42607,train
P42608,test
P42609,validation
P42610,train
P42611,train
P42612,train
P42613,train
P42614,train
P42615,train
P42616,train
P42617,train
P42618,train
P42619,train
P42620,train
P42621,train
P42622,train
P42623,train
P42624,train
P42625,train
P42626,train
P42627,train
P42628,validation
P42629,train
P42630,train
P42631,train
P42632,train
P42633,train
P42634,train
P42635,train
P42636,train
P42637,train
P42638,train
P42639,train
P42640,train
P42641,validation
P42642,train
P42643,test
P42644,train
P42645,train
P42646,validation
P42647,test
P42648,validation
P42649,train
P42650,train
P42651,test
P42652,train
P42653,train
P42654,train
P42655,train
P42656,train
P42657,train
P42658,train
P42659,train
P42660,train
P42661,test
P42662,train
P42663,train
P42664,train
P42665,validation
P42666,validation
P42667,train
P42668,train
P42669,train
P42670,test
P42671,train
P42672,train
P42673,train
P42674,train
P42675,test
P42676,validation
P42677,train
P42678,train
P42679,train
P42680,train
P42681,train
P42682,train
P42683,train
P42684,train
P42685,train
P42686,train
P42687,test
P42688,train
P42689,train
P42690,train
P42691,train
P42692,train
P42693,train
P42694,train
P42695,train
P42696,train
P42697,train
P42698,validation
P42699,validation
P42700,train
P42701,train
P42702,validation
P42703,train
P42704,train
P42705,train
P42706,train
P42707,train
P42708,validation
P42709,train
P42710,train
P42711,train
P42712,train
P42713,train
P42714,train
P42715,train
P42716,train
P42717,train
P42718,train
P42719,train
P42720,train
P42721,train
P42722,test
P42723,test
P42724,validation
P42725,train
P42726,train
P42727,train
P42728,train
P42729,train
P42730,train
P42731,train
P42732,test
P42733,test
P42734,train
P42735,train
P42736,train
P42737,train
P42738,train
P42739,train
P42740,test
P42741,train
P42742,validation
P42743,train
P42744,train
P42745,test
P42746,train
P42747,train
P42748,train
P42749,train
P42750,validation
P42751,train
P42752,train
P42753,train
P42754,train
P42755,validation
P42756,train
P42757,train
P42758,train
P42759,train
P42760,train
P42761,train
P42762,train
P42763,train
P42764,train
P42765,train
P42766,train
P42767,train
P42768,test
P42769,train
P42770,test
P42771,train
P42772,train
P42773,train
P42774,test
P42775,train
P42776,train
P42777,train
P42778,train
P42779,train
P42780,train
P42781,train
P42782,train
P42783,validation
P42784,train
P42785,train
P42786,validation
P42787,test
P42788,train
P42789,train
P42790,validation
P42791,train
P42792,train
P42793,train
P42794,train
P42795,train
P42796,train
P42797,train
P42798,train
P42799,validation
P42800,train
P42801,train
P42802,train
P42803,train
P42804,validation
P42805,train
P42806,train
P42807,train
P42808,train
P42809,train
P42810,train
P42811,train
P42812,train
P42813,train
P42814,train
P42815,train
P42816,train
P42817,train
P42818,train
P42819,validation
P42820,train
P42821,validation
P42822,train
P42823,test
P42824,train
P42825,train
P42826,train
P42827,test
P42828,train
P42829,train
P42830,train
P42831,train
P42832,train
P42833,train
P42834,train
P42835,train
P42836,validation
P42837,train
P42838,train
P42839,test
P42840,test
P42841,train
P42842,train
P42843,train
P42844,train
P42845,validation
P42846,train
P42847,train
P42848,train
P42849,train
P42850,train
P42851,train
P42852,train
P42853,train
P42854,train
P42855,train
P42856,train
P42857,test
P42858,train
P42859,test
P42860,train
P42861,train
P42862,train
P42863,train
P42864,train
P42865,train
P42866,train
P42867,train
P42868,train
P42869,test
P42870,train
P42871,train
P42872,train
P42873,train
P42874,train
P42875,train
P42876,validation
P42877,train
P42878,validation
P42879,train
P42880,train
P42881,train
P42882,train
P42883,test
P42884,train
P42885,train
P42886,train
P42887,validation
P42888,train
P42889,train
P42890,train
P42891,train
P42892,validation
P42893,train
P42894,train
P42895,train
P42896,train
P42897,train
P42898,train
P42899,train
P42900,train
P42901,train
P42902,train
P42903,train
P42904,train
P42905,train
P42906,train
P42907,train
P42908,train
P42909,validation
P42910,test
P42911,train
P42912,train
P42913,train
P42914,train
P42915,train
P42916,train
P42917,train
P42918,validation
P42919,train
P42920,train
P42921,train
P42922,train
P42923,train
P42924,train
P42925,test
P42926,train
P42927,test
P42928,train
P42929,train
P42930,validation
P42931,test
P42932,train
P42933,train
P42934,train
P42935,test
P42936,test
P42937,train
P42938,validation
P42939,train
P42940,train
P42941,train
P42942,train
P42943,train
P42944,train
P42945,train
P42946,train
P42947,train
P42948,train
P42949,train
P42950,train
P42951,train
P42952,train
P42953,test
P42954,train
P42955,train
P42956,train
P42957,train
P42958,train
P42959,train
P42960,validation
P42961,train
P42962,validation
P42963,train
P42964,train
P42965,train
P42966,train
P42967,train
P42968,train
P42969,test
P42970,train
P42971,train
P42972,validation
P42973,train
P42974,train
P42975,train
P42976,test
P42977,validation
P42978,train
P42979,train
P42980,train
P42981,train
P42982,train
P42983,validation
P42984,train
P42985,validation
P42986,train
P42987,train
P42988,validation
P42989,train
P42990,test
P42991,train
P42992,train
P42993,train
P42994,train
P42995,train
P42996,train
P42997,train
P42998,test
P42999,train
P43000,train
P43001,train
P43002,train
P43003,train
P43004,train
P43005,train
P43006,train
P43007,train
P43008,test
P43009,train
P43010,train
P43011,train
P43012,train
P43013,train
P43014,train
P43015,train
P43016,train
P43017,validation
P43018,train
P43019,train
P43020,train
P43021,train
P43022,train
P43023,train
P43024,train
P43025,train
P43026,train
P43027,train
P43028,train
P43029,train
P43030,train
P43031,train
P43032,train
P43033,train
P43034,train
P43035,train
P43036,train
P43037,validation
P43038,train
P43039,train
P43040,train
P43041,train
P43042,train
P43043,test
P43044,train
P43045,train
P43046,test
P43047,train
P43048,train
P43049,train
P43050,train
P43051,train
P43052,train
P43053,train
P43054,train
P43055,train
P43056,train
P43057,train
P43058,train
P43059,train
P43060,train
P43061,train
P43062,train
P43063,train
P43064,train
P43065,train
P43066,validation
P43067,validation
P43068,test
P43069,train
P43070,test
P43071,train
P43072,train
P43073,train
P43074,train
P43075,train
P43076,train
P43077,train
P43078,train
P43079,validation
P43080,train
P43081,train
P43082,train
P43083,train
P43084,train
P43085,train
P43086,train
P43087,train
P43088,train
P43089,train
P43090,validation
P43091,train
P43092,train
P43093,train
P43094,train
P43095,train
P43096,train
P43097,train
P43098,validation
P43099,train
P43100,train
P43101,train
P43102,train
P43103,train
P43104,train
P43105,train
P43106,train
P43107,train
P43108,train
P43109,train
P43110,train
P43111,train
P43112,train
P43113,test
P43114,test
P43115,train
P43116,train
P43117,train
P43118,train
P43119,train
P43120,train
P43121,train
P43122,train
P43123,train
P43124,train
P43125,train
P43126,validation
P43127,train
P43128,test
P43129,train
P43130,train
P43131,validation
P43132,train
P43133,validation
P43134,train
P43135,train
P43136,train
P43137,train
P43138,train
P43139,train
P43140,train
P43141,train
P43142,train
P43143,train
P43144,train
P43145,train
P43146,train
P43147,train
P43148,train
P43149,validation
P43150,train
P43151,train
P43152,train
P43153,train
P43154,train
P43155,train
P43156,train
P43157,train
P43158,train
P43159,validation
P43160,train
P43161,validation
P43162,test
P43163,train
P43164,test
P43165,test
P43166,train
P43167,train
P43168,validation
P43169,train
P43170,train
P43171,train
P43172,validation
P43173,train
P43174,validation
P43175,train
P43176,test
P43177,train
P43178,train
P43179,train
P43180,train
P43181,train
P43182,train
P43183,train
P43184,train
P43185,train
P43186,test
P43187,train
P43188,train
P43189,train
P43190,train
P43191,validation
P43192,train
P43193,train
P43194,validation
P43195,train
P43196,train
P43197,train
P43198,train
P43199,train
P43200,train
P43201,train
P43202,train
P43203,train
P43204,train
P43205,train
P43206,train
P43207,train
P43208,test
P43209,validation
P43210,train
P43211,validation
P43212,train
P43213,test
P43214,train
P43215,train
P43216,train
P43217,train
P43218,train
P43219,test
P43220,train
P43221,validation
P43222,train
P43223,train
P43224,train
P43225,train
P43226,train
P43227,train
P43228,train
P43229,train
P43230,validation
P43231,train
P43232,validation
P43233,train
P43234,test
P43235,train
P43236,train
P43237,train
P43238,train
P43239,validation
P43240,train
P43241,train
P43242,validation
P43243,train
P43244,validation
P43245,train
P43246,validation
P43247,test
P43248,test
P43249,train
P43250,train
P43251,train
P43252,train
P43253,train
P43254,test
P43255,train
P43256,train
P43257,train
P43258,test
P43259,train
P43260,train
P43261,train
P43262,train
P43263,train
P43264,train
P43265,train
P43266,train
P43267,train
P43268,train
P43269,validation
P43270,train
P43271,train
P43272,train
P43273,train
P43274,validation
P43275,train
P43276,train
P43277,train
P43278,train
P43279,train
P43280,validation
P43281,train
P43282,train
P43283,train
P43284,validation
P43285,train
P43286,validation
P43287,train
P43288,train
P43289,train
P43290,train
P43291,train
P43292,train
P43293,train
P43294,train
P43295,test
P43296,train
P43297,validation
P43298,train
P43299,validation
P43300,train
P43301,train
P43302,train
P43303,validation
P43304,train
P43305,train
P43306,train
P43307,train
P43308,validation
P43309,train
P43310,train
P43311,train
P43312,train
P43313,train
P43314,train
P43315,train
P43316,train
P43317,validation
P43318,test
P43319,train
P43320,train
P43321,train
P43322,train
P43323,train
P43324,train
P43325,train
P43326,train
P43327,train
P43328,train
P43329,test
P43330,train
P43331,train
P43332,train
P43333,train
P43334,train
P43335,validation
P43336,train
P43337,validation
P43338,train
P43339,train
P43340,train
P43341,train
P43342,train
P43343,train
P43344,train
P43345,validation
P43346,train
P43347,train
P43348,validation
P43349,test
P43350,test
P43351,train
P43352,train
P43353,train
P43354,train
P43355,train
P43356,train
P43357,train
P43358,train
P43359,train
P43360,validation
P43361,train
P43362,train
P43363,train
P43364,validation
P43365,train
P43366,train
P43367,train
P43368,test
P43369,train
P43370,train
P43371,train
P43372,train
P43373,train
P43374,train
P43375,train
P43376,test
P43377,train
P43378,test
P43379,train
P43380,train
P43381,validation
P43382,train
P43383,train
P43384,train
P43385,train
P43386,train
P43387,train
P43388,train
P43389,train
P43390,train
P43391,train
P43392,test
P43393,train
P43394,train
P43395,test
P43396,train
P43397,train
P43398,train
P43399,train
P43400,train
P43401,train
P43402,validation
P43403,train
P43404,train
P43405,train
P43406,train
P43407,test
P43408,train
P43409,train
P43410,validation
P43411,train
P43412,train
P43413,validation
P43414,train
P43415,test
P43416,train
P43417,train
P43418,train
P43419,train
P43420,train
P43421,train
P43422,train
P43423,train
P43424,train
P43425,validation
P43426,train
P43427,test
P43428,train
P43429,validation
P43430,train
P43431,train
P43432,train
P43433,train
P43434,train
P43435,train
P43436,train
P43437,train
P43438,train
P43439,validation
P43440,train
P43441,train
P43442,train
P43443,train
P43444,train
P43445,test
P43446,train
P43447,train
P43448,train
P43449,test
P43450,train
P43451,train
P43452,train
P43453,train
P43454,test
P43455,train
P43456,train
P43457,train
P43458,train
P43459,train
P43460,train
P43461,train
P43462,train
P43463,validation
P43464,train
P43465,train
P43466,train
P43467,train
P43468,test
P43469,train
P43470,train
P43471,test
P43472,train
P43473,train
P43474,train
P43475,train
P43476,train
P43477,test
P43478,train
P43479,train
P43480,train
P43481,train
P43482,train
P43483,train
P43484,train
P43485,train
P43486,train
P43487,train
P43488,validation
P43489,train
P43490,train
P43491,test
P43492,train
P43493,train
P43494,train
P43495,train
P43496,train
P43497,train
P43498,train
P43499,train
P43500,train
P43501,test
P43502,train
P43503,train
P43504,train
P43505,validation
P43506,validation
P43507,train
P43508,train
P43509,train
P43510,train
P43511,train
P43512,train
P43513,train
P43514,train
P43515,train
P43516,validation
P43517,train
P43518,train
P43519,train
P43520,train
P43521,train
P43522,train
P43523,train
P43524,train
P43525,train
P43526,validation
P43527,train
P43528,test
P43529,train
P43530,train
P43531,train
P43532,train
P43533,train
P43534,train
P43535,train
P43536,train
P43537,train
P43538,train
P43539,train
P43540,train
P43541,train
P43542,test
P43543,train
P43544,train
P43545,train
P43546,train
P43547,train
P43548,validation
P43549,train
P43550,train
P43551,train
P43552,train
P43553,train
P43554,train
P43555,train
P43556,train
P43557,train
P43558,train
P43559,train
P43560,test
P43561,train
P43562,validation
P43563,train
P43564,test
P43565,train
P43566,train
P43567,train
P43568,test
P43569,test
P43570,train
P43571,validation
P43572,train
P43573,train
P43574,train
P43575,train
P43576,train
P43577,train
P43578,test
P43579,validation
P43580,validation
P43581,validation
P43582,train
P43583,train
P43584,train
P43585,validation
P43586,train
P43587,train
P43588,validation
P43589,train
P43590,train
P43591,train
P43592,train
P43593,test
P43594,validation
P43595,train
P43596,train
P43597,train
P43598,train
P43599,train
P43600,train
P43601,train
P43602,train
P43603,train
P43604,train
P43605,train
P43606,train
P43607,train
P43608,train
P43609,train
P43610,train
P43611,train
P43612,validation
P43613,train
P43614,train
P43615,train
P43616,validation
P43617,train
P43618,train
P43619,train
P43620,train
P43621,train
P43622,train
P43623,train
P43624,train
P43625,train
P43626,train
P43627,train
P43628,train
P43629,train
P43630,train
P43631,train
P43632,train
P43633,train
P43634,validation
P43635,train
P43636,train
P43637,train
P43638,train
P43639,train
P43640,validation
P43641,train
P43642,validation
P43643,train
P43644,train
P43645,train
P43646,test
P43647,train
P43648,train
P43649,train
P43650,train
P43651,test
P43652,train
P43653,train
P43654,train
P43655,test
P43656,test
P43657,train
P43658,train
P43659,train
P43660,train
P43661,train
P43662,train
P43663,test
P43664,train
P43665,train
P43666,train
P43667,train
P43668,train
P43669,train
P43670,train
P43671,validation
P43672,train
P43673,train
P43674,validation
P43675,train
P43676,train
P43677,validation
P43678,train
P43679,train
P43680,test
P43681,validation
P43682,train
P43683,train
P43684,train
P43685,train
P43686,train
P43687,train
P43688,train
P43689,train
P43690,train
P43691,train
P43692,validation
P43693,train
P43694,train
P43695,train
P43696,train
P43697,train
P43698,train
P43699,validation
P43700,train
